order,id,date,time,title,url,visitCount,typedCount,transition
0,1,2025-01-01,08:52:24,Google Scholar: Deep Learning Transformers,https://scholar.google.com/scholar?q=deep+learning+transformers,5,0,link
1,2,2025-01-01,08:49:49,Artificial Intelligence - Journal - Elsevier,https://www.journals.elsevier.com/artificial-intelligence,4,0,link
2,3,2025-01-01,08:49:31,Google Scholar: Deep Learning Transformers,https://scholar.google.com/scholar?q=deep+learning+transformers,3,0,generated
3,4,2025-01-01,08:44:02,Organic Chemistry Textbooks - Amazon,https://www.amazon.com/textbooks/s?k=organic+chemistry,5,0,link
4,5,2025-01-01,08:45:26,Organic Chemistry Textbooks - Amazon,https://www.amazon.com/textbooks/s?k=organic+chemistry,1,0,generated
5,6,2025-01-01,08:41:14,The Historical Development of Quantum Theory | JSTOR,https://www.jstor.org/stable/j.ctt7st2s,5,0,link
6,7,2025-01-01,08:39:11,Multivariable Calculus | Khan Academy,https://www.khanacademy.org/math/calculus-3/multivariable-derivatives,4,0,link
7,8,2025-01-01,08:40:19,Gmail: Inbox,https://mail.google.com/mail/u/0/#inbox,5,0,link
8,9,2025-01-01,08:36:43,Organic Chemistry Textbooks - Amazon,https://www.amazon.com/textbooks/s?k=organic+chemistry,3,0,link
9,10,2025-01-01,08:33:12,Algorithms Specialization - Coursera,https://www.coursera.org/learn/algorithms,2,0,typed
10,11,2025-01-01,08:31:42,Introduction to Python Programming | edX,https://www.edx.org/course/introduction-to-python,2,0,link
11,12,2025-01-01,08:27:02,Introduction to Python Programming | edX,https://www.edx.org/course/introduction-to-python,3,0,generated
12,13,2025-01-01,08:25:18,Multivariable Calculus | Khan Academy,https://www.khanacademy.org/math/calculus-3/multivariable-derivatives,2,0,form_submit
13,14,2025-01-01,08:26:13,Multivariable Calculus | Khan Academy,https://www.khanacademy.org/math/calculus-3/multivariable-derivatives,1,0,generated
14,15,2025-01-01,08:27:26,Academic Programs - Harvard School of Engineering,https://www.harvard.edu/academics/computer-science/,5,0,link
15,16,2025-01-01,08:28:49,Academic Programs - Harvard School of Engineering,https://www.harvard.edu/academics/computer-science/,4,0,link
16,17,2025-01-01,08:25:33,MIT Computer Science and Artificial Intelligence Laboratory (CSAIL),https://www.mit.edu/research/robotics/,5,0,link
17,18,2025-01-01,08:16:32,X (Twitter): Home,https://twitter.com/home,2,0,form_submit
18,19,2025-01-01,08:21:39,Multivariable Calculus | Khan Academy,https://www.khanacademy.org/math/calculus-3/multivariable-derivatives,4,0,link
19,20,2025-01-01,08:20:41,CNN Breaking News and Video,https://www.cnn.com/,5,0,link
20,21,2025-01-01,08:10:43,The Historical Development of Quantum Theory | JSTOR,https://www.jstor.org/stable/j.ctt7st2s,1,0,reload
21,22,2025-01-01,08:07:08,Amazon.com: Online Shopping,https://www.amazon.com/,4,0,link
22,23,2025-01-01,08:11:53,The Weather Channel - Weather.com,https://www.weather.com/,1,0,link
23,24,2025-01-01,08:08:59,Call for Papers AI Ethics 2025,https://www.google.com/search?q=call+for+papers+ai+2025,1,0,link
24,25,2025-01-01,08:04:27,The Historical Development of Quantum Theory | JSTOR,https://www.jstor.org/stable/j.ctt7st2s,3,0,typed
25,26,2025-01-01,08:03:29,Academic Programs - Harvard School of Engineering,https://www.harvard.edu/academics/computer-science/,1,0,link
26,27,2025-01-01,07:58:18,Artificial Intelligence - Journal - Elsevier,https://www.journals.elsevier.com/artificial-intelligence,5,0,typed
27,28,2025-01-01,07:55:25,Organic Chemistry Textbooks - Amazon,https://www.amazon.com/textbooks/s?k=organic+chemistry,3,0,link
28,29,2025-01-01,07:56:50,Multivariable Calculus | Khan Academy,https://www.khanacademy.org/math/calculus-3/multivariable-derivatives,4,0,form_submit
29,30,2025-01-01,07:59:31,Call for Papers AI Ethics 2025,https://www.google.com/search?q=call+for+papers+ai+2025,3,0,generated
30,31,2025-01-01,07:55:23,CNN Breaking News and Video,https://www.cnn.com/,2,0,form_submit
31,32,2025-01-01,07:55:44,Introduction to Python Programming | edX,https://www.edx.org/course/introduction-to-python,1,0,link
32,33,2025-01-01,07:46:37,Introduction to Python Programming | edX,https://www.edx.org/course/introduction-to-python,3,0,link
33,34,2025-01-01,07:47:07,Call for Papers AI Ethics 2025,https://www.google.com/search?q=call+for+papers+ai+2025,2,0,link
34,35,2025-01-01,07:46:29,Amazon.com: Online Shopping,https://www.amazon.com/,4,0,generated
35,36,2025-01-01,07:44:20,MIT Computer Science and Artificial Intelligence Laboratory (CSAIL),https://www.mit.edu/research/robotics/,4,0,typed
36,37,2025-01-01,07:44:49,Artificial Intelligence - Journal - Elsevier,https://www.journals.elsevier.com/artificial-intelligence,4,0,generated
37,38,2025-01-01,07:43:54,Introduction to Python Programming | edX,https://www.edx.org/course/introduction-to-python,1,0,reload
38,39,2025-01-01,07:36:42,CNN Breaking News and Video,https://www.cnn.com/,3,0,link
39,40,2025-01-01,07:40:40,X (Twitter): Home,https://twitter.com/home,4,0,link
40,41,2025-01-01,07:38:18,Google Scholar: Deep Learning Transformers,https://scholar.google.com/scholar?q=deep+learning+transformers,1,0,link
41,42,2025-01-01,07:30:20,Gmail: Inbox,https://mail.google.com/mail/u/0/#inbox,2,0,link
42,43,2025-01-01,07:26:17,Google Scholar: Deep Learning Transformers,https://scholar.google.com/scholar?q=deep+learning+transformers,1,0,link
43,44,2025-01-01,07:31:10,MIT Computer Science and Artificial Intelligence Laboratory (CSAIL),https://www.mit.edu/research/robotics/,2,0,link
44,45,2025-01-01,07:25:36,Multivariable Calculus | Khan Academy,https://www.khanacademy.org/math/calculus-3/multivariable-derivatives,1,0,link
45,46,2025-01-01,07:21:47,Algorithms Specialization - Coursera,https://www.coursera.org/learn/algorithms,5,0,link
46,47,2025-01-01,07:22:45,MIT Computer Science and Artificial Intelligence Laboratory (CSAIL),https://www.mit.edu/research/robotics/,3,0,link
47,48,2025-01-01,07:15:48,Introduction to Python Programming | edX,https://www.edx.org/course/introduction-to-python,5,0,link
48,49,2025-01-01,07:22:47,The Weather Channel - Weather.com,https://www.weather.com/,1,0,link
49,50,2025-01-01,07:14:51,Artificial Intelligence - Journal - Elsevier,https://www.journals.elsevier.com/artificial-intelligence,3,0,link
50,51,2025-01-01,07:14:08,Google Scholar: Deep Learning Transformers,https://scholar.google.com/scholar?q=deep+learning+transformers,4,0,link
51,52,2025-01-01,07:08:10,ResearchGate - AI Ethics in Healthcare,https://www.researchgate.net/project/AI-ethics-in-healthcare,4,0,link
52,53,2025-01-01,07:09:09,Gmail: Inbox,https://mail.google.com/mail/u/0/#inbox,3,0,link
53,54,2025-01-01,07:12:53,Introduction to Python Programming | edX,https://www.edx.org/course/introduction-to-python,4,0,generated
54,55,2025-01-01,07:02:59,MIT Computer Science and Artificial Intelligence Laboratory (CSAIL),https://www.mit.edu/research/robotics/,4,0,link
55,56,2025-01-01,07:08:53,Introduction to Python Programming | edX,https://www.edx.org/course/introduction-to-python,5,0,link
56,57,2025-01-01,07:04:08,Call for Papers AI Ethics 2025,https://www.google.com/search?q=call+for+papers+ai+2025,3,0,typed
57,58,2025-01-01,06:56:20,Call for Papers AI Ethics 2025,https://www.google.com/search?q=call+for+papers+ai+2025,5,0,link
58,59,2025-01-01,06:56:29,Amazon.com: Online Shopping,https://www.amazon.com/,4,0,typed
59,60,2025-01-01,07:00:31,Algorithms Specialization - Coursera,https://www.coursera.org/learn/algorithms,2,0,link
60,61,2025-01-01,06:57:54,Multivariable Calculus | Khan Academy,https://www.khanacademy.org/math/calculus-3/multivariable-derivatives,4,0,typed
61,62,2025-01-01,06:55:02,Algorithms Specialization - Coursera,https://www.coursera.org/learn/algorithms,5,0,link
62,63,2025-01-01,06:53:33,Artificial Intelligence - Journal - Elsevier,https://www.journals.elsevier.com/artificial-intelligence,3,0,link
63,64,2025-01-01,06:51:45,Multivariable Calculus | Khan Academy,https://www.khanacademy.org/math/calculus-3/multivariable-derivatives,3,0,link
64,65,2025-01-01,06:42:11,X (Twitter): Home,https://twitter.com/home,5,0,link
65,66,2025-01-01,06:42:32,Multivariable Calculus | Khan Academy,https://www.khanacademy.org/math/calculus-3/multivariable-derivatives,5,0,generated
66,67,2025-01-01,06:44:34,MIT Computer Science and Artificial Intelligence Laboratory (CSAIL),https://www.mit.edu/research/robotics/,3,0,form_submit
67,68,2025-01-01,06:39:21,Artificial Intelligence - Journal - Elsevier,https://www.journals.elsevier.com/artificial-intelligence,1,0,link
68,69,2025-01-01,06:37:26,CNN Breaking News and Video,https://www.cnn.com/,1,0,typed
69,70,2025-01-01,06:35:48,Gmail: Inbox,https://mail.google.com/mail/u/0/#inbox,5,0,link
70,71,2025-01-01,06:29:32,Gmail: Inbox,https://mail.google.com/mail/u/0/#inbox,5,0,typed
71,72,2025-01-01,06:27:44,Introduction to Python Programming | edX,https://www.edx.org/course/introduction-to-python,1,0,generated
72,73,2025-01-01,06:33:31,Artificial Intelligence - Journal - Elsevier,https://www.journals.elsevier.com/artificial-intelligence,1,0,link
73,74,2025-01-01,06:24:58,ResearchGate - AI Ethics in Healthcare,https://www.researchgate.net/project/AI-ethics-in-healthcare,5,0,link
74,75,2025-01-01,06:26:16,Organic Chemistry Textbooks - Amazon,https://www.amazon.com/textbooks/s?k=organic+chemistry,4,0,form_submit
75,76,2025-01-01,06:27:33,Artificial Intelligence - Journal - Elsevier,https://www.journals.elsevier.com/artificial-intelligence,3,0,link
76,77,2025-01-01,06:23:49,Academic Programs - Harvard School of Engineering,https://www.harvard.edu/academics/computer-science/,2,0,link
77,78,2025-01-01,06:16:02,Organic Chemistry Textbooks - Amazon,https://www.amazon.com/textbooks/s?k=organic+chemistry,3,0,typed
78,79,2025-01-01,06:15:16,Amazon.com: Online Shopping,https://www.amazon.com/,1,0,link
79,80,2025-01-01,06:15:09,Introduction to Python Programming | edX,https://www.edx.org/course/introduction-to-python,3,0,typed
80,81,2025-01-01,06:09:44,Algorithms Specialization - Coursera,https://www.coursera.org/learn/algorithms,5,0,link
81,82,2025-01-01,06:13:35,ResearchGate - AI Ethics in Healthcare,https://www.researchgate.net/project/AI-ethics-in-healthcare,5,0,link
82,83,2025-01-01,06:05:18,CNN Breaking News and Video,https://www.cnn.com/,3,0,link
83,84,2025-01-01,06:06:40,Call for Papers AI Ethics 2025,https://www.google.com/search?q=call+for+papers+ai+2025,1,0,link
84,85,2025-01-01,06:05:01,Amazon.com: Online Shopping,https://www.amazon.com/,2,0,reload
85,86,2025-01-01,06:03:36,Call for Papers AI Ethics 2025,https://www.google.com/search?q=call+for+papers+ai+2025,1,0,link
86,87,2025-01-01,06:01:09,Amazon.com: Online Shopping,https://www.amazon.com/,3,0,link
87,88,2025-01-01,06:04:43,Google Scholar: Deep Learning Transformers,https://scholar.google.com/scholar?q=deep+learning+transformers,3,0,link
88,89,2025-01-01,05:58:09,Call for Papers AI Ethics 2025,https://www.google.com/search?q=call+for+papers+ai+2025,2,0,link
89,90,2025-01-01,05:54:07,X (Twitter): Home,https://twitter.com/home,1,0,link
90,91,2025-01-01,05:50:45,CNN Breaking News and Video,https://www.cnn.com/,5,0,generated
91,92,2025-01-01,05:52:18,The Weather Channel - Weather.com,https://www.weather.com/,3,0,link
92,93,2025-01-01,05:45:18,Organic Chemistry Textbooks - Amazon,https://www.amazon.com/textbooks/s?k=organic+chemistry,5,0,typed
93,94,2025-01-01,05:50:53,ResearchGate - AI Ethics in Healthcare,https://www.researchgate.net/project/AI-ethics-in-healthcare,3,0,link
94,95,2025-01-01,05:46:13,MIT Computer Science and Artificial Intelligence Laboratory (CSAIL),https://www.mit.edu/research/robotics/,4,0,link
95,96,2025-01-01,05:42:01,ResearchGate - AI Ethics in Healthcare,https://www.researchgate.net/project/AI-ethics-in-healthcare,2,0,generated
96,97,2025-01-01,05:44:13,Gmail: Inbox,https://mail.google.com/mail/u/0/#inbox,2,0,link
97,98,2025-01-01,05:41:36,The Weather Channel - Weather.com,https://www.weather.com/,2,0,link
98,99,2025-01-01,05:33:37,X (Twitter): Home,https://twitter.com/home,1,0,link
99,100,2025-01-01,05:33:30,Introduction to Python Programming | edX,https://www.edx.org/course/introduction-to-python,3,0,generated
100,101,2025-01-01,05:37:53,Organic Chemistry Textbooks - Amazon,https://www.amazon.com/textbooks/s?k=organic+chemistry,3,0,link
101,102,2025-01-01,05:29:42,CNN Breaking News and Video,https://www.cnn.com/,5,0,generated
102,103,2025-01-01,05:29:02,Amazon.com: Online Shopping,https://www.amazon.com/,5,0,link
103,104,2025-01-01,05:25:31,Academic Programs - Harvard School of Engineering,https://www.harvard.edu/academics/computer-science/,1,0,link
104,105,2025-01-01,05:26:06,MIT Computer Science and Artificial Intelligence Laboratory (CSAIL),https://www.mit.edu/research/robotics/,1,0,link
105,106,2025-01-01,05:22:12,CNN Breaking News and Video,https://www.cnn.com/,3,0,link
106,107,2025-01-01,05:23:25,Organic Chemistry Textbooks - Amazon,https://www.amazon.com/textbooks/s?k=organic+chemistry,5,0,typed
107,108,2025-01-01,05:23:29,Amazon.com: Online Shopping,https://www.amazon.com/,4,0,link
108,109,2025-01-01,05:18:51,MIT Computer Science and Artificial Intelligence Laboratory (CSAIL),https://www.mit.edu/research/robotics/,3,0,link
109,110,2025-01-01,05:14:33,Call for Papers AI Ethics 2025,https://www.google.com/search?q=call+for+papers+ai+2025,3,0,link
110,111,2025-01-01,05:12:01,The Weather Channel - Weather.com,https://www.weather.com/,2,0,typed
111,112,2025-01-01,05:15:39,Artificial Intelligence - Journal - Elsevier,https://www.journals.elsevier.com/artificial-intelligence,3,0,link
112,113,2025-01-01,05:14:16,Multivariable Calculus | Khan Academy,https://www.khanacademy.org/math/calculus-3/multivariable-derivatives,2,0,link
113,114,2025-01-01,05:06:41,CNN Breaking News and Video,https://www.cnn.com/,2,0,link
114,115,2025-01-01,05:07:40,Multivariable Calculus | Khan Academy,https://www.khanacademy.org/math/calculus-3/multivariable-derivatives,4,0,link
115,116,2025-01-01,05:08:25,The Historical Development of Quantum Theory | JSTOR,https://www.jstor.org/stable/j.ctt7st2s,3,0,link
116,117,2025-01-01,05:01:28,Academic Programs - Harvard School of Engineering,https://www.harvard.edu/academics/computer-science/,3,0,link
117,118,2025-01-01,04:58:10,X (Twitter): Home,https://twitter.com/home,5,0,link
118,119,2025-01-01,05:00:54,Organic Chemistry Textbooks - Amazon,https://www.amazon.com/textbooks/s?k=organic+chemistry,5,0,link
119,120,2025-01-01,04:57:13,Gmail: Inbox,https://mail.google.com/mail/u/0/#inbox,3,0,link
120,121,2025-01-01,04:56:20,Academic Programs - Harvard School of Engineering,https://www.harvard.edu/academics/computer-science/,1,0,generated
121,122,2025-01-01,04:47:04,X (Twitter): Home,https://twitter.com/home,5,0,link
122,123,2025-01-01,04:50:52,Multivariable Calculus | Khan Academy,https://www.khanacademy.org/math/calculus-3/multivariable-derivatives,5,0,link
123,124,2025-01-01,04:50:34,Google Scholar: Deep Learning Transformers,https://scholar.google.com/scholar?q=deep+learning+transformers,5,0,link
124,125,2025-01-01,04:42:22,The Weather Channel - Weather.com,https://www.weather.com/,3,0,link
125,126,2025-01-01,04:48:53,Artificial Intelligence - Journal - Elsevier,https://www.journals.elsevier.com/artificial-intelligence,4,0,link
126,127,2025-01-01,04:41:28,ResearchGate - AI Ethics in Healthcare,https://www.researchgate.net/project/AI-ethics-in-healthcare,2,0,reload
127,128,2025-01-01,04:44:16,Algorithms Specialization - Coursera,https://www.coursera.org/learn/algorithms,1,0,link
128,129,2025-01-01,04:41:51,The Weather Channel - Weather.com,https://www.weather.com/,4,0,reload
129,130,2025-01-01,04:34:19,The Historical Development of Quantum Theory | JSTOR,https://www.jstor.org/stable/j.ctt7st2s,5,0,link
130,131,2025-01-01,04:38:17,The Weather Channel - Weather.com,https://www.weather.com/,4,0,link
131,132,2025-01-01,04:34:47,Artificial Intelligence - Journal - Elsevier,https://www.journals.elsevier.com/artificial-intelligence,5,0,link
132,133,2025-01-01,04:28:31,X (Twitter): Home,https://twitter.com/home,3,0,link
133,134,2025-01-01,04:24:32,Artificial Intelligence - Journal - Elsevier,https://www.journals.elsevier.com/artificial-intelligence,3,0,typed
134,135,2025-01-01,04:24:25,Google Scholar: Deep Learning Transformers,https://scholar.google.com/scholar?q=deep+learning+transformers,5,0,link
135,136,2025-01-01,04:22:05,Multivariable Calculus | Khan Academy,https://www.khanacademy.org/math/calculus-3/multivariable-derivatives,5,0,reload
136,137,2025-01-01,04:20:59,The Weather Channel - Weather.com,https://www.weather.com/,2,0,link
137,138,2025-01-01,04:23:12,Algorithms Specialization - Coursera,https://www.coursera.org/learn/algorithms,2,0,link
138,139,2025-01-01,04:17:20,The Weather Channel - Weather.com,https://www.weather.com/,3,0,link
139,140,2025-01-01,04:15:20,Gmail: Inbox,https://mail.google.com/mail/u/0/#inbox,4,0,link
140,141,2025-01-01,04:09:10,Academic Programs - Harvard School of Engineering,https://www.harvard.edu/academics/computer-science/,3,0,link
141,142,2025-01-01,04:12:14,The Historical Development of Quantum Theory | JSTOR,https://www.jstor.org/stable/j.ctt7st2s,2,0,link
142,143,2025-01-01,04:10:43,ResearchGate - AI Ethics in Healthcare,https://www.researchgate.net/project/AI-ethics-in-healthcare,1,0,link
143,144,2025-01-01,04:09:13,X (Twitter): Home,https://twitter.com/home,5,0,typed
144,145,2025-01-01,04:01:42,The Historical Development of Quantum Theory | JSTOR,https://www.jstor.org/stable/j.ctt7st2s,1,0,link
145,146,2025-01-01,04:00:54,ResearchGate - AI Ethics in Healthcare,https://www.researchgate.net/project/AI-ethics-in-healthcare,5,0,typed
146,147,2025-01-01,04:00:05,The Historical Development of Quantum Theory | JSTOR,https://www.jstor.org/stable/j.ctt7st2s,5,0,link
147,148,2025-01-01,03:57:57,Introduction to Python Programming | edX,https://www.edx.org/course/introduction-to-python,4,0,link
148,149,2025-01-01,03:54:09,ResearchGate - AI Ethics in Healthcare,https://www.researchgate.net/project/AI-ethics-in-healthcare,5,0,typed
149,150,2025-01-01,03:59:50,Gmail: Inbox,https://mail.google.com/mail/u/0/#inbox,2,0,typed
150,151,2025-01-01,03:51:50,The Historical Development of Quantum Theory | JSTOR,https://www.jstor.org/stable/j.ctt7st2s,2,0,generated
151,152,2025-01-01,03:47:57,Organic Chemistry Textbooks - Amazon,https://www.amazon.com/textbooks/s?k=organic+chemistry,1,0,link
152,153,2025-01-01,03:47:31,Academic Programs - Harvard School of Engineering,https://www.harvard.edu/academics/computer-science/,1,0,link
153,154,2025-01-01,03:46:52,Amazon.com: Online Shopping,https://www.amazon.com/,1,0,link
154,155,2025-01-01,03:43:04,Multivariable Calculus | Khan Academy,https://www.khanacademy.org/math/calculus-3/multivariable-derivatives,5,0,link
155,156,2025-01-01,03:42:02,Academic Programs - Harvard School of Engineering,https://www.harvard.edu/academics/computer-science/,4,0,generated
156,157,2025-01-01,03:40:31,Google Scholar: Deep Learning Transformers,https://scholar.google.com/scholar?q=deep+learning+transformers,3,0,link
157,158,2025-01-01,03:40:42,Amazon.com: Online Shopping,https://www.amazon.com/,4,0,link
158,159,2025-01-01,03:35:54,Google Scholar: Deep Learning Transformers,https://scholar.google.com/scholar?q=deep+learning+transformers,1,0,link
159,160,2025-01-01,03:33:47,ResearchGate - AI Ethics in Healthcare,https://www.researchgate.net/project/AI-ethics-in-healthcare,5,0,link
160,161,2025-01-01,03:38:01,MIT Computer Science and Artificial Intelligence Laboratory (CSAIL),https://www.mit.edu/research/robotics/,1,0,link
161,162,2025-01-01,03:31:54,Algorithms Specialization - Coursera,https://www.coursera.org/learn/algorithms,3,0,link
162,163,2025-01-01,03:26:06,X (Twitter): Home,https://twitter.com/home,3,0,typed
163,164,2025-01-01,03:28:21,MIT Computer Science and Artificial Intelligence Laboratory (CSAIL),https://www.mit.edu/research/robotics/,3,0,form_submit
164,165,2025-01-01,03:26:53,X (Twitter): Home,https://twitter.com/home,5,0,generated
165,166,2025-01-01,03:23:16,X (Twitter): Home,https://twitter.com/home,4,0,link
166,167,2025-01-01,03:21:14,The Weather Channel - Weather.com,https://www.weather.com/,5,0,link
167,168,2025-01-01,03:21:36,Artificial Intelligence - Journal - Elsevier,https://www.journals.elsevier.com/artificial-intelligence,5,0,link
168,169,2025-01-01,03:22:15,ResearchGate - AI Ethics in Healthcare,https://www.researchgate.net/project/AI-ethics-in-healthcare,1,0,link
169,170,2025-01-01,03:20:37,Introduction to Python Programming | edX,https://www.edx.org/course/introduction-to-python,2,0,link
170,171,2025-01-01,03:18:57,Call for Papers AI Ethics 2025,https://www.google.com/search?q=call+for+papers+ai+2025,4,0,link
171,172,2025-01-01,03:13:43,Gmail: Inbox,https://mail.google.com/mail/u/0/#inbox,1,0,link
172,173,2025-01-01,03:12:44,Academic Programs - Harvard School of Engineering,https://www.harvard.edu/academics/computer-science/,5,0,typed
173,174,2025-01-01,03:08:49,MIT Computer Science and Artificial Intelligence Laboratory (CSAIL),https://www.mit.edu/research/robotics/,5,0,link
174,175,2025-01-01,03:08:04,ResearchGate - AI Ethics in Healthcare,https://www.researchgate.net/project/AI-ethics-in-healthcare,1,0,link
175,176,2025-01-01,03:02:51,Introduction to Python Programming | edX,https://www.edx.org/course/introduction-to-python,5,0,link
176,177,2025-01-01,03:02:43,ResearchGate - AI Ethics in Healthcare,https://www.researchgate.net/project/AI-ethics-in-healthcare,1,0,link
177,178,2025-01-01,03:04:24,Gmail: Inbox,https://mail.google.com/mail/u/0/#inbox,4,0,link
178,179,2025-01-01,03:02:00,Organic Chemistry Textbooks - Amazon,https://www.amazon.com/textbooks/s?k=organic+chemistry,2,0,link
179,180,2025-01-01,02:59:58,Multivariable Calculus | Khan Academy,https://www.khanacademy.org/math/calculus-3/multivariable-derivatives,4,0,typed
180,181,2025-01-01,02:50:58,Multivariable Calculus | Khan Academy,https://www.khanacademy.org/math/calculus-3/multivariable-derivatives,2,0,link
181,182,2025-01-01,02:47:26,ResearchGate - AI Ethics in Healthcare,https://www.researchgate.net/project/AI-ethics-in-healthcare,3,0,link
182,183,2025-01-01,02:46:30,Artificial Intelligence - Journal - Elsevier,https://www.journals.elsevier.com/artificial-intelligence,1,0,link
183,184,2025-01-01,02:51:01,The Weather Channel - Weather.com,https://www.weather.com/,2,0,link
184,185,2025-01-01,02:42:37,Call for Papers AI Ethics 2025,https://www.google.com/search?q=call+for+papers+ai+2025,1,0,link
185,186,2025-01-01,02:41:01,Academic Programs - Harvard School of Engineering,https://www.harvard.edu/academics/computer-science/,2,0,link
186,187,2025-01-01,02:37:11,Google Scholar: Deep Learning Transformers,https://scholar.google.com/scholar?q=deep+learning+transformers,4,0,link
187,188,2025-01-01,02:42:57,Gmail: Inbox,https://mail.google.com/mail/u/0/#inbox,1,0,link
188,189,2025-01-01,02:40:50,Google Scholar: Deep Learning Transformers,https://scholar.google.com/scholar?q=deep+learning+transformers,3,0,link
189,190,2025-01-01,02:34:36,The Weather Channel - Weather.com,https://www.weather.com/,1,0,link
190,191,2025-01-01,02:33:51,X (Twitter): Home,https://twitter.com/home,5,0,link
191,192,2025-01-01,02:31:33,Multivariable Calculus | Khan Academy,https://www.khanacademy.org/math/calculus-3/multivariable-derivatives,1,0,link
192,193,2025-01-01,02:30:18,Amazon.com: Online Shopping,https://www.amazon.com/,3,0,link
193,194,2025-01-01,02:28:14,Google Scholar: Deep Learning Transformers,https://scholar.google.com/scholar?q=deep+learning+transformers,5,0,typed
194,195,2025-01-01,02:30:31,Multivariable Calculus | Khan Academy,https://www.khanacademy.org/math/calculus-3/multivariable-derivatives,2,0,link
195,196,2025-01-01,02:25:14,Amazon.com: Online Shopping,https://www.amazon.com/,2,0,link
196,197,2025-01-01,02:24:18,Introduction to Python Programming | edX,https://www.edx.org/course/introduction-to-python,1,0,link
197,198,2025-01-01,02:23:35,Artificial Intelligence - Journal - Elsevier,https://www.journals.elsevier.com/artificial-intelligence,2,0,link
198,199,2025-01-01,02:17:19,X (Twitter): Home,https://twitter.com/home,3,0,link
199,200,2025-01-01,02:20:09,ResearchGate - AI Ethics in Healthcare,https://www.researchgate.net/project/AI-ethics-in-healthcare,3,0,link
200,201,2025-01-01,02:10:46,The Weather Channel - Weather.com,https://www.weather.com/,1,0,link
201,202,2025-01-01,02:07:04,The Weather Channel - Weather.com,https://www.weather.com/,3,0,generated
202,203,2025-01-01,02:05:29,Introduction to Python Programming | edX,https://www.edx.org/course/introduction-to-python,4,0,typed
203,204,2025-01-01,02:03:29,Introduction to Python Programming | edX,https://www.edx.org/course/introduction-to-python,3,0,link
204,205,2025-01-01,02:07:01,Academic Programs - Harvard School of Engineering,https://www.harvard.edu/academics/computer-science/,3,0,link
205,206,2025-01-01,02:03:41,ResearchGate - AI Ethics in Healthcare,https://www.researchgate.net/project/AI-ethics-in-healthcare,3,0,link
206,207,2025-01-01,01:57:16,Algorithms Specialization - Coursera,https://www.coursera.org/learn/algorithms,3,0,link
207,208,2025-01-01,02:01:30,Amazon.com: Online Shopping,https://www.amazon.com/,1,0,link
208,209,2025-01-01,01:55:03,Artificial Intelligence - Journal - Elsevier,https://www.journals.elsevier.com/artificial-intelligence,2,0,link
209,210,2025-01-01,02:00:27,Academic Programs - Harvard School of Engineering,https://www.harvard.edu/academics/computer-science/,1,0,link
210,211,2025-01-01,01:55:03,Gmail: Inbox,https://mail.google.com/mail/u/0/#inbox,1,0,link
211,212,2025-01-01,01:55:50,X (Twitter): Home,https://twitter.com/home,3,0,generated
212,213,2025-01-01,01:51:57,Amazon.com: Online Shopping,https://www.amazon.com/,5,0,link
213,214,2025-01-01,01:50:28,CNN Breaking News and Video,https://www.cnn.com/,4,0,link
214,215,2025-01-01,01:42:14,CNN Breaking News and Video,https://www.cnn.com/,1,0,link
215,216,2025-01-01,01:45:26,ResearchGate - AI Ethics in Healthcare,https://www.researchgate.net/project/AI-ethics-in-healthcare,3,0,link
216,217,2025-01-01,01:41:17,Algorithms Specialization - Coursera,https://www.coursera.org/learn/algorithms,1,0,link
217,218,2025-01-01,01:40:18,Google Scholar: Deep Learning Transformers,https://scholar.google.com/scholar?q=deep+learning+transformers,4,0,link
218,219,2025-01-01,01:41:13,The Historical Development of Quantum Theory | JSTOR,https://www.jstor.org/stable/j.ctt7st2s,1,0,link
219,220,2025-01-01,01:38:40,The Historical Development of Quantum Theory | JSTOR,https://www.jstor.org/stable/j.ctt7st2s,1,0,link
220,221,2025-01-01,01:35:38,X (Twitter): Home,https://twitter.com/home,1,0,link
221,222,2025-01-01,01:36:24,Algorithms Specialization - Coursera,https://www.coursera.org/learn/algorithms,3,0,link
222,223,2025-01-01,01:27:08,The Historical Development of Quantum Theory | JSTOR,https://www.jstor.org/stable/j.ctt7st2s,4,0,link
223,224,2025-01-01,01:31:37,Algorithms Specialization - Coursera,https://www.coursera.org/learn/algorithms,3,0,link
224,225,2025-01-01,01:21:27,CNN Breaking News and Video,https://www.cnn.com/,5,0,typed
225,226,2025-01-01,01:24:42,ResearchGate - AI Ethics in Healthcare,https://www.researchgate.net/project/AI-ethics-in-healthcare,5,0,link
226,227,2025-01-01,01:22:55,Introduction to Python Programming | edX,https://www.edx.org/course/introduction-to-python,2,0,link
227,228,2025-01-01,01:15:07,Google Scholar: Deep Learning Transformers,https://scholar.google.com/scholar?q=deep+learning+transformers,4,0,link
228,229,2025-01-01,01:17:02,Call for Papers AI Ethics 2025,https://www.google.com/search?q=call+for+papers+ai+2025,2,0,link
229,230,2025-01-01,01:19:10,Artificial Intelligence - Journal - Elsevier,https://www.journals.elsevier.com/artificial-intelligence,3,0,link
230,231,2025-01-01,01:16:39,Organic Chemistry Textbooks - Amazon,https://www.amazon.com/textbooks/s?k=organic+chemistry,2,0,link
231,232,2025-01-01,01:13:01,Artificial Intelligence - Journal - Elsevier,https://www.journals.elsevier.com/artificial-intelligence,1,0,link
232,233,2025-01-01,01:08:23,Artificial Intelligence - Journal - Elsevier,https://www.journals.elsevier.com/artificial-intelligence,1,0,link
233,234,2025-01-01,01:11:39,ResearchGate - AI Ethics in Healthcare,https://www.researchgate.net/project/AI-ethics-in-healthcare,5,0,link
234,235,2025-01-01,01:04:03,Academic Programs - Harvard School of Engineering,https://www.harvard.edu/academics/computer-science/,3,0,form_submit
235,236,2025-01-01,01:04:04,MIT Computer Science and Artificial Intelligence Laboratory (CSAIL),https://www.mit.edu/research/robotics/,1,0,link
236,237,2025-01-01,01:04:24,Gmail: Inbox,https://mail.google.com/mail/u/0/#inbox,5,0,link
237,238,2025-01-01,00:56:47,The Historical Development of Quantum Theory | JSTOR,https://www.jstor.org/stable/j.ctt7st2s,3,0,link
238,239,2025-01-01,00:54:34,Multivariable Calculus | Khan Academy,https://www.khanacademy.org/math/calculus-3/multivariable-derivatives,3,0,link
239,240,2025-01-01,00:56:10,Multivariable Calculus | Khan Academy,https://www.khanacademy.org/math/calculus-3/multivariable-derivatives,5,0,link
240,241,2025-01-01,00:51:20,X (Twitter): Home,https://twitter.com/home,4,0,link
241,242,2025-01-01,00:53:13,Organic Chemistry Textbooks - Amazon,https://www.amazon.com/textbooks/s?k=organic+chemistry,3,0,link
242,243,2025-01-01,00:48:30,Multivariable Calculus | Khan Academy,https://www.khanacademy.org/math/calculus-3/multivariable-derivatives,1,0,form_submit
243,244,2025-01-01,00:47:04,Google Scholar: Deep Learning Transformers,https://scholar.google.com/scholar?q=deep+learning+transformers,2,0,link
244,245,2025-01-01,00:42:00,Call for Papers AI Ethics 2025,https://www.google.com/search?q=call+for+papers+ai+2025,2,0,link
245,246,2025-01-01,00:47:26,Organic Chemistry Textbooks - Amazon,https://www.amazon.com/textbooks/s?k=organic+chemistry,3,0,link
246,247,2025-01-01,00:38:53,Academic Programs - Harvard School of Engineering,https://www.harvard.edu/academics/computer-science/,1,0,generated
247,248,2025-01-01,00:38:56,The Weather Channel - Weather.com,https://www.weather.com/,3,0,link
248,249,2025-01-01,00:42:48,The Historical Development of Quantum Theory | JSTOR,https://www.jstor.org/stable/j.ctt7st2s,3,0,form_submit
249,250,2025-01-01,00:32:54,Introduction to Python Programming | edX,https://www.edx.org/course/introduction-to-python,5,0,form_submit
250,251,2025-01-01,00:37:20,X (Twitter): Home,https://twitter.com/home,5,0,link
251,252,2025-01-01,00:27:35,Introduction to Python Programming | edX,https://www.edx.org/course/introduction-to-python,2,0,link
252,253,2025-01-01,00:26:48,Organic Chemistry Textbooks - Amazon,https://www.amazon.com/textbooks/s?k=organic+chemistry,1,0,link
253,254,2025-01-01,00:26:55,Multivariable Calculus | Khan Academy,https://www.khanacademy.org/math/calculus-3/multivariable-derivatives,2,0,link
254,255,2025-01-01,00:25:55,The Weather Channel - Weather.com,https://www.weather.com/,2,0,typed
255,256,2025-01-01,00:19:35,Artificial Intelligence - Journal - Elsevier,https://www.journals.elsevier.com/artificial-intelligence,3,0,link
256,257,2025-01-01,00:26:01,Google Scholar: Deep Learning Transformers,https://scholar.google.com/scholar?q=deep+learning+transformers,2,0,link
257,258,2025-01-01,00:24:48,Multivariable Calculus | Khan Academy,https://www.khanacademy.org/math/calculus-3/multivariable-derivatives,3,0,link
258,259,2025-01-01,00:15:05,Artificial Intelligence - Journal - Elsevier,https://www.journals.elsevier.com/artificial-intelligence,4,0,link
259,260,2025-01-01,00:20:42,The Weather Channel - Weather.com,https://www.weather.com/,4,0,link
260,261,2025-01-01,00:09:32,Gmail: Inbox,https://mail.google.com/mail/u/0/#inbox,1,0,link
261,262,2025-01-01,00:12:42,Multivariable Calculus | Khan Academy,https://www.khanacademy.org/math/calculus-3/multivariable-derivatives,2,0,generated
262,263,2025-01-01,00:06:17,Organic Chemistry Textbooks - Amazon,https://www.amazon.com/textbooks/s?k=organic+chemistry,5,0,link
263,264,2025-01-01,00:10:21,Multivariable Calculus | Khan Academy,https://www.khanacademy.org/math/calculus-3/multivariable-derivatives,5,0,generated
264,265,2025-01-01,00:05:39,Call for Papers AI Ethics 2025,https://www.google.com/search?q=call+for+papers+ai+2025,2,0,link
265,266,2025-01-01,00:04:06,Call for Papers AI Ethics 2025,https://www.google.com/search?q=call+for+papers+ai+2025,3,0,link
266,267,2024-12-31,23:57:14,The Historical Development of Quantum Theory | JSTOR,https://www.jstor.org/stable/j.ctt7st2s,5,0,link
267,268,2025-01-01,00:03:51,Algorithms Specialization - Coursera,https://www.coursera.org/learn/algorithms,4,0,link
268,269,2024-12-31,23:54:07,Algorithms Specialization - Coursera,https://www.coursera.org/learn/algorithms,1,0,link
269,270,2024-12-31,23:51:25,Gmail: Inbox,https://mail.google.com/mail/u/0/#inbox,5,0,link
270,271,2024-12-31,23:57:03,The Historical Development of Quantum Theory | JSTOR,https://www.jstor.org/stable/j.ctt7st2s,4,0,typed
271,272,2024-12-31,23:51:31,MIT Computer Science and Artificial Intelligence Laboratory (CSAIL),https://www.mit.edu/research/robotics/,5,0,link
272,273,2024-12-31,23:53:51,Multivariable Calculus | Khan Academy,https://www.khanacademy.org/math/calculus-3/multivariable-derivatives,5,0,link
273,274,2024-12-31,23:45:54,Amazon.com: Online Shopping,https://www.amazon.com/,5,0,link
274,275,2024-12-31,23:44:00,Introduction to Python Programming | edX,https://www.edx.org/course/introduction-to-python,2,0,link
275,276,2024-12-31,23:43:47,Introduction to Python Programming | edX,https://www.edx.org/course/introduction-to-python,3,0,link
276,277,2024-12-31,23:40:16,MIT Computer Science and Artificial Intelligence Laboratory (CSAIL),https://www.mit.edu/research/robotics/,5,0,generated
277,278,2024-12-31,23:43:04,ResearchGate - AI Ethics in Healthcare,https://www.researchgate.net/project/AI-ethics-in-healthcare,3,0,typed
278,279,2024-12-31,23:38:44,ResearchGate - AI Ethics in Healthcare,https://www.researchgate.net/project/AI-ethics-in-healthcare,1,0,reload
279,280,2024-12-31,23:40:53,Algorithms Specialization - Coursera,https://www.coursera.org/learn/algorithms,5,0,link
280,281,2024-12-31,23:29:23,Call for Papers AI Ethics 2025,https://www.google.com/search?q=call+for+papers+ai+2025,3,0,form_submit
281,282,2024-12-31,23:32:24,The Historical Development of Quantum Theory | JSTOR,https://www.jstor.org/stable/j.ctt7st2s,4,0,link
282,283,2024-12-31,23:31:21,Multivariable Calculus | Khan Academy,https://www.khanacademy.org/math/calculus-3/multivariable-derivatives,4,0,link
283,284,2024-12-31,23:28:49,Introduction to Python Programming | edX,https://www.edx.org/course/introduction-to-python,4,0,generated
284,285,2024-12-31,23:25:46,Amazon.com: Online Shopping,https://www.amazon.com/,4,0,link
285,286,2024-12-31,23:23:10,Gmail: Inbox,https://mail.google.com/mail/u/0/#inbox,4,0,typed
286,287,2024-12-31,23:23:54,Introduction to Python Programming | edX,https://www.edx.org/course/introduction-to-python,5,0,generated
287,288,2024-12-31,23:17:16,Algorithms Specialization - Coursera,https://www.coursera.org/learn/algorithms,1,0,form_submit
288,289,2024-12-31,23:15:51,Introduction to Python Programming | edX,https://www.edx.org/course/introduction-to-python,4,0,link
289,290,2024-12-31,23:16:29,Artificial Intelligence - Journal - Elsevier,https://www.journals.elsevier.com/artificial-intelligence,4,0,link
290,291,2024-12-31,23:12:23,The Historical Development of Quantum Theory | JSTOR,https://www.jstor.org/stable/j.ctt7st2s,5,0,link
291,292,2024-12-31,23:08:58,Amazon.com: Online Shopping,https://www.amazon.com/,5,0,link
292,293,2024-12-31,23:13:23,The Historical Development of Quantum Theory | JSTOR,https://www.jstor.org/stable/j.ctt7st2s,2,0,link
293,294,2024-12-31,23:09:47,Artificial Intelligence - Journal - Elsevier,https://www.journals.elsevier.com/artificial-intelligence,2,0,link
294,295,2024-12-31,23:08:03,CNN Breaking News and Video,https://www.cnn.com/,3,0,typed
295,296,2024-12-31,22:59:29,Gmail: Inbox,https://mail.google.com/mail/u/0/#inbox,5,0,link
296,297,2024-12-31,23:05:17,Artificial Intelligence - Journal - Elsevier,https://www.journals.elsevier.com/artificial-intelligence,1,0,link
297,298,2024-12-31,22:59:03,Multivariable Calculus | Khan Academy,https://www.khanacademy.org/math/calculus-3/multivariable-derivatives,2,0,link
298,299,2024-12-31,22:57:36,Multivariable Calculus | Khan Academy,https://www.khanacademy.org/math/calculus-3/multivariable-derivatives,4,0,link
299,300,2024-12-31,22:52:20,Multivariable Calculus | Khan Academy,https://www.khanacademy.org/math/calculus-3/multivariable-derivatives,5,0,link
300,301,2024-12-31,22:53:44,CNN Breaking News and Video,https://www.cnn.com/,5,0,typed
301,302,2024-12-31,22:56:58,Introduction to Python Programming | edX,https://www.edx.org/course/introduction-to-python,2,0,link
302,303,2024-12-31,22:52:37,Call for Papers AI Ethics 2025,https://www.google.com/search?q=call+for+papers+ai+2025,4,0,link
303,304,2024-12-31,22:46:27,The Weather Channel - Weather.com,https://www.weather.com/,1,0,form_submit
304,305,2024-12-31,22:47:05,The Weather Channel - Weather.com,https://www.weather.com/,3,0,link
305,306,2024-12-31,22:46:41,Organic Chemistry Textbooks - Amazon,https://www.amazon.com/textbooks/s?k=organic+chemistry,3,0,link
306,307,2024-12-31,22:44:06,Gmail: Inbox,https://mail.google.com/mail/u/0/#inbox,5,0,link
307,308,2024-12-31,22:40:13,Organic Chemistry Textbooks - Amazon,https://www.amazon.com/textbooks/s?k=organic+chemistry,5,0,link
308,309,2024-12-31,22:34:35,Google Scholar: Deep Learning Transformers,https://scholar.google.com/scholar?q=deep+learning+transformers,2,0,link
309,310,2024-12-31,22:38:08,Organic Chemistry Textbooks - Amazon,https://www.amazon.com/textbooks/s?k=organic+chemistry,4,0,link
310,311,2024-12-31,22:35:28,X (Twitter): Home,https://twitter.com/home,1,0,link
311,312,2024-12-31,22:31:27,Gmail: Inbox,https://mail.google.com/mail/u/0/#inbox,5,0,typed
312,313,2024-12-31,22:31:39,The Historical Development of Quantum Theory | JSTOR,https://www.jstor.org/stable/j.ctt7st2s,2,0,link
313,314,2024-12-31,22:24:10,Organic Chemistry Textbooks - Amazon,https://www.amazon.com/textbooks/s?k=organic+chemistry,2,0,link
314,315,2024-12-31,22:30:10,Gmail: Inbox,https://mail.google.com/mail/u/0/#inbox,1,0,link
315,316,2024-12-31,22:19:50,CNN Breaking News and Video,https://www.cnn.com/,2,0,link
316,317,2024-12-31,22:23:47,Introduction to Python Programming | edX,https://www.edx.org/course/introduction-to-python,4,0,link
317,318,2024-12-31,22:24:34,ResearchGate - AI Ethics in Healthcare,https://www.researchgate.net/project/AI-ethics-in-healthcare,3,0,link
318,319,2024-12-31,22:18:45,Call for Papers AI Ethics 2025,https://www.google.com/search?q=call+for+papers+ai+2025,2,0,typed
319,320,2024-12-31,22:14:21,ResearchGate - AI Ethics in Healthcare,https://www.researchgate.net/project/AI-ethics-in-healthcare,4,0,link
320,321,2024-12-31,22:09:13,X (Twitter): Home,https://twitter.com/home,3,0,generated
321,322,2024-12-31,22:14:34,ResearchGate - AI Ethics in Healthcare,https://www.researchgate.net/project/AI-ethics-in-healthcare,4,0,link
322,323,2024-12-31,22:07:49,Introduction to Python Programming | edX,https://www.edx.org/course/introduction-to-python,4,0,typed
323,324,2024-12-31,22:07:07,Algorithms Specialization - Coursera,https://www.coursera.org/learn/algorithms,1,0,link
324,325,2024-12-31,22:05:48,Call for Papers AI Ethics 2025,https://www.google.com/search?q=call+for+papers+ai+2025,5,0,link
325,326,2024-12-31,22:01:58,The Weather Channel - Weather.com,https://www.weather.com/,2,0,link
326,327,2024-12-31,22:05:14,Introduction to Python Programming | edX,https://www.edx.org/course/introduction-to-python,5,0,link
327,328,2024-12-31,22:04:51,The Weather Channel - Weather.com,https://www.weather.com/,1,0,link
328,329,2024-12-31,21:56:23,Gmail: Inbox,https://mail.google.com/mail/u/0/#inbox,5,0,link
329,330,2024-12-31,21:57:15,Algorithms Specialization - Coursera,https://www.coursera.org/learn/algorithms,5,0,link
330,331,2024-12-31,21:58:38,The Weather Channel - Weather.com,https://www.weather.com/,4,0,generated
331,332,2024-12-31,21:56:05,Artificial Intelligence - Journal - Elsevier,https://www.journals.elsevier.com/artificial-intelligence,4,0,generated
332,333,2024-12-31,21:47:06,CNN Breaking News and Video,https://www.cnn.com/,1,0,link
333,334,2024-12-31,21:50:56,The Weather Channel - Weather.com,https://www.weather.com/,3,0,reload
334,335,2024-12-31,21:45:31,Call for Papers AI Ethics 2025,https://www.google.com/search?q=call+for+papers+ai+2025,2,0,typed
335,336,2024-12-31,21:43:45,MIT Computer Science and Artificial Intelligence Laboratory (CSAIL),https://www.mit.edu/research/robotics/,1,0,typed
336,337,2024-12-31,21:39:20,Multivariable Calculus | Khan Academy,https://www.khanacademy.org/math/calculus-3/multivariable-derivatives,4,0,generated
337,338,2024-12-31,21:44:53,Organic Chemistry Textbooks - Amazon,https://www.amazon.com/textbooks/s?k=organic+chemistry,1,0,link
338,339,2024-12-31,21:41:02,The Historical Development of Quantum Theory | JSTOR,https://www.jstor.org/stable/j.ctt7st2s,5,0,link
339,340,2024-12-31,21:33:50,Amazon.com: Online Shopping,https://www.amazon.com/,3,0,link
340,341,2024-12-31,21:31:38,The Historical Development of Quantum Theory | JSTOR,https://www.jstor.org/stable/j.ctt7st2s,2,0,link
341,342,2024-12-31,21:31:07,Algorithms Specialization - Coursera,https://www.coursera.org/learn/algorithms,3,0,link
342,343,2024-12-31,21:33:40,CNN Breaking News and Video,https://www.cnn.com/,1,0,generated
343,344,2024-12-31,21:25:16,CNN Breaking News and Video,https://www.cnn.com/,3,0,link
344,345,2024-12-31,21:22:22,Call for Papers AI Ethics 2025,https://www.google.com/search?q=call+for+papers+ai+2025,5,0,typed
345,346,2024-12-31,21:24:44,Algorithms Specialization - Coursera,https://www.coursera.org/learn/algorithms,4,0,link
346,347,2024-12-31,21:26:51,CNN Breaking News and Video,https://www.cnn.com/,5,0,link
347,348,2024-12-31,21:16:34,X (Twitter): Home,https://twitter.com/home,2,0,link
348,349,2024-12-31,21:18:23,Organic Chemistry Textbooks - Amazon,https://www.amazon.com/textbooks/s?k=organic+chemistry,3,0,typed
349,350,2024-12-31,21:20:56,Call for Papers AI Ethics 2025,https://www.google.com/search?q=call+for+papers+ai+2025,4,0,typed
350,351,2024-12-31,21:10:29,Academic Programs - Harvard School of Engineering,https://www.harvard.edu/academics/computer-science/,2,0,link
351,352,2024-12-31,21:15:29,Organic Chemistry Textbooks - Amazon,https://www.amazon.com/textbooks/s?k=organic+chemistry,3,0,typed
352,353,2024-12-31,21:11:15,ResearchGate - AI Ethics in Healthcare,https://www.researchgate.net/project/AI-ethics-in-healthcare,1,0,link
353,354,2024-12-31,21:03:02,ResearchGate - AI Ethics in Healthcare,https://www.researchgate.net/project/AI-ethics-in-healthcare,4,0,link
354,355,2024-12-31,21:09:07,Artificial Intelligence - Journal - Elsevier,https://www.journals.elsevier.com/artificial-intelligence,2,0,generated
355,356,2024-12-31,21:06:21,Multivariable Calculus | Khan Academy,https://www.khanacademy.org/math/calculus-3/multivariable-derivatives,3,0,link
356,357,2024-12-31,20:59:11,The Historical Development of Quantum Theory | JSTOR,https://www.jstor.org/stable/j.ctt7st2s,5,0,generated
357,358,2024-12-31,21:02:41,Organic Chemistry Textbooks - Amazon,https://www.amazon.com/textbooks/s?k=organic+chemistry,1,0,link
358,359,2024-12-31,21:02:06,The Historical Development of Quantum Theory | JSTOR,https://www.jstor.org/stable/j.ctt7st2s,4,0,link
359,360,2024-12-31,20:57:46,Artificial Intelligence - Journal - Elsevier,https://www.journals.elsevier.com/artificial-intelligence,3,0,typed
360,361,2024-12-31,20:56:53,Gmail: Inbox,https://mail.google.com/mail/u/0/#inbox,5,0,link
361,362,2024-12-31,20:48:50,Call for Papers AI Ethics 2025,https://www.google.com/search?q=call+for+papers+ai+2025,4,0,typed
362,363,2024-12-31,20:46:33,Academic Programs - Harvard School of Engineering,https://www.harvard.edu/academics/computer-science/,1,0,form_submit
363,364,2024-12-31,20:49:26,CNN Breaking News and Video,https://www.cnn.com/,4,0,link
364,365,2024-12-31,20:46:56,Organic Chemistry Textbooks - Amazon,https://www.amazon.com/textbooks/s?k=organic+chemistry,3,0,typed
365,366,2024-12-31,20:47:43,Gmail: Inbox,https://mail.google.com/mail/u/0/#inbox,5,0,link
366,367,2024-12-31,20:45:42,The Weather Channel - Weather.com,https://www.weather.com/,3,0,link
367,368,2024-12-31,20:41:40,ResearchGate - AI Ethics in Healthcare,https://www.researchgate.net/project/AI-ethics-in-healthcare,2,0,link
368,369,2024-12-31,20:33:13,CNN Breaking News and Video,https://www.cnn.com/,2,0,link
369,370,2024-12-31,20:38:53,The Weather Channel - Weather.com,https://www.weather.com/,5,0,generated
370,371,2024-12-31,20:37:47,Google Scholar: Deep Learning Transformers,https://scholar.google.com/scholar?q=deep+learning+transformers,3,0,generated
371,372,2024-12-31,20:29:04,Algorithms Specialization - Coursera,https://www.coursera.org/learn/algorithms,3,0,link
372,373,2024-12-31,20:32:51,The Weather Channel - Weather.com,https://www.weather.com/,4,0,link
373,374,2024-12-31,20:28:26,Introduction to Python Programming | edX,https://www.edx.org/course/introduction-to-python,1,0,link
374,375,2024-12-31,20:24:21,The Historical Development of Quantum Theory | JSTOR,https://www.jstor.org/stable/j.ctt7st2s,3,0,link
375,376,2024-12-31,20:28:38,The Historical Development of Quantum Theory | JSTOR,https://www.jstor.org/stable/j.ctt7st2s,2,0,link
376,377,2024-12-31,20:22:32,MIT Computer Science and Artificial Intelligence Laboratory (CSAIL),https://www.mit.edu/research/robotics/,4,0,reload
377,378,2024-12-31,20:24:52,Organic Chemistry Textbooks - Amazon,https://www.amazon.com/textbooks/s?k=organic+chemistry,3,0,link
378,379,2024-12-31,20:16:03,Organic Chemistry Textbooks - Amazon,https://www.amazon.com/textbooks/s?k=organic+chemistry,2,0,link
379,380,2024-12-31,20:12:13,Gmail: Inbox,https://mail.google.com/mail/u/0/#inbox,2,0,link
380,381,2024-12-31,20:13:19,Amazon.com: Online Shopping,https://www.amazon.com/,5,0,generated
381,382,2024-12-31,20:13:29,Academic Programs - Harvard School of Engineering,https://www.harvard.edu/academics/computer-science/,1,0,link
382,383,2024-12-31,20:14:53,Multivariable Calculus | Khan Academy,https://www.khanacademy.org/math/calculus-3/multivariable-derivatives,4,0,link
383,384,2024-12-31,20:06:53,CNN Breaking News and Video,https://www.cnn.com/,1,0,generated
384,385,2024-12-31,20:10:00,Artificial Intelligence - Journal - Elsevier,https://www.journals.elsevier.com/artificial-intelligence,2,0,link
385,386,2024-12-31,20:05:08,Academic Programs - Harvard School of Engineering,https://www.harvard.edu/academics/computer-science/,4,0,link
386,387,2024-12-31,20:04:46,X (Twitter): Home,https://twitter.com/home,5,0,link
387,388,2024-12-31,20:00:07,Introduction to Python Programming | edX,https://www.edx.org/course/introduction-to-python,5,0,link
388,389,2024-12-31,19:56:41,Artificial Intelligence - Journal - Elsevier,https://www.journals.elsevier.com/artificial-intelligence,4,0,link
389,390,2024-12-31,20:00:38,Organic Chemistry Textbooks - Amazon,https://www.amazon.com/textbooks/s?k=organic+chemistry,5,0,typed
390,391,2024-12-31,19:53:09,Algorithms Specialization - Coursera,https://www.coursera.org/learn/algorithms,3,0,link
391,392,2024-12-31,19:49:15,Academic Programs - Harvard School of Engineering,https://www.harvard.edu/academics/computer-science/,2,0,link
392,393,2024-12-31,19:53:42,Artificial Intelligence - Journal - Elsevier,https://www.journals.elsevier.com/artificial-intelligence,2,0,generated
393,394,2024-12-31,19:48:07,Artificial Intelligence - Journal - Elsevier,https://www.journals.elsevier.com/artificial-intelligence,5,0,link
394,395,2024-12-31,19:48:23,Algorithms Specialization - Coursera,https://www.coursera.org/learn/algorithms,2,0,link
395,396,2024-12-31,19:44:42,X (Twitter): Home,https://twitter.com/home,3,0,link
396,397,2024-12-31,19:45:42,Gmail: Inbox,https://mail.google.com/mail/u/0/#inbox,2,0,generated
397,398,2024-12-31,19:37:44,The Weather Channel - Weather.com,https://www.weather.com/,2,0,link
398,399,2024-12-31,19:40:31,Amazon.com: Online Shopping,https://www.amazon.com/,2,0,typed
399,400,2024-12-31,19:31:57,The Historical Development of Quantum Theory | JSTOR,https://www.jstor.org/stable/j.ctt7st2s,2,0,link
400,401,2024-12-31,19:32:38,X (Twitter): Home,https://twitter.com/home,3,0,link
401,402,2024-12-31,19:29:03,Google Scholar: Deep Learning Transformers,https://scholar.google.com/scholar?q=deep+learning+transformers,3,0,link
402,403,2024-12-31,19:27:57,Organic Chemistry Textbooks - Amazon,https://www.amazon.com/textbooks/s?k=organic+chemistry,1,0,link
403,404,2024-12-31,19:31:15,Algorithms Specialization - Coursera,https://www.coursera.org/learn/algorithms,4,0,generated
404,405,2024-12-31,19:24:48,MIT Computer Science and Artificial Intelligence Laboratory (CSAIL),https://www.mit.edu/research/robotics/,5,0,link
405,406,2024-12-31,19:23:33,Introduction to Python Programming | edX,https://www.edx.org/course/introduction-to-python,3,0,link
406,407,2024-12-31,19:25:00,MIT Computer Science and Artificial Intelligence Laboratory (CSAIL),https://www.mit.edu/research/robotics/,1,0,link
407,408,2024-12-31,19:24:53,Organic Chemistry Textbooks - Amazon,https://www.amazon.com/textbooks/s?k=organic+chemistry,4,0,link
408,409,2024-12-31,19:20:29,Multivariable Calculus | Khan Academy,https://www.khanacademy.org/math/calculus-3/multivariable-derivatives,2,0,link
409,410,2024-12-31,19:13:30,The Historical Development of Quantum Theory | JSTOR,https://www.jstor.org/stable/j.ctt7st2s,5,0,link
410,411,2024-12-31,19:09:45,The Historical Development of Quantum Theory | JSTOR,https://www.jstor.org/stable/j.ctt7st2s,3,0,link
411,412,2024-12-31,19:07:05,Amazon.com: Online Shopping,https://www.amazon.com/,5,0,typed
412,413,2024-12-31,19:05:50,Call for Papers AI Ethics 2025,https://www.google.com/search?q=call+for+papers+ai+2025,2,0,typed
413,414,2024-12-31,19:08:01,Artificial Intelligence - Journal - Elsevier,https://www.journals.elsevier.com/artificial-intelligence,2,0,link
414,415,2024-12-31,19:05:32,Call for Papers AI Ethics 2025,https://www.google.com/search?q=call+for+papers+ai+2025,1,0,link
415,416,2024-12-31,18:59:07,Organic Chemistry Textbooks - Amazon,https://www.amazon.com/textbooks/s?k=organic+chemistry,5,0,typed
416,417,2024-12-31,19:06:21,The Weather Channel - Weather.com,https://www.weather.com/,1,0,link
417,418,2024-12-31,18:59:56,Artificial Intelligence - Journal - Elsevier,https://www.journals.elsevier.com/artificial-intelligence,2,0,link
418,419,2024-12-31,19:02:27,The Historical Development of Quantum Theory | JSTOR,https://www.jstor.org/stable/j.ctt7st2s,5,0,link
419,420,2024-12-31,18:55:10,Algorithms Specialization - Coursera,https://www.coursera.org/learn/algorithms,2,0,link
420,421,2024-12-31,18:57:55,Academic Programs - Harvard School of Engineering,https://www.harvard.edu/academics/computer-science/,4,0,link
421,422,2024-12-31,18:55:11,Algorithms Specialization - Coursera,https://www.coursera.org/learn/algorithms,2,0,link
422,423,2024-12-31,18:49:13,Amazon.com: Online Shopping,https://www.amazon.com/,5,0,link
423,424,2024-12-31,18:49:34,Artificial Intelligence - Journal - Elsevier,https://www.journals.elsevier.com/artificial-intelligence,4,0,link
424,425,2024-12-31,18:42:02,Call for Papers AI Ethics 2025,https://www.google.com/search?q=call+for+papers+ai+2025,2,0,link
425,426,2024-12-31,18:46:42,Call for Papers AI Ethics 2025,https://www.google.com/search?q=call+for+papers+ai+2025,5,0,typed
426,427,2024-12-31,18:38:10,Algorithms Specialization - Coursera,https://www.coursera.org/learn/algorithms,5,0,link
427,428,2024-12-31,18:43:25,Google Scholar: Deep Learning Transformers,https://scholar.google.com/scholar?q=deep+learning+transformers,3,0,link
428,429,2024-12-31,18:40:13,Artificial Intelligence - Journal - Elsevier,https://www.journals.elsevier.com/artificial-intelligence,2,0,typed
429,430,2024-12-31,18:31:49,Gmail: Inbox,https://mail.google.com/mail/u/0/#inbox,3,0,generated
430,431,2024-12-31,18:29:06,X (Twitter): Home,https://twitter.com/home,2,0,link
431,432,2024-12-31,18:30:41,Gmail: Inbox,https://mail.google.com/mail/u/0/#inbox,4,0,link
432,433,2024-12-31,18:27:37,Gmail: Inbox,https://mail.google.com/mail/u/0/#inbox,1,0,link
433,434,2024-12-31,18:24:40,ResearchGate - AI Ethics in Healthcare,https://www.researchgate.net/project/AI-ethics-in-healthcare,4,0,link
434,435,2024-12-31,18:29:26,The Weather Channel - Weather.com,https://www.weather.com/,2,0,link
435,436,2024-12-31,18:24:22,Amazon.com: Online Shopping,https://www.amazon.com/,3,0,generated
436,437,2024-12-31,18:18:16,Introduction to Python Programming | edX,https://www.edx.org/course/introduction-to-python,1,0,form_submit
437,438,2024-12-31,18:23:08,Algorithms Specialization - Coursera,https://www.coursera.org/learn/algorithms,5,0,link
438,439,2024-12-31,18:14:06,Amazon.com: Online Shopping,https://www.amazon.com/,5,0,link
439,440,2024-12-31,18:11:01,ResearchGate - AI Ethics in Healthcare,https://www.researchgate.net/project/AI-ethics-in-healthcare,1,0,typed
440,441,2024-12-31,18:13:19,Academic Programs - Harvard School of Engineering,https://www.harvard.edu/academics/computer-science/,3,0,form_submit
441,442,2024-12-31,18:08:50,The Historical Development of Quantum Theory | JSTOR,https://www.jstor.org/stable/j.ctt7st2s,5,0,link
442,443,2024-12-31,18:05:56,The Weather Channel - Weather.com,https://www.weather.com/,5,0,link
443,444,2024-12-31,18:03:51,Algorithms Specialization - Coursera,https://www.coursera.org/learn/algorithms,5,0,link
444,445,2024-12-31,18:05:48,ResearchGate - AI Ethics in Healthcare,https://www.researchgate.net/project/AI-ethics-in-healthcare,3,0,link
445,446,2024-12-31,18:06:13,ResearchGate - AI Ethics in Healthcare,https://www.researchgate.net/project/AI-ethics-in-healthcare,2,0,link
446,447,2024-12-31,18:00:56,MIT Computer Science and Artificial Intelligence Laboratory (CSAIL),https://www.mit.edu/research/robotics/,3,0,link
447,448,2024-12-31,18:02:17,ResearchGate - AI Ethics in Healthcare,https://www.researchgate.net/project/AI-ethics-in-healthcare,1,0,link
448,449,2024-12-31,17:59:38,Call for Papers AI Ethics 2025,https://www.google.com/search?q=call+for+papers+ai+2025,1,0,typed
449,450,2024-12-31,17:57:23,The Weather Channel - Weather.com,https://www.weather.com/,3,0,typed
450,451,2024-12-31,17:53:25,The Historical Development of Quantum Theory | JSTOR,https://www.jstor.org/stable/j.ctt7st2s,5,0,link
451,452,2024-12-31,17:51:58,Introduction to Python Programming | edX,https://www.edx.org/course/introduction-to-python,4,0,link
452,453,2024-12-31,17:49:07,The Historical Development of Quantum Theory | JSTOR,https://www.jstor.org/stable/j.ctt7st2s,5,0,link
453,454,2024-12-31,17:46:53,Gmail: Inbox,https://mail.google.com/mail/u/0/#inbox,4,0,form_submit
454,455,2024-12-31,17:42:12,Academic Programs - Harvard School of Engineering,https://www.harvard.edu/academics/computer-science/,1,0,link
455,456,2024-12-31,17:46:05,Call for Papers AI Ethics 2025,https://www.google.com/search?q=call+for+papers+ai+2025,4,0,reload
456,457,2024-12-31,17:46:25,The Historical Development of Quantum Theory | JSTOR,https://www.jstor.org/stable/j.ctt7st2s,3,0,link
457,458,2024-12-31,17:39:43,Gmail: Inbox,https://mail.google.com/mail/u/0/#inbox,5,0,typed
458,459,2024-12-31,17:35:31,Algorithms Specialization - Coursera,https://www.coursera.org/learn/algorithms,3,0,link
459,460,2024-12-31,17:40:01,CNN Breaking News and Video,https://www.cnn.com/,3,0,link
460,461,2024-12-31,17:30:20,Organic Chemistry Textbooks - Amazon,https://www.amazon.com/textbooks/s?k=organic+chemistry,4,0,link
461,462,2024-12-31,17:27:16,Amazon.com: Online Shopping,https://www.amazon.com/,2,0,link
462,463,2024-12-31,17:28:35,Introduction to Python Programming | edX,https://www.edx.org/course/introduction-to-python,5,0,link
463,464,2024-12-31,17:26:25,The Historical Development of Quantum Theory | JSTOR,https://www.jstor.org/stable/j.ctt7st2s,2,0,link
464,465,2024-12-31,17:27:00,Algorithms Specialization - Coursera,https://www.coursera.org/learn/algorithms,3,0,link
465,466,2024-12-31,17:20:37,The Historical Development of Quantum Theory | JSTOR,https://www.jstor.org/stable/j.ctt7st2s,4,0,link
466,467,2024-12-31,17:24:44,Gmail: Inbox,https://mail.google.com/mail/u/0/#inbox,3,0,link
467,468,2024-12-31,17:17:08,Call for Papers AI Ethics 2025,https://www.google.com/search?q=call+for+papers+ai+2025,5,0,link
468,469,2024-12-31,17:16:48,MIT Computer Science and Artificial Intelligence Laboratory (CSAIL),https://www.mit.edu/research/robotics/,4,0,link
469,470,2024-12-31,17:16:54,Organic Chemistry Textbooks - Amazon,https://www.amazon.com/textbooks/s?k=organic+chemistry,4,0,link
470,471,2024-12-31,17:16:44,Gmail: Inbox,https://mail.google.com/mail/u/0/#inbox,1,0,link
471,472,2024-12-31,17:12:33,Algorithms Specialization - Coursera,https://www.coursera.org/learn/algorithms,5,0,link
472,473,2024-12-31,17:07:50,Algorithms Specialization - Coursera,https://www.coursera.org/learn/algorithms,5,0,typed
473,474,2024-12-31,17:04:14,Algorithms Specialization - Coursera,https://www.coursera.org/learn/algorithms,3,0,link
474,475,2024-12-31,17:08:38,Algorithms Specialization - Coursera,https://www.coursera.org/learn/algorithms,4,0,link
475,476,2024-12-31,17:01:15,Introduction to Python Programming | edX,https://www.edx.org/course/introduction-to-python,3,0,typed
476,477,2024-12-31,17:03:17,X (Twitter): Home,https://twitter.com/home,1,0,typed
477,478,2024-12-31,16:58:10,Algorithms Specialization - Coursera,https://www.coursera.org/learn/algorithms,5,0,typed
478,479,2024-12-31,16:57:40,Gmail: Inbox,https://mail.google.com/mail/u/0/#inbox,3,0,link
479,480,2024-12-31,16:53:17,Artificial Intelligence - Journal - Elsevier,https://www.journals.elsevier.com/artificial-intelligence,1,0,link
480,481,2024-12-31,16:58:15,The Historical Development of Quantum Theory | JSTOR,https://www.jstor.org/stable/j.ctt7st2s,3,0,generated
481,482,2024-12-31,16:48:49,Introduction to Python Programming | edX,https://www.edx.org/course/introduction-to-python,2,0,typed
482,483,2024-12-31,16:45:39,X (Twitter): Home,https://twitter.com/home,2,0,link
483,484,2024-12-31,16:50:42,Gmail: Inbox,https://mail.google.com/mail/u/0/#inbox,1,0,typed
484,485,2024-12-31,16:41:52,Gmail: Inbox,https://mail.google.com/mail/u/0/#inbox,5,0,link
485,486,2024-12-31,16:43:01,Academic Programs - Harvard School of Engineering,https://www.harvard.edu/academics/computer-science/,3,0,link
486,487,2024-12-31,16:44:23,MIT Computer Science and Artificial Intelligence Laboratory (CSAIL),https://www.mit.edu/research/robotics/,3,0,link
487,488,2024-12-31,16:42:57,The Historical Development of Quantum Theory | JSTOR,https://www.jstor.org/stable/j.ctt7st2s,3,0,link
488,489,2024-12-31,16:33:40,Call for Papers AI Ethics 2025,https://www.google.com/search?q=call+for+papers+ai+2025,5,0,typed
489,490,2024-12-31,16:37:48,Multivariable Calculus | Khan Academy,https://www.khanacademy.org/math/calculus-3/multivariable-derivatives,2,0,link
490,491,2024-12-31,16:34:52,CNN Breaking News and Video,https://www.cnn.com/,3,0,link
491,492,2024-12-31,16:30:11,Call for Papers AI Ethics 2025,https://www.google.com/search?q=call+for+papers+ai+2025,5,0,link
492,493,2024-12-31,16:31:23,ResearchGate - AI Ethics in Healthcare,https://www.researchgate.net/project/AI-ethics-in-healthcare,3,0,generated
493,494,2024-12-31,16:28:18,Gmail: Inbox,https://mail.google.com/mail/u/0/#inbox,2,0,typed
494,495,2024-12-31,16:26:23,Google Scholar: Deep Learning Transformers,https://scholar.google.com/scholar?q=deep+learning+transformers,1,0,generated
495,496,2024-12-31,16:23:47,The Historical Development of Quantum Theory | JSTOR,https://www.jstor.org/stable/j.ctt7st2s,1,0,typed
496,497,2024-12-31,16:24:15,X (Twitter): Home,https://twitter.com/home,1,0,generated
497,498,2024-12-31,16:16:47,Call for Papers AI Ethics 2025,https://www.google.com/search?q=call+for+papers+ai+2025,5,0,link
498,499,2024-12-31,16:18:50,Amazon.com: Online Shopping,https://www.amazon.com/,5,0,link
499,500,2024-12-31,16:19:58,Academic Programs - Harvard School of Engineering,https://www.harvard.edu/academics/computer-science/,4,0,link
500,501,2024-12-31,16:18:12,Gmail: Inbox,https://mail.google.com/mail/u/0/#inbox,2,0,link
501,502,2024-12-31,16:08:05,Introduction to Python Programming | edX,https://www.edx.org/course/introduction-to-python,5,0,form_submit
502,503,2024-12-31,16:08:55,Artificial Intelligence - Journal - Elsevier,https://www.journals.elsevier.com/artificial-intelligence,3,0,link
503,504,2024-12-31,16:12:13,Introduction to Python Programming | edX,https://www.edx.org/course/introduction-to-python,2,0,link
504,505,2024-12-31,16:06:17,Google Scholar: Deep Learning Transformers,https://scholar.google.com/scholar?q=deep+learning+transformers,3,0,link
505,506,2024-12-31,16:02:54,Introduction to Python Programming | edX,https://www.edx.org/course/introduction-to-python,5,0,link
506,507,2024-12-31,15:57:09,The Weather Channel - Weather.com,https://www.weather.com/,3,0,link
507,508,2024-12-31,15:55:16,Gmail: Inbox,https://mail.google.com/mail/u/0/#inbox,4,0,link
508,509,2024-12-31,15:56:50,Algorithms Specialization - Coursera,https://www.coursera.org/learn/algorithms,2,0,link
509,510,2024-12-31,15:56:46,Amazon.com: Online Shopping,https://www.amazon.com/,5,0,link
510,511,2024-12-31,15:52:33,ResearchGate - AI Ethics in Healthcare,https://www.researchgate.net/project/AI-ethics-in-healthcare,3,0,link
511,512,2024-12-31,15:49:50,X (Twitter): Home,https://twitter.com/home,4,0,link
512,513,2024-12-31,15:50:21,The Historical Development of Quantum Theory | JSTOR,https://www.jstor.org/stable/j.ctt7st2s,4,0,typed
513,514,2024-12-31,15:45:55,Organic Chemistry Textbooks - Amazon,https://www.amazon.com/textbooks/s?k=organic+chemistry,3,0,generated
514,515,2024-12-31,15:46:41,Academic Programs - Harvard School of Engineering,https://www.harvard.edu/academics/computer-science/,2,0,link
515,516,2024-12-31,15:41:50,X (Twitter): Home,https://twitter.com/home,1,0,link
516,517,2024-12-31,15:44:53,CNN Breaking News and Video,https://www.cnn.com/,1,0,typed
517,518,2024-12-31,15:44:44,Amazon.com: Online Shopping,https://www.amazon.com/,3,0,typed
518,519,2024-12-31,15:34:06,Organic Chemistry Textbooks - Amazon,https://www.amazon.com/textbooks/s?k=organic+chemistry,1,0,typed
519,520,2024-12-31,15:40:24,The Historical Development of Quantum Theory | JSTOR,https://www.jstor.org/stable/j.ctt7st2s,1,0,link
520,521,2024-12-31,15:36:31,The Weather Channel - Weather.com,https://www.weather.com/,4,0,generated
521,522,2024-12-31,15:29:16,Amazon.com: Online Shopping,https://www.amazon.com/,4,0,link
522,523,2024-12-31,15:26:37,Academic Programs - Harvard School of Engineering,https://www.harvard.edu/academics/computer-science/,4,0,typed
523,524,2024-12-31,15:27:52,Academic Programs - Harvard School of Engineering,https://www.harvard.edu/academics/computer-science/,2,0,form_submit
524,525,2024-12-31,15:22:41,Multivariable Calculus | Khan Academy,https://www.khanacademy.org/math/calculus-3/multivariable-derivatives,1,0,typed
525,526,2024-12-31,15:25:32,Introduction to Python Programming | edX,https://www.edx.org/course/introduction-to-python,4,0,link
526,527,2024-12-31,15:20:23,Multivariable Calculus | Khan Academy,https://www.khanacademy.org/math/calculus-3/multivariable-derivatives,4,0,link
527,528,2024-12-31,15:17:10,X (Twitter): Home,https://twitter.com/home,3,0,link
528,529,2024-12-31,15:16:51,Google Scholar: Deep Learning Transformers,https://scholar.google.com/scholar?q=deep+learning+transformers,5,0,generated
529,530,2024-12-31,15:11:16,Artificial Intelligence - Journal - Elsevier,https://www.journals.elsevier.com/artificial-intelligence,1,0,typed
530,531,2024-12-31,15:18:04,Call for Papers AI Ethics 2025,https://www.google.com/search?q=call+for+papers+ai+2025,2,0,link
531,532,2024-12-31,15:14:23,Amazon.com: Online Shopping,https://www.amazon.com/,1,0,typed
532,533,2024-12-31,15:09:21,Academic Programs - Harvard School of Engineering,https://www.harvard.edu/academics/computer-science/,5,0,link
533,534,2024-12-31,15:06:58,Google Scholar: Deep Learning Transformers,https://scholar.google.com/scholar?q=deep+learning+transformers,4,0,link
534,535,2024-12-31,15:07:17,CNN Breaking News and Video,https://www.cnn.com/,3,0,link
535,536,2024-12-31,15:01:32,Organic Chemistry Textbooks - Amazon,https://www.amazon.com/textbooks/s?k=organic+chemistry,4,0,typed
536,537,2024-12-31,15:01:00,Organic Chemistry Textbooks - Amazon,https://www.amazon.com/textbooks/s?k=organic+chemistry,2,0,form_submit
537,538,2024-12-31,15:01:03,Algorithms Specialization - Coursera,https://www.coursera.org/learn/algorithms,1,0,link
538,539,2024-12-31,14:59:37,Algorithms Specialization - Coursera,https://www.coursera.org/learn/algorithms,1,0,link
539,540,2024-12-31,14:58:34,Call for Papers AI Ethics 2025,https://www.google.com/search?q=call+for+papers+ai+2025,5,0,link
540,541,2024-12-31,14:56:18,Google Scholar: Deep Learning Transformers,https://scholar.google.com/scholar?q=deep+learning+transformers,3,0,typed
541,542,2024-12-31,14:49:00,X (Twitter): Home,https://twitter.com/home,1,0,typed
542,543,2024-12-31,14:51:19,Amazon.com: Online Shopping,https://www.amazon.com/,5,0,generated
543,544,2024-12-31,14:51:57,MIT Computer Science and Artificial Intelligence Laboratory (CSAIL),https://www.mit.edu/research/robotics/,3,0,link
544,545,2024-12-31,14:45:25,CNN Breaking News and Video,https://www.cnn.com/,2,0,generated
545,546,2024-12-31,14:40:04,Multivariable Calculus | Khan Academy,https://www.khanacademy.org/math/calculus-3/multivariable-derivatives,1,0,link
546,547,2024-12-31,14:38:50,Artificial Intelligence - Journal - Elsevier,https://www.journals.elsevier.com/artificial-intelligence,2,0,form_submit
547,548,2024-12-31,14:40:44,The Historical Development of Quantum Theory | JSTOR,https://www.jstor.org/stable/j.ctt7st2s,1,0,link
548,549,2024-12-31,14:38:50,Introduction to Python Programming | edX,https://www.edx.org/course/introduction-to-python,5,0,link
549,550,2024-12-31,14:38:22,Introduction to Python Programming | edX,https://www.edx.org/course/introduction-to-python,2,0,typed
550,551,2024-12-31,14:36:01,Gmail: Inbox,https://mail.google.com/mail/u/0/#inbox,3,0,link
551,552,2024-12-31,14:35:04,MIT Computer Science and Artificial Intelligence Laboratory (CSAIL),https://www.mit.edu/research/robotics/,4,0,typed
552,553,2024-12-31,14:34:24,Call for Papers AI Ethics 2025,https://www.google.com/search?q=call+for+papers+ai+2025,3,0,link
553,554,2024-12-31,14:30:07,Call for Papers AI Ethics 2025,https://www.google.com/search?q=call+for+papers+ai+2025,5,0,typed
554,555,2024-12-31,14:27:28,Gmail: Inbox,https://mail.google.com/mail/u/0/#inbox,1,0,link
555,556,2024-12-31,14:22:09,Amazon.com: Online Shopping,https://www.amazon.com/,4,0,typed
556,557,2024-12-31,14:24:50,MIT Computer Science and Artificial Intelligence Laboratory (CSAIL),https://www.mit.edu/research/robotics/,3,0,link
557,558,2024-12-31,14:24:44,The Historical Development of Quantum Theory | JSTOR,https://www.jstor.org/stable/j.ctt7st2s,1,0,typed
558,559,2024-12-31,14:20:17,Call for Papers AI Ethics 2025,https://www.google.com/search?q=call+for+papers+ai+2025,1,0,link
559,560,2024-12-31,14:13:23,The Historical Development of Quantum Theory | JSTOR,https://www.jstor.org/stable/j.ctt7st2s,5,0,link
560,561,2024-12-31,14:17:42,Organic Chemistry Textbooks - Amazon,https://www.amazon.com/textbooks/s?k=organic+chemistry,4,0,link
561,562,2024-12-31,14:11:18,Call for Papers AI Ethics 2025,https://www.google.com/search?q=call+for+papers+ai+2025,3,0,link
562,563,2024-12-31,14:14:33,Multivariable Calculus | Khan Academy,https://www.khanacademy.org/math/calculus-3/multivariable-derivatives,5,0,link
563,564,2024-12-31,14:10:48,Introduction to Python Programming | edX,https://www.edx.org/course/introduction-to-python,4,0,link
564,565,2024-12-31,14:04:01,Google Scholar: Deep Learning Transformers,https://scholar.google.com/scholar?q=deep+learning+transformers,5,0,link
565,566,2024-12-31,14:06:29,Call for Papers AI Ethics 2025,https://www.google.com/search?q=call+for+papers+ai+2025,2,0,link
566,567,2024-12-31,14:06:18,Amazon.com: Online Shopping,https://www.amazon.com/,5,0,link
567,568,2024-12-31,14:03:39,X (Twitter): Home,https://twitter.com/home,2,0,link
568,569,2024-12-31,13:58:56,Google Scholar: Deep Learning Transformers,https://scholar.google.com/scholar?q=deep+learning+transformers,3,0,link
569,570,2024-12-31,13:51:49,Multivariable Calculus | Khan Academy,https://www.khanacademy.org/math/calculus-3/multivariable-derivatives,3,0,link
570,571,2024-12-31,13:58:31,Introduction to Python Programming | edX,https://www.edx.org/course/introduction-to-python,1,0,typed
571,572,2024-12-31,13:55:12,Call for Papers AI Ethics 2025,https://www.google.com/search?q=call+for+papers+ai+2025,1,0,link
572,573,2024-12-31,13:54:40,Academic Programs - Harvard School of Engineering,https://www.harvard.edu/academics/computer-science/,1,0,typed
573,574,2024-12-31,13:51:57,The Historical Development of Quantum Theory | JSTOR,https://www.jstor.org/stable/j.ctt7st2s,5,0,typed
574,575,2024-12-31,13:48:50,Algorithms Specialization - Coursera,https://www.coursera.org/learn/algorithms,5,0,link
575,576,2024-12-31,13:44:39,The Weather Channel - Weather.com,https://www.weather.com/,4,0,link
576,577,2024-12-31,13:40:20,Amazon.com: Online Shopping,https://www.amazon.com/,5,0,link
577,578,2024-12-31,13:35:54,Google Scholar: Deep Learning Transformers,https://scholar.google.com/scholar?q=deep+learning+transformers,5,0,link
578,579,2024-12-31,13:35:27,CNN Breaking News and Video,https://www.cnn.com/,4,0,link
579,580,2024-12-31,13:36:47,MIT Computer Science and Artificial Intelligence Laboratory (CSAIL),https://www.mit.edu/research/robotics/,3,0,typed
580,581,2024-12-31,13:36:59,Call for Papers AI Ethics 2025,https://www.google.com/search?q=call+for+papers+ai+2025,1,0,link
581,582,2024-12-31,13:33:27,Algorithms Specialization - Coursera,https://www.coursera.org/learn/algorithms,2,0,link
582,583,2024-12-31,13:31:18,The Historical Development of Quantum Theory | JSTOR,https://www.jstor.org/stable/j.ctt7st2s,5,0,reload
583,584,2024-12-31,13:30:45,MIT Computer Science and Artificial Intelligence Laboratory (CSAIL),https://www.mit.edu/research/robotics/,2,0,generated
584,585,2024-12-31,13:24:24,Academic Programs - Harvard School of Engineering,https://www.harvard.edu/academics/computer-science/,4,0,generated
585,586,2024-12-31,13:19:15,Organic Chemistry Textbooks - Amazon,https://www.amazon.com/textbooks/s?k=organic+chemistry,5,0,link
586,587,2024-12-31,13:21:32,Amazon.com: Online Shopping,https://www.amazon.com/,4,0,link
587,588,2024-12-31,13:24:23,Artificial Intelligence - Journal - Elsevier,https://www.journals.elsevier.com/artificial-intelligence,3,0,link
588,589,2024-12-31,13:16:52,ResearchGate - AI Ethics in Healthcare,https://www.researchgate.net/project/AI-ethics-in-healthcare,4,0,generated
589,590,2024-12-31,13:11:49,Multivariable Calculus | Khan Academy,https://www.khanacademy.org/math/calculus-3/multivariable-derivatives,3,0,link
590,591,2024-12-31,13:17:03,Call for Papers AI Ethics 2025,https://www.google.com/search?q=call+for+papers+ai+2025,2,0,link
591,592,2024-12-31,13:09:05,Introduction to Python Programming | edX,https://www.edx.org/course/introduction-to-python,3,0,link
592,593,2024-12-31,13:06:21,Amazon.com: Online Shopping,https://www.amazon.com/,4,0,form_submit
593,594,2024-12-31,13:08:46,Introduction to Python Programming | edX,https://www.edx.org/course/introduction-to-python,3,0,generated
594,595,2024-12-31,13:06:48,The Historical Development of Quantum Theory | JSTOR,https://www.jstor.org/stable/j.ctt7st2s,1,0,link
595,596,2024-12-31,13:01:37,Call for Papers AI Ethics 2025,https://www.google.com/search?q=call+for+papers+ai+2025,2,0,link
596,597,2024-12-31,12:59:16,Multivariable Calculus | Khan Academy,https://www.khanacademy.org/math/calculus-3/multivariable-derivatives,3,0,typed
597,598,2024-12-31,13:02:37,Artificial Intelligence - Journal - Elsevier,https://www.journals.elsevier.com/artificial-intelligence,1,0,link
598,599,2024-12-31,12:58:59,CNN Breaking News and Video,https://www.cnn.com/,5,0,link
599,600,2024-12-31,12:54:58,Algorithms Specialization - Coursera,https://www.coursera.org/learn/algorithms,5,0,generated
600,601,2024-12-31,12:49:05,CNN Breaking News and Video,https://www.cnn.com/,4,0,link
601,602,2024-12-31,12:52:49,The Historical Development of Quantum Theory | JSTOR,https://www.jstor.org/stable/j.ctt7st2s,3,0,link
602,603,2024-12-31,12:46:47,CNN Breaking News and Video,https://www.cnn.com/,5,0,link
603,604,2024-12-31,12:52:56,Google Scholar: Deep Learning Transformers,https://scholar.google.com/scholar?q=deep+learning+transformers,2,0,link
604,605,2024-12-31,12:47:33,Call for Papers AI Ethics 2025,https://www.google.com/search?q=call+for+papers+ai+2025,1,0,link
605,606,2024-12-31,12:45:53,Organic Chemistry Textbooks - Amazon,https://www.amazon.com/textbooks/s?k=organic+chemistry,1,0,link
606,607,2024-12-31,12:46:03,CNN Breaking News and Video,https://www.cnn.com/,5,0,link
607,608,2024-12-31,12:39:51,Introduction to Python Programming | edX,https://www.edx.org/course/introduction-to-python,5,0,link
608,609,2024-12-31,12:42:23,Call for Papers AI Ethics 2025,https://www.google.com/search?q=call+for+papers+ai+2025,5,0,link
609,610,2024-12-31,12:32:31,Gmail: Inbox,https://mail.google.com/mail/u/0/#inbox,3,0,generated
610,611,2024-12-31,12:35:25,MIT Computer Science and Artificial Intelligence Laboratory (CSAIL),https://www.mit.edu/research/robotics/,4,0,link
611,612,2024-12-31,12:30:29,Multivariable Calculus | Khan Academy,https://www.khanacademy.org/math/calculus-3/multivariable-derivatives,4,0,typed
612,613,2024-12-31,12:33:42,CNN Breaking News and Video,https://www.cnn.com/,3,0,typed
613,614,2024-12-31,12:31:13,Artificial Intelligence - Journal - Elsevier,https://www.journals.elsevier.com/artificial-intelligence,1,0,typed
614,615,2024-12-31,12:27:27,Algorithms Specialization - Coursera,https://www.coursera.org/learn/algorithms,4,0,typed
615,616,2024-12-31,12:21:51,Amazon.com: Online Shopping,https://www.amazon.com/,4,0,link
616,617,2024-12-31,12:21:30,Academic Programs - Harvard School of Engineering,https://www.harvard.edu/academics/computer-science/,4,0,link
617,618,2024-12-31,12:17:50,Artificial Intelligence - Journal - Elsevier,https://www.journals.elsevier.com/artificial-intelligence,2,0,generated
618,619,2024-12-31,12:14:04,CNN Breaking News and Video,https://www.cnn.com/,2,0,typed
619,620,2024-12-31,12:16:05,Google Scholar: Deep Learning Transformers,https://scholar.google.com/scholar?q=deep+learning+transformers,4,0,link
620,621,2024-12-31,12:16:10,CNN Breaking News and Video,https://www.cnn.com/,3,0,generated
621,622,2024-12-31,12:16:55,Academic Programs - Harvard School of Engineering,https://www.harvard.edu/academics/computer-science/,2,0,link
622,623,2024-12-31,12:05:06,The Historical Development of Quantum Theory | JSTOR,https://www.jstor.org/stable/j.ctt7st2s,4,0,link
623,624,2024-12-31,12:08:53,CNN Breaking News and Video,https://www.cnn.com/,2,0,link
624,625,2024-12-31,12:07:28,Introduction to Python Programming | edX,https://www.edx.org/course/introduction-to-python,2,0,link
625,626,2024-12-31,11:59:37,Multivariable Calculus | Khan Academy,https://www.khanacademy.org/math/calculus-3/multivariable-derivatives,4,0,link
626,627,2024-12-31,11:58:06,ResearchGate - AI Ethics in Healthcare,https://www.researchgate.net/project/AI-ethics-in-healthcare,5,0,generated
627,628,2024-12-31,11:59:22,Call for Papers AI Ethics 2025,https://www.google.com/search?q=call+for+papers+ai+2025,4,0,link
628,629,2024-12-31,11:53:14,Multivariable Calculus | Khan Academy,https://www.khanacademy.org/math/calculus-3/multivariable-derivatives,5,0,link
629,630,2024-12-31,11:58:20,Call for Papers AI Ethics 2025,https://www.google.com/search?q=call+for+papers+ai+2025,5,0,link
630,631,2024-12-31,11:54:56,CNN Breaking News and Video,https://www.cnn.com/,2,0,typed
631,632,2024-12-31,11:47:14,The Historical Development of Quantum Theory | JSTOR,https://www.jstor.org/stable/j.ctt7st2s,2,0,reload
632,633,2024-12-31,11:46:51,Gmail: Inbox,https://mail.google.com/mail/u/0/#inbox,2,0,link
633,634,2024-12-31,11:52:23,MIT Computer Science and Artificial Intelligence Laboratory (CSAIL),https://www.mit.edu/research/robotics/,2,0,link
634,635,2024-12-31,11:48:39,Organic Chemistry Textbooks - Amazon,https://www.amazon.com/textbooks/s?k=organic+chemistry,3,0,generated
635,636,2024-12-31,11:43:08,The Historical Development of Quantum Theory | JSTOR,https://www.jstor.org/stable/j.ctt7st2s,4,0,link
636,637,2024-12-31,11:42:01,Academic Programs - Harvard School of Engineering,https://www.harvard.edu/academics/computer-science/,4,0,link
637,638,2024-12-31,11:38:00,Amazon.com: Online Shopping,https://www.amazon.com/,2,0,link
638,639,2024-12-31,11:34:36,Artificial Intelligence - Journal - Elsevier,https://www.journals.elsevier.com/artificial-intelligence,4,0,link
639,640,2024-12-31,11:37:05,Call for Papers AI Ethics 2025,https://www.google.com/search?q=call+for+papers+ai+2025,4,0,link
640,641,2024-12-31,11:33:21,Algorithms Specialization - Coursera,https://www.coursera.org/learn/algorithms,1,0,generated
641,642,2024-12-31,11:33:10,Organic Chemistry Textbooks - Amazon,https://www.amazon.com/textbooks/s?k=organic+chemistry,3,0,link
642,643,2024-12-31,11:27:31,ResearchGate - AI Ethics in Healthcare,https://www.researchgate.net/project/AI-ethics-in-healthcare,3,0,link
643,644,2024-12-31,11:32:06,X (Twitter): Home,https://twitter.com/home,5,0,typed
644,645,2024-12-31,11:24:12,Gmail: Inbox,https://mail.google.com/mail/u/0/#inbox,5,0,typed
645,646,2024-12-31,11:19:21,Academic Programs - Harvard School of Engineering,https://www.harvard.edu/academics/computer-science/,4,0,generated
646,647,2024-12-31,11:21:02,Academic Programs - Harvard School of Engineering,https://www.harvard.edu/academics/computer-science/,3,0,link
647,648,2024-12-31,11:15:28,Amazon.com: Online Shopping,https://www.amazon.com/,5,0,link
648,649,2024-12-31,11:16:50,Algorithms Specialization - Coursera,https://www.coursera.org/learn/algorithms,3,0,link
649,650,2024-12-31,11:19:02,Google Scholar: Deep Learning Transformers,https://scholar.google.com/scholar?q=deep+learning+transformers,2,0,link
650,651,2024-12-31,11:11:56,Organic Chemistry Textbooks - Amazon,https://www.amazon.com/textbooks/s?k=organic+chemistry,4,0,link
651,652,2024-12-31,11:10:33,ResearchGate - AI Ethics in Healthcare,https://www.researchgate.net/project/AI-ethics-in-healthcare,5,0,link
652,653,2024-12-31,11:11:50,ResearchGate - AI Ethics in Healthcare,https://www.researchgate.net/project/AI-ethics-in-healthcare,1,0,link
653,654,2024-12-31,11:03:19,Google Scholar: Deep Learning Transformers,https://scholar.google.com/scholar?q=deep+learning+transformers,3,0,link
654,655,2024-12-31,11:09:40,Amazon.com: Online Shopping,https://www.amazon.com/,2,0,link
655,656,2024-12-31,10:59:06,The Weather Channel - Weather.com,https://www.weather.com/,1,0,typed
656,657,2024-12-31,11:04:00,Amazon.com: Online Shopping,https://www.amazon.com/,2,0,typed
657,658,2024-12-31,10:56:11,Google Scholar: Deep Learning Transformers,https://scholar.google.com/scholar?q=deep+learning+transformers,4,0,link
658,659,2024-12-31,11:01:17,Algorithms Specialization - Coursera,https://www.coursera.org/learn/algorithms,5,0,link
659,660,2024-12-31,10:55:16,ResearchGate - AI Ethics in Healthcare,https://www.researchgate.net/project/AI-ethics-in-healthcare,4,0,generated
660,661,2024-12-31,10:54:48,ResearchGate - AI Ethics in Healthcare,https://www.researchgate.net/project/AI-ethics-in-healthcare,5,0,link
661,662,2024-12-31,10:51:27,Academic Programs - Harvard School of Engineering,https://www.harvard.edu/academics/computer-science/,5,0,link
662,663,2024-12-31,10:53:54,Introduction to Python Programming | edX,https://www.edx.org/course/introduction-to-python,2,0,link
663,664,2024-12-31,10:51:31,Organic Chemistry Textbooks - Amazon,https://www.amazon.com/textbooks/s?k=organic+chemistry,3,0,link
664,665,2024-12-31,10:50:56,MIT Computer Science and Artificial Intelligence Laboratory (CSAIL),https://www.mit.edu/research/robotics/,2,0,reload
665,666,2024-12-31,10:40:41,X (Twitter): Home,https://twitter.com/home,1,0,link
666,667,2024-12-31,10:45:38,ResearchGate - AI Ethics in Healthcare,https://www.researchgate.net/project/AI-ethics-in-healthcare,3,0,link
667,668,2024-12-31,10:36:33,Multivariable Calculus | Khan Academy,https://www.khanacademy.org/math/calculus-3/multivariable-derivatives,1,0,link
668,669,2024-12-31,10:41:05,ResearchGate - AI Ethics in Healthcare,https://www.researchgate.net/project/AI-ethics-in-healthcare,5,0,link
669,670,2024-12-31,10:31:26,CNN Breaking News and Video,https://www.cnn.com/,5,0,link
670,671,2024-12-31,10:31:39,Google Scholar: Deep Learning Transformers,https://scholar.google.com/scholar?q=deep+learning+transformers,4,0,link
671,672,2024-12-31,10:35:58,Introduction to Python Programming | edX,https://www.edx.org/course/introduction-to-python,4,0,link
672,673,2024-12-31,10:32:17,Call for Papers AI Ethics 2025,https://www.google.com/search?q=call+for+papers+ai+2025,5,0,link
673,674,2024-12-31,10:29:00,Algorithms Specialization - Coursera,https://www.coursera.org/learn/algorithms,2,0,link
674,675,2024-12-31,10:23:34,Artificial Intelligence - Journal - Elsevier,https://www.journals.elsevier.com/artificial-intelligence,5,0,link
675,676,2024-12-31,10:26:46,Google Scholar: Deep Learning Transformers,https://scholar.google.com/scholar?q=deep+learning+transformers,5,0,link
676,677,2024-12-31,10:19:04,X (Twitter): Home,https://twitter.com/home,3,0,link
677,678,2024-12-31,10:16:50,Artificial Intelligence - Journal - Elsevier,https://www.journals.elsevier.com/artificial-intelligence,1,0,generated
678,679,2024-12-31,10:19:58,Algorithms Specialization - Coursera,https://www.coursera.org/learn/algorithms,2,0,generated
679,680,2024-12-31,10:14:11,Organic Chemistry Textbooks - Amazon,https://www.amazon.com/textbooks/s?k=organic+chemistry,5,0,link
680,681,2024-12-31,10:16:28,ResearchGate - AI Ethics in Healthcare,https://www.researchgate.net/project/AI-ethics-in-healthcare,4,0,link
681,682,2024-12-31,10:12:19,The Historical Development of Quantum Theory | JSTOR,https://www.jstor.org/stable/j.ctt7st2s,5,0,form_submit
682,683,2024-12-31,10:06:14,Introduction to Python Programming | edX,https://www.edx.org/course/introduction-to-python,5,0,link
683,684,2024-12-31,10:10:06,Academic Programs - Harvard School of Engineering,https://www.harvard.edu/academics/computer-science/,5,0,generated
684,685,2024-12-31,10:01:42,X (Twitter): Home,https://twitter.com/home,4,0,link
685,686,2024-12-31,10:00:17,Algorithms Specialization - Coursera,https://www.coursera.org/learn/algorithms,2,0,link
686,687,2024-12-31,10:01:51,Organic Chemistry Textbooks - Amazon,https://www.amazon.com/textbooks/s?k=organic+chemistry,3,0,link
687,688,2024-12-31,09:59:56,CNN Breaking News and Video,https://www.cnn.com/,3,0,link
688,689,2024-12-31,09:58:33,Introduction to Python Programming | edX,https://www.edx.org/course/introduction-to-python,3,0,link
689,690,2024-12-31,09:55:27,X (Twitter): Home,https://twitter.com/home,2,0,generated
690,691,2024-12-31,09:57:06,Gmail: Inbox,https://mail.google.com/mail/u/0/#inbox,3,0,link
691,692,2024-12-31,09:51:30,ResearchGate - AI Ethics in Healthcare,https://www.researchgate.net/project/AI-ethics-in-healthcare,2,0,link
692,693,2024-12-31,09:53:49,Academic Programs - Harvard School of Engineering,https://www.harvard.edu/academics/computer-science/,4,0,link
693,694,2024-12-31,09:45:52,Call for Papers AI Ethics 2025,https://www.google.com/search?q=call+for+papers+ai+2025,5,0,link
694,695,2024-12-31,09:41:22,Call for Papers AI Ethics 2025,https://www.google.com/search?q=call+for+papers+ai+2025,1,0,link
695,696,2024-12-31,09:44:14,X (Twitter): Home,https://twitter.com/home,1,0,link
696,697,2024-12-31,09:42:26,The Historical Development of Quantum Theory | JSTOR,https://www.jstor.org/stable/j.ctt7st2s,3,0,link
697,698,2024-12-31,09:38:04,MIT Computer Science and Artificial Intelligence Laboratory (CSAIL),https://www.mit.edu/research/robotics/,5,0,link
698,699,2024-12-31,09:34:25,Algorithms Specialization - Coursera,https://www.coursera.org/learn/algorithms,2,0,generated
699,700,2024-12-31,09:38:12,MIT Computer Science and Artificial Intelligence Laboratory (CSAIL),https://www.mit.edu/research/robotics/,2,0,link
700,701,2024-12-31,09:30:28,X (Twitter): Home,https://twitter.com/home,1,0,reload
701,702,2024-12-31,09:33:33,ResearchGate - AI Ethics in Healthcare,https://www.researchgate.net/project/AI-ethics-in-healthcare,3,0,link
702,703,2024-12-31,09:31:25,CNN Breaking News and Video,https://www.cnn.com/,3,0,link
703,704,2024-12-31,09:31:23,Artificial Intelligence - Journal - Elsevier,https://www.journals.elsevier.com/artificial-intelligence,1,0,link
704,705,2024-12-31,09:23:08,X (Twitter): Home,https://twitter.com/home,3,0,link
705,706,2024-12-31,09:23:47,CNN Breaking News and Video,https://www.cnn.com/,5,0,link
706,707,2024-12-31,09:20:48,MIT Computer Science and Artificial Intelligence Laboratory (CSAIL),https://www.mit.edu/research/robotics/,1,0,form_submit
707,708,2024-12-31,09:15:29,Amazon.com: Online Shopping,https://www.amazon.com/,1,0,link
708,709,2024-12-31,09:17:41,Amazon.com: Online Shopping,https://www.amazon.com/,5,0,generated
709,710,2024-12-31,09:14:33,MIT Computer Science and Artificial Intelligence Laboratory (CSAIL),https://www.mit.edu/research/robotics/,2,0,generated
710,711,2024-12-31,09:09:42,The Historical Development of Quantum Theory | JSTOR,https://www.jstor.org/stable/j.ctt7st2s,5,0,generated
711,712,2024-12-31,09:10:41,CNN Breaking News and Video,https://www.cnn.com/,5,0,link
712,713,2024-12-31,09:13:03,MIT Computer Science and Artificial Intelligence Laboratory (CSAIL),https://www.mit.edu/research/robotics/,5,0,link
713,714,2024-12-31,09:03:34,CNN Breaking News and Video,https://www.cnn.com/,1,0,link
714,715,2024-12-31,09:05:44,Google Scholar: Deep Learning Transformers,https://scholar.google.com/scholar?q=deep+learning+transformers,4,0,typed
715,716,2024-12-31,09:05:10,Google Scholar: Deep Learning Transformers,https://scholar.google.com/scholar?q=deep+learning+transformers,2,0,link
716,717,2024-12-31,09:00:15,Algorithms Specialization - Coursera,https://www.coursera.org/learn/algorithms,5,0,link
717,718,2024-12-31,08:59:29,Call for Papers AI Ethics 2025,https://www.google.com/search?q=call+for+papers+ai+2025,5,0,link
718,719,2024-12-31,08:53:30,Artificial Intelligence - Journal - Elsevier,https://www.journals.elsevier.com/artificial-intelligence,5,0,generated
719,720,2024-12-31,08:53:51,The Weather Channel - Weather.com,https://www.weather.com/,5,0,link
720,721,2024-12-31,08:51:30,Introduction to Python Programming | edX,https://www.edx.org/course/introduction-to-python,3,0,link
721,722,2024-12-31,08:48:43,Introduction to Python Programming | edX,https://www.edx.org/course/introduction-to-python,3,0,link
722,723,2024-12-31,08:54:25,Introduction to Python Programming | edX,https://www.edx.org/course/introduction-to-python,1,0,link
723,724,2024-12-31,08:44:17,Gmail: Inbox,https://mail.google.com/mail/u/0/#inbox,2,0,typed
724,725,2024-12-31,08:41:09,Introduction to Python Programming | edX,https://www.edx.org/course/introduction-to-python,5,0,link
725,726,2024-12-31,08:42:52,Gmail: Inbox,https://mail.google.com/mail/u/0/#inbox,1,0,link
726,727,2024-12-31,08:43:54,Google Scholar: Deep Learning Transformers,https://scholar.google.com/scholar?q=deep+learning+transformers,5,0,link
727,728,2024-12-31,08:42:06,Multivariable Calculus | Khan Academy,https://www.khanacademy.org/math/calculus-3/multivariable-derivatives,4,0,link
728,729,2024-12-31,08:42:35,ResearchGate - AI Ethics in Healthcare,https://www.researchgate.net/project/AI-ethics-in-healthcare,5,0,link
729,730,2024-12-31,08:38:22,Artificial Intelligence - Journal - Elsevier,https://www.journals.elsevier.com/artificial-intelligence,2,0,generated
730,731,2024-12-31,08:30:00,Artificial Intelligence - Journal - Elsevier,https://www.journals.elsevier.com/artificial-intelligence,3,0,typed
731,732,2024-12-31,08:36:04,The Historical Development of Quantum Theory | JSTOR,https://www.jstor.org/stable/j.ctt7st2s,2,0,link
732,733,2024-12-31,08:33:36,ResearchGate - AI Ethics in Healthcare,https://www.researchgate.net/project/AI-ethics-in-healthcare,3,0,generated
733,734,2024-12-31,08:27:54,Organic Chemistry Textbooks - Amazon,https://www.amazon.com/textbooks/s?k=organic+chemistry,2,0,link
734,735,2024-12-31,08:30:04,X (Twitter): Home,https://twitter.com/home,4,0,link
735,736,2024-12-31,08:21:06,The Historical Development of Quantum Theory | JSTOR,https://www.jstor.org/stable/j.ctt7st2s,5,0,link
736,737,2024-12-31,08:17:48,The Weather Channel - Weather.com,https://www.weather.com/,4,0,typed
737,738,2024-12-31,08:21:56,Multivariable Calculus | Khan Academy,https://www.khanacademy.org/math/calculus-3/multivariable-derivatives,1,0,link
738,739,2024-12-31,08:15:16,Introduction to Python Programming | edX,https://www.edx.org/course/introduction-to-python,5,0,link
739,740,2024-12-31,08:15:25,ResearchGate - AI Ethics in Healthcare,https://www.researchgate.net/project/AI-ethics-in-healthcare,1,0,link
740,741,2024-12-31,08:13:09,ResearchGate - AI Ethics in Healthcare,https://www.researchgate.net/project/AI-ethics-in-healthcare,5,0,generated
741,742,2024-12-31,08:13:24,The Weather Channel - Weather.com,https://www.weather.com/,4,0,generated
742,743,2024-12-31,08:08:20,Algorithms Specialization - Coursera,https://www.coursera.org/learn/algorithms,3,0,typed
743,744,2024-12-31,08:11:15,Google Scholar: Deep Learning Transformers,https://scholar.google.com/scholar?q=deep+learning+transformers,5,0,link
744,745,2024-12-31,08:10:51,Introduction to Python Programming | edX,https://www.edx.org/course/introduction-to-python,1,0,link
745,746,2024-12-31,08:02:46,Call for Papers AI Ethics 2025,https://www.google.com/search?q=call+for+papers+ai+2025,1,0,link
746,747,2024-12-31,08:06:24,Organic Chemistry Textbooks - Amazon,https://www.amazon.com/textbooks/s?k=organic+chemistry,5,0,link
747,748,2024-12-31,08:00:30,The Historical Development of Quantum Theory | JSTOR,https://www.jstor.org/stable/j.ctt7st2s,2,0,link
748,749,2024-12-31,07:56:20,The Weather Channel - Weather.com,https://www.weather.com/,1,0,link
749,750,2024-12-31,08:00:43,MIT Computer Science and Artificial Intelligence Laboratory (CSAIL),https://www.mit.edu/research/robotics/,2,0,link
750,751,2024-12-31,07:53:03,CNN Breaking News and Video,https://www.cnn.com/,1,0,link
751,752,2024-12-31,07:47:08,Algorithms Specialization - Coursera,https://www.coursera.org/learn/algorithms,3,0,link
752,753,2024-12-31,07:54:22,Algorithms Specialization - Coursera,https://www.coursera.org/learn/algorithms,1,0,link
753,754,2024-12-31,07:43:54,Amazon.com: Online Shopping,https://www.amazon.com/,5,0,link
754,755,2024-12-31,07:49:22,Artificial Intelligence - Journal - Elsevier,https://www.journals.elsevier.com/artificial-intelligence,1,0,link
755,756,2024-12-31,07:45:18,X (Twitter): Home,https://twitter.com/home,2,0,link
756,757,2024-12-31,07:40:10,Artificial Intelligence - Journal - Elsevier,https://www.journals.elsevier.com/artificial-intelligence,1,0,link
757,758,2024-12-31,07:44:29,Amazon.com: Online Shopping,https://www.amazon.com/,4,0,generated
758,759,2024-12-31,07:35:44,Call for Papers AI Ethics 2025,https://www.google.com/search?q=call+for+papers+ai+2025,5,0,link
759,760,2024-12-31,07:33:31,The Weather Channel - Weather.com,https://www.weather.com/,5,0,typed
760,761,2024-12-31,07:35:48,Artificial Intelligence - Journal - Elsevier,https://www.journals.elsevier.com/artificial-intelligence,4,0,link
761,762,2024-12-31,07:28:13,Multivariable Calculus | Khan Academy,https://www.khanacademy.org/math/calculus-3/multivariable-derivatives,3,0,link
762,763,2024-12-31,07:29:27,Academic Programs - Harvard School of Engineering,https://www.harvard.edu/academics/computer-science/,3,0,link
763,764,2024-12-31,07:32:38,Gmail: Inbox,https://mail.google.com/mail/u/0/#inbox,5,0,link
764,765,2024-12-31,07:26:07,Google Scholar: Deep Learning Transformers,https://scholar.google.com/scholar?q=deep+learning+transformers,3,0,link
765,766,2024-12-31,07:19:23,Introduction to Python Programming | edX,https://www.edx.org/course/introduction-to-python,2,0,typed
766,767,2024-12-31,07:19:16,The Historical Development of Quantum Theory | JSTOR,https://www.jstor.org/stable/j.ctt7st2s,2,0,link
767,768,2024-12-31,07:17:11,Multivariable Calculus | Khan Academy,https://www.khanacademy.org/math/calculus-3/multivariable-derivatives,5,0,link
768,769,2024-12-31,07:20:19,The Weather Channel - Weather.com,https://www.weather.com/,5,0,link
769,770,2024-12-31,07:16:36,Artificial Intelligence - Journal - Elsevier,https://www.journals.elsevier.com/artificial-intelligence,4,0,link
770,771,2024-12-31,07:15:20,The Weather Channel - Weather.com,https://www.weather.com/,1,0,generated
771,772,2024-12-31,07:13:47,Organic Chemistry Textbooks - Amazon,https://www.amazon.com/textbooks/s?k=organic+chemistry,1,0,link
772,773,2024-12-31,07:14:43,Organic Chemistry Textbooks - Amazon,https://www.amazon.com/textbooks/s?k=organic+chemistry,2,0,typed
773,774,2024-12-31,07:11:18,MIT Computer Science and Artificial Intelligence Laboratory (CSAIL),https://www.mit.edu/research/robotics/,3,0,link
774,775,2024-12-31,07:09:21,ResearchGate - AI Ethics in Healthcare,https://www.researchgate.net/project/AI-ethics-in-healthcare,4,0,typed
775,776,2024-12-31,07:07:09,MIT Computer Science and Artificial Intelligence Laboratory (CSAIL),https://www.mit.edu/research/robotics/,1,0,link
776,777,2024-12-31,07:06:59,The Weather Channel - Weather.com,https://www.weather.com/,1,0,link
777,778,2024-12-31,07:02:26,CNN Breaking News and Video,https://www.cnn.com/,2,0,typed
778,779,2024-12-31,06:55:04,CNN Breaking News and Video,https://www.cnn.com/,3,0,link
779,780,2024-12-31,06:58:19,Amazon.com: Online Shopping,https://www.amazon.com/,1,0,link
780,781,2024-12-31,06:51:06,Google Scholar: Deep Learning Transformers,https://scholar.google.com/scholar?q=deep+learning+transformers,1,0,link
781,782,2024-12-31,06:56:47,Amazon.com: Online Shopping,https://www.amazon.com/,4,0,link
782,783,2024-12-31,06:50:00,Academic Programs - Harvard School of Engineering,https://www.harvard.edu/academics/computer-science/,2,0,link
783,784,2024-12-31,06:44:21,Amazon.com: Online Shopping,https://www.amazon.com/,2,0,link
784,785,2024-12-31,06:41:09,MIT Computer Science and Artificial Intelligence Laboratory (CSAIL),https://www.mit.edu/research/robotics/,4,0,link
785,786,2024-12-31,06:41:14,The Historical Development of Quantum Theory | JSTOR,https://www.jstor.org/stable/j.ctt7st2s,1,0,link
786,787,2024-12-31,06:43:30,Multivariable Calculus | Khan Academy,https://www.khanacademy.org/math/calculus-3/multivariable-derivatives,5,0,typed
787,788,2024-12-31,06:35:20,CNN Breaking News and Video,https://www.cnn.com/,2,0,link
788,789,2024-12-31,06:37:26,Introduction to Python Programming | edX,https://www.edx.org/course/introduction-to-python,1,0,link
789,790,2024-12-31,06:40:11,Artificial Intelligence - Journal - Elsevier,https://www.journals.elsevier.com/artificial-intelligence,2,0,link
790,791,2024-12-31,06:34:59,Algorithms Specialization - Coursera,https://www.coursera.org/learn/algorithms,5,0,link
791,792,2024-12-31,06:31:03,Call for Papers AI Ethics 2025,https://www.google.com/search?q=call+for+papers+ai+2025,4,0,link
792,793,2024-12-31,06:32:57,ResearchGate - AI Ethics in Healthcare,https://www.researchgate.net/project/AI-ethics-in-healthcare,1,0,link
793,794,2024-12-31,06:27:13,CNN Breaking News and Video,https://www.cnn.com/,5,0,generated
794,795,2024-12-31,06:23:22,ResearchGate - AI Ethics in Healthcare,https://www.researchgate.net/project/AI-ethics-in-healthcare,4,0,link
795,796,2024-12-31,06:27:14,CNN Breaking News and Video,https://www.cnn.com/,1,0,link
796,797,2024-12-31,06:18:58,Algorithms Specialization - Coursera,https://www.coursera.org/learn/algorithms,5,0,link
797,798,2024-12-31,06:17:54,CNN Breaking News and Video,https://www.cnn.com/,1,0,link
798,799,2024-12-31,06:20:21,Organic Chemistry Textbooks - Amazon,https://www.amazon.com/textbooks/s?k=organic+chemistry,4,0,form_submit
799,800,2024-12-31,06:15:52,Gmail: Inbox,https://mail.google.com/mail/u/0/#inbox,3,0,generated
800,801,2024-12-31,06:15:14,ResearchGate - AI Ethics in Healthcare,https://www.researchgate.net/project/AI-ethics-in-healthcare,5,0,typed
801,802,2024-12-31,06:10:28,The Historical Development of Quantum Theory | JSTOR,https://www.jstor.org/stable/j.ctt7st2s,1,0,generated
802,803,2024-12-31,06:06:00,MIT Computer Science and Artificial Intelligence Laboratory (CSAIL),https://www.mit.edu/research/robotics/,1,0,generated
803,804,2024-12-31,06:12:53,Artificial Intelligence - Journal - Elsevier,https://www.journals.elsevier.com/artificial-intelligence,1,0,typed
804,805,2024-12-31,06:04:44,Amazon.com: Online Shopping,https://www.amazon.com/,2,0,link
805,806,2024-12-31,06:00:03,ResearchGate - AI Ethics in Healthcare,https://www.researchgate.net/project/AI-ethics-in-healthcare,4,0,link
806,807,2024-12-31,06:05:31,Academic Programs - Harvard School of Engineering,https://www.harvard.edu/academics/computer-science/,1,0,link
807,808,2024-12-31,06:02:53,CNN Breaking News and Video,https://www.cnn.com/,3,0,typed
808,809,2024-12-31,05:58:14,Academic Programs - Harvard School of Engineering,https://www.harvard.edu/academics/computer-science/,3,0,link
809,810,2024-12-31,05:51:46,Introduction to Python Programming | edX,https://www.edx.org/course/introduction-to-python,3,0,generated
810,811,2024-12-31,05:49:15,ResearchGate - AI Ethics in Healthcare,https://www.researchgate.net/project/AI-ethics-in-healthcare,3,0,link
811,812,2024-12-31,05:47:13,Gmail: Inbox,https://mail.google.com/mail/u/0/#inbox,1,0,link
812,813,2024-12-31,05:50:41,ResearchGate - AI Ethics in Healthcare,https://www.researchgate.net/project/AI-ethics-in-healthcare,1,0,link
813,814,2024-12-31,05:50:58,Amazon.com: Online Shopping,https://www.amazon.com/,2,0,link
814,815,2024-12-31,05:45:11,Amazon.com: Online Shopping,https://www.amazon.com/,1,0,link
815,816,2024-12-31,05:47:36,Algorithms Specialization - Coursera,https://www.coursera.org/learn/algorithms,5,0,link
816,817,2024-12-31,05:43:43,Gmail: Inbox,https://mail.google.com/mail/u/0/#inbox,1,0,link
817,818,2024-12-31,05:37:28,ResearchGate - AI Ethics in Healthcare,https://www.researchgate.net/project/AI-ethics-in-healthcare,1,0,link
818,819,2024-12-31,05:41:08,Introduction to Python Programming | edX,https://www.edx.org/course/introduction-to-python,4,0,link
819,820,2024-12-31,05:34:56,Gmail: Inbox,https://mail.google.com/mail/u/0/#inbox,4,0,typed
820,821,2024-12-31,05:33:54,The Historical Development of Quantum Theory | JSTOR,https://www.jstor.org/stable/j.ctt7st2s,1,0,link
821,822,2024-12-31,05:28:49,Academic Programs - Harvard School of Engineering,https://www.harvard.edu/academics/computer-science/,3,0,link
822,823,2024-12-31,05:31:52,Gmail: Inbox,https://mail.google.com/mail/u/0/#inbox,5,0,link
823,824,2024-12-31,05:29:18,Introduction to Python Programming | edX,https://www.edx.org/course/introduction-to-python,4,0,link
824,825,2024-12-31,05:23:08,Organic Chemistry Textbooks - Amazon,https://www.amazon.com/textbooks/s?k=organic+chemistry,4,0,link
825,826,2024-12-31,05:28:12,The Historical Development of Quantum Theory | JSTOR,https://www.jstor.org/stable/j.ctt7st2s,4,0,typed
826,827,2024-12-31,05:26:14,Algorithms Specialization - Coursera,https://www.coursera.org/learn/algorithms,1,0,link
827,828,2024-12-31,05:19:57,Call for Papers AI Ethics 2025,https://www.google.com/search?q=call+for+papers+ai+2025,1,0,link
828,829,2024-12-31,05:14:36,The Historical Development of Quantum Theory | JSTOR,https://www.jstor.org/stable/j.ctt7st2s,1,0,link
829,830,2024-12-31,05:14:22,X (Twitter): Home,https://twitter.com/home,2,0,link
830,831,2024-12-31,05:18:08,Academic Programs - Harvard School of Engineering,https://www.harvard.edu/academics/computer-science/,5,0,link
831,832,2024-12-31,05:13:45,Call for Papers AI Ethics 2025,https://www.google.com/search?q=call+for+papers+ai+2025,1,0,link
832,833,2024-12-31,05:11:57,Algorithms Specialization - Coursera,https://www.coursera.org/learn/algorithms,4,0,link
833,834,2024-12-31,05:12:23,Organic Chemistry Textbooks - Amazon,https://www.amazon.com/textbooks/s?k=organic+chemistry,1,0,link
834,835,2024-12-31,05:07:23,X (Twitter): Home,https://twitter.com/home,3,0,generated
835,836,2024-12-31,05:05:23,The Historical Development of Quantum Theory | JSTOR,https://www.jstor.org/stable/j.ctt7st2s,1,0,link
836,837,2024-12-31,04:59:27,Google Scholar: Deep Learning Transformers,https://scholar.google.com/scholar?q=deep+learning+transformers,4,0,form_submit
837,838,2024-12-31,05:01:49,Multivariable Calculus | Khan Academy,https://www.khanacademy.org/math/calculus-3/multivariable-derivatives,2,0,link
838,839,2024-12-31,05:00:46,Call for Papers AI Ethics 2025,https://www.google.com/search?q=call+for+papers+ai+2025,2,0,generated
839,840,2024-12-31,04:58:32,Multivariable Calculus | Khan Academy,https://www.khanacademy.org/math/calculus-3/multivariable-derivatives,1,0,link
840,841,2024-12-31,04:57:29,ResearchGate - AI Ethics in Healthcare,https://www.researchgate.net/project/AI-ethics-in-healthcare,2,0,typed
841,842,2024-12-31,04:52:25,Artificial Intelligence - Journal - Elsevier,https://www.journals.elsevier.com/artificial-intelligence,5,0,link
842,843,2024-12-31,04:52:11,Multivariable Calculus | Khan Academy,https://www.khanacademy.org/math/calculus-3/multivariable-derivatives,1,0,link
843,844,2024-12-31,04:45:35,Organic Chemistry Textbooks - Amazon,https://www.amazon.com/textbooks/s?k=organic+chemistry,5,0,link
844,845,2024-12-31,04:50:04,The Weather Channel - Weather.com,https://www.weather.com/,4,0,link
845,846,2024-12-31,04:48:56,Call for Papers AI Ethics 2025,https://www.google.com/search?q=call+for+papers+ai+2025,2,0,reload
846,847,2024-12-31,04:37:47,MIT Computer Science and Artificial Intelligence Laboratory (CSAIL),https://www.mit.edu/research/robotics/,1,0,link
847,848,2024-12-31,04:36:27,The Historical Development of Quantum Theory | JSTOR,https://www.jstor.org/stable/j.ctt7st2s,2,0,typed
848,849,2024-12-31,04:39:09,Artificial Intelligence - Journal - Elsevier,https://www.journals.elsevier.com/artificial-intelligence,2,0,link
849,850,2024-12-31,04:34:28,CNN Breaking News and Video,https://www.cnn.com/,5,0,link
850,851,2024-12-31,04:37:15,ResearchGate - AI Ethics in Healthcare,https://www.researchgate.net/project/AI-ethics-in-healthcare,4,0,link
851,852,2024-12-31,04:32:53,Amazon.com: Online Shopping,https://www.amazon.com/,2,0,typed
852,853,2024-12-31,04:29:43,Academic Programs - Harvard School of Engineering,https://www.harvard.edu/academics/computer-science/,4,0,link
853,854,2024-12-31,04:24:24,Multivariable Calculus | Khan Academy,https://www.khanacademy.org/math/calculus-3/multivariable-derivatives,2,0,link
854,855,2024-12-31,04:21:26,Google Scholar: Deep Learning Transformers,https://scholar.google.com/scholar?q=deep+learning+transformers,5,0,link
855,856,2024-12-31,04:27:43,Gmail: Inbox,https://mail.google.com/mail/u/0/#inbox,4,0,typed
856,857,2024-12-31,04:26:55,Academic Programs - Harvard School of Engineering,https://www.harvard.edu/academics/computer-science/,3,0,link
857,858,2024-12-31,04:22:32,Artificial Intelligence - Journal - Elsevier,https://www.journals.elsevier.com/artificial-intelligence,2,0,typed
858,859,2024-12-31,04:21:26,Organic Chemistry Textbooks - Amazon,https://www.amazon.com/textbooks/s?k=organic+chemistry,4,0,typed
859,860,2024-12-31,04:11:05,Artificial Intelligence - Journal - Elsevier,https://www.journals.elsevier.com/artificial-intelligence,2,0,link
860,861,2024-12-31,04:11:23,Gmail: Inbox,https://mail.google.com/mail/u/0/#inbox,1,0,link
861,862,2024-12-31,04:07:39,X (Twitter): Home,https://twitter.com/home,4,0,link
862,863,2024-12-31,04:07:24,CNN Breaking News and Video,https://www.cnn.com/,4,0,link
863,864,2024-12-31,04:05:24,Call for Papers AI Ethics 2025,https://www.google.com/search?q=call+for+papers+ai+2025,4,0,link
864,865,2024-12-31,04:01:43,Amazon.com: Online Shopping,https://www.amazon.com/,1,0,link
865,866,2024-12-31,04:08:33,Amazon.com: Online Shopping,https://www.amazon.com/,2,0,link
866,867,2024-12-31,04:02:21,Algorithms Specialization - Coursera,https://www.coursera.org/learn/algorithms,3,0,generated
867,868,2024-12-31,04:02:32,Academic Programs - Harvard School of Engineering,https://www.harvard.edu/academics/computer-science/,1,0,generated
868,869,2024-12-31,03:54:22,CNN Breaking News and Video,https://www.cnn.com/,4,0,link
869,870,2024-12-31,03:54:55,CNN Breaking News and Video,https://www.cnn.com/,1,0,link
870,871,2024-12-31,03:49:57,Artificial Intelligence - Journal - Elsevier,https://www.journals.elsevier.com/artificial-intelligence,1,0,link
871,872,2024-12-31,03:48:04,ResearchGate - AI Ethics in Healthcare,https://www.researchgate.net/project/AI-ethics-in-healthcare,5,0,link
872,873,2024-12-31,03:52:33,Academic Programs - Harvard School of Engineering,https://www.harvard.edu/academics/computer-science/,2,0,link
873,874,2024-12-31,03:44:52,Google Scholar: Deep Learning Transformers,https://scholar.google.com/scholar?q=deep+learning+transformers,2,0,form_submit
874,875,2024-12-31,03:42:46,The Weather Channel - Weather.com,https://www.weather.com/,4,0,typed
875,876,2024-12-31,03:43:17,Gmail: Inbox,https://mail.google.com/mail/u/0/#inbox,3,0,link
876,877,2024-12-31,03:37:51,Gmail: Inbox,https://mail.google.com/mail/u/0/#inbox,5,0,link
877,878,2024-12-31,03:44:17,Multivariable Calculus | Khan Academy,https://www.khanacademy.org/math/calculus-3/multivariable-derivatives,2,0,link
878,879,2024-12-31,03:42:37,Academic Programs - Harvard School of Engineering,https://www.harvard.edu/academics/computer-science/,5,0,generated
879,880,2024-12-31,03:37:41,Academic Programs - Harvard School of Engineering,https://www.harvard.edu/academics/computer-science/,3,0,link
880,881,2024-12-31,03:30:38,Academic Programs - Harvard School of Engineering,https://www.harvard.edu/academics/computer-science/,1,0,link
881,882,2024-12-31,03:33:31,Introduction to Python Programming | edX,https://www.edx.org/course/introduction-to-python,3,0,link
882,883,2024-12-31,03:30:32,Introduction to Python Programming | edX,https://www.edx.org/course/introduction-to-python,1,0,link
883,884,2024-12-31,03:27:16,Algorithms Specialization - Coursera,https://www.coursera.org/learn/algorithms,1,0,link
884,885,2024-12-31,03:30:36,Academic Programs - Harvard School of Engineering,https://www.harvard.edu/academics/computer-science/,4,0,link
885,886,2024-12-31,03:20:33,Google Scholar: Deep Learning Transformers,https://scholar.google.com/scholar?q=deep+learning+transformers,5,0,typed
886,887,2024-12-31,03:18:25,Gmail: Inbox,https://mail.google.com/mail/u/0/#inbox,3,0,link
887,888,2024-12-31,03:22:39,Algorithms Specialization - Coursera,https://www.coursera.org/learn/algorithms,4,0,link
888,889,2024-12-31,03:22:12,Call for Papers AI Ethics 2025,https://www.google.com/search?q=call+for+papers+ai+2025,3,0,link
889,890,2024-12-31,03:14:16,ResearchGate - AI Ethics in Healthcare,https://www.researchgate.net/project/AI-ethics-in-healthcare,2,0,form_submit
890,891,2024-12-31,03:16:35,Academic Programs - Harvard School of Engineering,https://www.harvard.edu/academics/computer-science/,4,0,link
891,892,2024-12-31,03:13:04,The Weather Channel - Weather.com,https://www.weather.com/,4,0,generated
892,893,2024-12-31,03:12:15,Amazon.com: Online Shopping,https://www.amazon.com/,5,0,typed
893,894,2024-12-31,03:09:04,The Weather Channel - Weather.com,https://www.weather.com/,1,0,link
894,895,2024-12-31,03:01:30,The Historical Development of Quantum Theory | JSTOR,https://www.jstor.org/stable/j.ctt7st2s,1,0,reload
895,896,2024-12-31,03:01:45,Gmail: Inbox,https://mail.google.com/mail/u/0/#inbox,2,0,generated
896,897,2024-12-31,03:02:30,CNN Breaking News and Video,https://www.cnn.com/,2,0,link
897,898,2024-12-31,02:55:22,The Historical Development of Quantum Theory | JSTOR,https://www.jstor.org/stable/j.ctt7st2s,4,0,generated
898,899,2024-12-31,02:57:01,CNN Breaking News and Video,https://www.cnn.com/,1,0,typed
899,900,2024-12-31,02:52:06,ResearchGate - AI Ethics in Healthcare,https://www.researchgate.net/project/AI-ethics-in-healthcare,5,0,link
900,901,2024-12-31,02:58:29,X (Twitter): Home,https://twitter.com/home,5,0,link
901,902,2024-12-31,02:56:23,Gmail: Inbox,https://mail.google.com/mail/u/0/#inbox,1,0,reload
902,903,2024-12-31,02:50:34,Algorithms Specialization - Coursera,https://www.coursera.org/learn/algorithms,1,0,link
903,904,2024-12-31,02:49:21,Gmail: Inbox,https://mail.google.com/mail/u/0/#inbox,5,0,generated
904,905,2024-12-31,02:47:30,Introduction to Python Programming | edX,https://www.edx.org/course/introduction-to-python,2,0,generated
905,906,2024-12-31,02:44:35,Academic Programs - Harvard School of Engineering,https://www.harvard.edu/academics/computer-science/,3,0,link
906,907,2024-12-31,02:38:32,Introduction to Python Programming | edX,https://www.edx.org/course/introduction-to-python,2,0,link
907,908,2024-12-31,02:35:05,The Weather Channel - Weather.com,https://www.weather.com/,3,0,generated
908,909,2024-12-31,02:39:41,Artificial Intelligence - Journal - Elsevier,https://www.journals.elsevier.com/artificial-intelligence,5,0,generated
909,910,2024-12-31,02:33:59,Introduction to Python Programming | edX,https://www.edx.org/course/introduction-to-python,4,0,link
910,911,2024-12-31,02:30:08,Gmail: Inbox,https://mail.google.com/mail/u/0/#inbox,3,0,typed
911,912,2024-12-31,02:36:32,Artificial Intelligence - Journal - Elsevier,https://www.journals.elsevier.com/artificial-intelligence,3,0,reload
912,913,2024-12-31,02:26:52,ResearchGate - AI Ethics in Healthcare,https://www.researchgate.net/project/AI-ethics-in-healthcare,5,0,typed
913,914,2024-12-31,02:29:28,MIT Computer Science and Artificial Intelligence Laboratory (CSAIL),https://www.mit.edu/research/robotics/,3,0,link
914,915,2024-12-31,02:28:38,Algorithms Specialization - Coursera,https://www.coursera.org/learn/algorithms,2,0,generated
915,916,2024-12-31,02:19:57,Google Scholar: Deep Learning Transformers,https://scholar.google.com/scholar?q=deep+learning+transformers,4,0,link
916,917,2024-12-31,02:19:40,Organic Chemistry Textbooks - Amazon,https://www.amazon.com/textbooks/s?k=organic+chemistry,3,0,link
917,918,2024-12-31,02:24:51,Gmail: Inbox,https://mail.google.com/mail/u/0/#inbox,2,0,typed
918,919,2024-12-31,02:16:52,Organic Chemistry Textbooks - Amazon,https://www.amazon.com/textbooks/s?k=organic+chemistry,1,0,typed
919,920,2024-12-31,02:19:59,The Historical Development of Quantum Theory | JSTOR,https://www.jstor.org/stable/j.ctt7st2s,5,0,link
920,921,2024-12-31,02:11:39,The Weather Channel - Weather.com,https://www.weather.com/,3,0,link
921,922,2024-12-31,02:14:11,Organic Chemistry Textbooks - Amazon,https://www.amazon.com/textbooks/s?k=organic+chemistry,4,0,generated
922,923,2024-12-31,02:08:53,Academic Programs - Harvard School of Engineering,https://www.harvard.edu/academics/computer-science/,4,0,link
923,924,2024-12-31,02:03:44,CNN Breaking News and Video,https://www.cnn.com/,5,0,typed
924,925,2024-12-31,02:09:48,MIT Computer Science and Artificial Intelligence Laboratory (CSAIL),https://www.mit.edu/research/robotics/,1,0,link
925,926,2024-12-31,02:03:03,X (Twitter): Home,https://twitter.com/home,3,0,link
926,927,2024-12-31,01:58:23,Artificial Intelligence - Journal - Elsevier,https://www.journals.elsevier.com/artificial-intelligence,2,0,link
927,928,2024-12-31,02:02:26,Organic Chemistry Textbooks - Amazon,https://www.amazon.com/textbooks/s?k=organic+chemistry,3,0,link
928,929,2024-12-31,01:53:50,The Historical Development of Quantum Theory | JSTOR,https://www.jstor.org/stable/j.ctt7st2s,4,0,typed
929,930,2024-12-31,01:57:14,Academic Programs - Harvard School of Engineering,https://www.harvard.edu/academics/computer-science/,1,0,link
930,931,2024-12-31,01:54:37,Introduction to Python Programming | edX,https://www.edx.org/course/introduction-to-python,5,0,link
931,932,2024-12-31,01:51:59,Amazon.com: Online Shopping,https://www.amazon.com/,4,0,generated
932,933,2024-12-31,01:47:22,ResearchGate - AI Ethics in Healthcare,https://www.researchgate.net/project/AI-ethics-in-healthcare,4,0,generated
933,934,2024-12-31,01:48:52,MIT Computer Science and Artificial Intelligence Laboratory (CSAIL),https://www.mit.edu/research/robotics/,5,0,link
934,935,2024-12-31,01:50:00,Amazon.com: Online Shopping,https://www.amazon.com/,2,0,link
935,936,2024-12-31,01:41:20,ResearchGate - AI Ethics in Healthcare,https://www.researchgate.net/project/AI-ethics-in-healthcare,3,0,link
936,937,2024-12-31,01:37:23,MIT Computer Science and Artificial Intelligence Laboratory (CSAIL),https://www.mit.edu/research/robotics/,1,0,link
937,938,2024-12-31,01:37:14,The Historical Development of Quantum Theory | JSTOR,https://www.jstor.org/stable/j.ctt7st2s,1,0,link
938,939,2024-12-31,01:34:06,Introduction to Python Programming | edX,https://www.edx.org/course/introduction-to-python,1,0,link
939,940,2024-12-31,01:37:44,ResearchGate - AI Ethics in Healthcare,https://www.researchgate.net/project/AI-ethics-in-healthcare,5,0,link
940,941,2024-12-31,01:34:04,Introduction to Python Programming | edX,https://www.edx.org/course/introduction-to-python,5,0,link
941,942,2024-12-31,01:33:29,The Weather Channel - Weather.com,https://www.weather.com/,5,0,typed
942,943,2024-12-31,01:28:22,Call for Papers AI Ethics 2025,https://www.google.com/search?q=call+for+papers+ai+2025,1,0,typed
943,944,2024-12-31,01:27:35,X (Twitter): Home,https://twitter.com/home,3,0,link
944,945,2024-12-31,01:28:31,MIT Computer Science and Artificial Intelligence Laboratory (CSAIL),https://www.mit.edu/research/robotics/,5,0,generated
945,946,2024-12-31,01:21:40,Academic Programs - Harvard School of Engineering,https://www.harvard.edu/academics/computer-science/,3,0,link
946,947,2024-12-31,01:21:59,Call for Papers AI Ethics 2025,https://www.google.com/search?q=call+for+papers+ai+2025,4,0,typed
947,948,2024-12-31,01:21:31,Amazon.com: Online Shopping,https://www.amazon.com/,1,0,generated
948,949,2024-12-31,01:23:00,Introduction to Python Programming | edX,https://www.edx.org/course/introduction-to-python,3,0,link
949,950,2024-12-31,01:19:45,Introduction to Python Programming | edX,https://www.edx.org/course/introduction-to-python,3,0,link
950,951,2024-12-31,01:12:40,MIT Computer Science and Artificial Intelligence Laboratory (CSAIL),https://www.mit.edu/research/robotics/,2,0,link
951,952,2024-12-31,01:14:46,Multivariable Calculus | Khan Academy,https://www.khanacademy.org/math/calculus-3/multivariable-derivatives,1,0,link
952,953,2024-12-31,01:10:14,CNN Breaking News and Video,https://www.cnn.com/,4,0,link
953,954,2024-12-31,01:07:30,Algorithms Specialization - Coursera,https://www.coursera.org/learn/algorithms,3,0,link
954,955,2024-12-31,01:03:50,MIT Computer Science and Artificial Intelligence Laboratory (CSAIL),https://www.mit.edu/research/robotics/,3,0,link
955,956,2024-12-31,01:08:37,Google Scholar: Deep Learning Transformers,https://scholar.google.com/scholar?q=deep+learning+transformers,5,0,typed
956,957,2024-12-31,00:58:41,MIT Computer Science and Artificial Intelligence Laboratory (CSAIL),https://www.mit.edu/research/robotics/,3,0,link
957,958,2024-12-31,00:55:46,Google Scholar: Deep Learning Transformers,https://scholar.google.com/scholar?q=deep+learning+transformers,2,0,link
958,959,2024-12-31,01:01:30,CNN Breaking News and Video,https://www.cnn.com/,1,0,link
959,960,2024-12-31,00:58:12,The Historical Development of Quantum Theory | JSTOR,https://www.jstor.org/stable/j.ctt7st2s,2,0,link
960,961,2024-12-31,00:55:53,CNN Breaking News and Video,https://www.cnn.com/,2,0,link
961,962,2024-12-31,00:55:04,Organic Chemistry Textbooks - Amazon,https://www.amazon.com/textbooks/s?k=organic+chemistry,4,0,link
962,963,2024-12-31,00:48:24,ResearchGate - AI Ethics in Healthcare,https://www.researchgate.net/project/AI-ethics-in-healthcare,1,0,link
963,964,2024-12-31,00:46:32,Multivariable Calculus | Khan Academy,https://www.khanacademy.org/math/calculus-3/multivariable-derivatives,3,0,link
964,965,2024-12-31,00:46:46,Academic Programs - Harvard School of Engineering,https://www.harvard.edu/academics/computer-science/,2,0,link
965,966,2024-12-31,00:47:30,The Historical Development of Quantum Theory | JSTOR,https://www.jstor.org/stable/j.ctt7st2s,4,0,generated
966,967,2024-12-31,00:38:44,X (Twitter): Home,https://twitter.com/home,5,0,typed
967,968,2024-12-31,00:38:59,ResearchGate - AI Ethics in Healthcare,https://www.researchgate.net/project/AI-ethics-in-healthcare,1,0,link
968,969,2024-12-31,00:35:40,Organic Chemistry Textbooks - Amazon,https://www.amazon.com/textbooks/s?k=organic+chemistry,1,0,link
969,970,2024-12-31,00:31:10,Google Scholar: Deep Learning Transformers,https://scholar.google.com/scholar?q=deep+learning+transformers,5,0,typed
970,971,2024-12-31,00:30:06,Multivariable Calculus | Khan Academy,https://www.khanacademy.org/math/calculus-3/multivariable-derivatives,2,0,reload
971,972,2024-12-31,00:34:50,Multivariable Calculus | Khan Academy,https://www.khanacademy.org/math/calculus-3/multivariable-derivatives,2,0,link
972,973,2024-12-31,00:27:27,Call for Papers AI Ethics 2025,https://www.google.com/search?q=call+for+papers+ai+2025,3,0,link
973,974,2024-12-31,00:25:32,Introduction to Python Programming | edX,https://www.edx.org/course/introduction-to-python,1,0,typed
974,975,2024-12-31,00:28:45,Google Scholar: Deep Learning Transformers,https://scholar.google.com/scholar?q=deep+learning+transformers,4,0,typed
975,976,2024-12-31,00:19:14,CNN Breaking News and Video,https://www.cnn.com/,4,0,link
976,977,2024-12-31,00:22:34,CNN Breaking News and Video,https://www.cnn.com/,5,0,link
977,978,2024-12-31,00:22:14,Academic Programs - Harvard School of Engineering,https://www.harvard.edu/academics/computer-science/,1,0,link
978,979,2024-12-31,00:18:24,Call for Papers AI Ethics 2025,https://www.google.com/search?q=call+for+papers+ai+2025,3,0,link
979,980,2024-12-31,00:14:34,X (Twitter): Home,https://twitter.com/home,1,0,link
980,981,2024-12-31,00:18:19,Gmail: Inbox,https://mail.google.com/mail/u/0/#inbox,4,0,link
981,982,2024-12-31,00:11:29,Gmail: Inbox,https://mail.google.com/mail/u/0/#inbox,5,0,link
982,983,2024-12-31,00:14:07,Introduction to Python Programming | edX,https://www.edx.org/course/introduction-to-python,2,0,link
983,984,2024-12-31,00:10:08,Introduction to Python Programming | edX,https://www.edx.org/course/introduction-to-python,1,0,reload
984,985,2024-12-31,00:09:58,Google Scholar: Deep Learning Transformers,https://scholar.google.com/scholar?q=deep+learning+transformers,2,0,generated
985,986,2024-12-31,00:06:20,X (Twitter): Home,https://twitter.com/home,5,0,link
986,987,2024-12-30,23:57:56,Multivariable Calculus | Khan Academy,https://www.khanacademy.org/math/calculus-3/multivariable-derivatives,4,0,link
987,988,2024-12-31,00:04:31,Multivariable Calculus | Khan Academy,https://www.khanacademy.org/math/calculus-3/multivariable-derivatives,4,0,typed
988,989,2024-12-30,23:58:03,CNN Breaking News and Video,https://www.cnn.com/,4,0,reload
989,990,2024-12-31,00:00:16,Introduction to Python Programming | edX,https://www.edx.org/course/introduction-to-python,1,0,link
990,991,2024-12-30,23:49:50,ResearchGate - AI Ethics in Healthcare,https://www.researchgate.net/project/AI-ethics-in-healthcare,4,0,typed
991,992,2024-12-30,23:51:16,ResearchGate - AI Ethics in Healthcare,https://www.researchgate.net/project/AI-ethics-in-healthcare,4,0,link
992,993,2024-12-30,23:45:46,Gmail: Inbox,https://mail.google.com/mail/u/0/#inbox,5,0,generated
993,994,2024-12-30,23:45:20,Amazon.com: Online Shopping,https://www.amazon.com/,4,0,link
994,995,2024-12-30,23:42:42,ResearchGate - AI Ethics in Healthcare,https://www.researchgate.net/project/AI-ethics-in-healthcare,1,0,link
995,996,2024-12-30,23:41:25,The Weather Channel - Weather.com,https://www.weather.com/,1,0,typed
996,997,2024-12-30,23:37:08,The Weather Channel - Weather.com,https://www.weather.com/,1,0,link
997,998,2024-12-30,23:44:23,Gmail: Inbox,https://mail.google.com/mail/u/0/#inbox,3,0,link
998,999,2024-12-30,23:35:51,Call for Papers AI Ethics 2025,https://www.google.com/search?q=call+for+papers+ai+2025,3,0,generated
999,1000,2024-12-30,23:34:53,The Historical Development of Quantum Theory | JSTOR,https://www.jstor.org/stable/j.ctt7st2s,5,0,link
1000,1001,2024-12-30,23:38:19,Multivariable Calculus | Khan Academy,https://www.khanacademy.org/math/calculus-3/multivariable-derivatives,4,0,typed
1001,1002,2024-12-30,23:29:57,Academic Programs - Harvard School of Engineering,https://www.harvard.edu/academics/computer-science/,5,0,link
1002,1003,2024-12-30,23:25:10,ResearchGate - AI Ethics in Healthcare,https://www.researchgate.net/project/AI-ethics-in-healthcare,1,0,link
1003,1004,2024-12-30,23:32:17,CNN Breaking News and Video,https://www.cnn.com/,3,0,link
1004,1005,2024-12-30,23:30:05,ResearchGate - AI Ethics in Healthcare,https://www.researchgate.net/project/AI-ethics-in-healthcare,4,0,link
1005,1006,2024-12-30,23:25:48,ResearchGate - AI Ethics in Healthcare,https://www.researchgate.net/project/AI-ethics-in-healthcare,2,0,link
1006,1007,2024-12-30,23:22:25,Call for Papers AI Ethics 2025,https://www.google.com/search?q=call+for+papers+ai+2025,5,0,link
1007,1008,2024-12-30,23:24:27,Multivariable Calculus | Khan Academy,https://www.khanacademy.org/math/calculus-3/multivariable-derivatives,5,0,link
1008,1009,2024-12-30,23:15:34,Artificial Intelligence - Journal - Elsevier,https://www.journals.elsevier.com/artificial-intelligence,2,0,link
1009,1010,2024-12-30,23:18:55,MIT Computer Science and Artificial Intelligence Laboratory (CSAIL),https://www.mit.edu/research/robotics/,4,0,link
1010,1011,2024-12-30,23:16:59,Amazon.com: Online Shopping,https://www.amazon.com/,3,0,generated
1011,1012,2024-12-30,23:09:31,The Weather Channel - Weather.com,https://www.weather.com/,1,0,typed
1012,1013,2024-12-30,23:11:40,ResearchGate - AI Ethics in Healthcare,https://www.researchgate.net/project/AI-ethics-in-healthcare,4,0,link
1013,1014,2024-12-30,23:03:53,CNN Breaking News and Video,https://www.cnn.com/,5,0,generated
1014,1015,2024-12-30,23:04:05,Organic Chemistry Textbooks - Amazon,https://www.amazon.com/textbooks/s?k=organic+chemistry,1,0,link
1015,1016,2024-12-30,23:04:24,MIT Computer Science and Artificial Intelligence Laboratory (CSAIL),https://www.mit.edu/research/robotics/,1,0,link
1016,1017,2024-12-30,23:04:40,Amazon.com: Online Shopping,https://www.amazon.com/,2,0,typed
1017,1018,2024-12-30,22:59:50,Gmail: Inbox,https://mail.google.com/mail/u/0/#inbox,1,0,link
1018,1019,2024-12-30,22:53:15,Artificial Intelligence - Journal - Elsevier,https://www.journals.elsevier.com/artificial-intelligence,2,0,link
1019,1020,2024-12-30,22:52:29,The Historical Development of Quantum Theory | JSTOR,https://www.jstor.org/stable/j.ctt7st2s,5,0,typed
1020,1021,2024-12-30,22:53:39,ResearchGate - AI Ethics in Healthcare,https://www.researchgate.net/project/AI-ethics-in-healthcare,2,0,typed
1021,1022,2024-12-30,22:55:01,The Historical Development of Quantum Theory | JSTOR,https://www.jstor.org/stable/j.ctt7st2s,1,0,link
1022,1023,2024-12-30,22:52:03,The Historical Development of Quantum Theory | JSTOR,https://www.jstor.org/stable/j.ctt7st2s,4,0,link
1023,1024,2024-12-30,22:51:35,Gmail: Inbox,https://mail.google.com/mail/u/0/#inbox,2,0,link
1024,1025,2024-12-30,22:46:48,MIT Computer Science and Artificial Intelligence Laboratory (CSAIL),https://www.mit.edu/research/robotics/,1,0,link
1025,1026,2024-12-30,22:43:21,The Historical Development of Quantum Theory | JSTOR,https://www.jstor.org/stable/j.ctt7st2s,2,0,link
1026,1027,2024-12-30,22:38:11,Google Scholar: Deep Learning Transformers,https://scholar.google.com/scholar?q=deep+learning+transformers,2,0,link
1027,1028,2024-12-30,22:42:25,Algorithms Specialization - Coursera,https://www.coursera.org/learn/algorithms,4,0,link
1028,1029,2024-12-30,22:35:46,Google Scholar: Deep Learning Transformers,https://scholar.google.com/scholar?q=deep+learning+transformers,1,0,typed
1029,1030,2024-12-30,22:40:12,Algorithms Specialization - Coursera,https://www.coursera.org/learn/algorithms,4,0,link
1030,1031,2024-12-30,22:35:24,Multivariable Calculus | Khan Academy,https://www.khanacademy.org/math/calculus-3/multivariable-derivatives,5,0,typed
1031,1032,2024-12-30,22:34:58,Artificial Intelligence - Journal - Elsevier,https://www.journals.elsevier.com/artificial-intelligence,4,0,generated
1032,1033,2024-12-30,22:32:49,Introduction to Python Programming | edX,https://www.edx.org/course/introduction-to-python,3,0,generated
1033,1034,2024-12-30,22:25:46,Google Scholar: Deep Learning Transformers,https://scholar.google.com/scholar?q=deep+learning+transformers,5,0,link
1034,1035,2024-12-30,22:26:40,The Weather Channel - Weather.com,https://www.weather.com/,4,0,typed
1035,1036,2024-12-30,22:22:05,Google Scholar: Deep Learning Transformers,https://scholar.google.com/scholar?q=deep+learning+transformers,3,0,form_submit
1036,1037,2024-12-30,22:20:38,Amazon.com: Online Shopping,https://www.amazon.com/,1,0,link
1037,1038,2024-12-30,22:16:36,Academic Programs - Harvard School of Engineering,https://www.harvard.edu/academics/computer-science/,5,0,typed
1038,1039,2024-12-30,22:22:42,Academic Programs - Harvard School of Engineering,https://www.harvard.edu/academics/computer-science/,5,0,typed
1039,1040,2024-12-30,22:12:50,Amazon.com: Online Shopping,https://www.amazon.com/,3,0,link
1040,1041,2024-12-30,22:12:02,X (Twitter): Home,https://twitter.com/home,3,0,link
1041,1042,2024-12-30,22:09:00,The Historical Development of Quantum Theory | JSTOR,https://www.jstor.org/stable/j.ctt7st2s,4,0,typed
1042,1043,2024-12-30,22:05:31,Call for Papers AI Ethics 2025,https://www.google.com/search?q=call+for+papers+ai+2025,4,0,generated
1043,1044,2024-12-30,22:07:58,Call for Papers AI Ethics 2025,https://www.google.com/search?q=call+for+papers+ai+2025,4,0,link
1044,1045,2024-12-30,22:03:08,Introduction to Python Programming | edX,https://www.edx.org/course/introduction-to-python,5,0,link
1045,1046,2024-12-30,22:03:19,ResearchGate - AI Ethics in Healthcare,https://www.researchgate.net/project/AI-ethics-in-healthcare,3,0,generated
1046,1047,2024-12-30,22:03:17,Algorithms Specialization - Coursera,https://www.coursera.org/learn/algorithms,1,0,typed
1047,1048,2024-12-30,21:56:22,Amazon.com: Online Shopping,https://www.amazon.com/,2,0,link
1048,1049,2024-12-30,21:53:18,MIT Computer Science and Artificial Intelligence Laboratory (CSAIL),https://www.mit.edu/research/robotics/,4,0,link
1049,1050,2024-12-30,21:51:58,X (Twitter): Home,https://twitter.com/home,2,0,link
1050,1051,2024-12-30,21:49:51,Organic Chemistry Textbooks - Amazon,https://www.amazon.com/textbooks/s?k=organic+chemistry,5,0,link
1051,1052,2024-12-30,21:49:50,Call for Papers AI Ethics 2025,https://www.google.com/search?q=call+for+papers+ai+2025,1,0,link
1052,1053,2024-12-30,21:49:40,MIT Computer Science and Artificial Intelligence Laboratory (CSAIL),https://www.mit.edu/research/robotics/,2,0,link
1053,1054,2024-12-30,21:43:46,Google Scholar: Deep Learning Transformers,https://scholar.google.com/scholar?q=deep+learning+transformers,2,0,link
1054,1055,2024-12-30,21:47:14,CNN Breaking News and Video,https://www.cnn.com/,5,0,link
1055,1056,2024-12-30,21:40:58,X (Twitter): Home,https://twitter.com/home,1,0,generated
1056,1057,2024-12-30,21:44:20,Academic Programs - Harvard School of Engineering,https://www.harvard.edu/academics/computer-science/,3,0,link
1057,1058,2024-12-30,21:43:11,Gmail: Inbox,https://mail.google.com/mail/u/0/#inbox,1,0,link
1058,1059,2024-12-30,21:39:05,Algorithms Specialization - Coursera,https://www.coursera.org/learn/algorithms,3,0,link
1059,1060,2024-12-30,21:32:46,MIT Computer Science and Artificial Intelligence Laboratory (CSAIL),https://www.mit.edu/research/robotics/,3,0,form_submit
1060,1061,2024-12-30,21:32:31,Algorithms Specialization - Coursera,https://www.coursera.org/learn/algorithms,1,0,link
1061,1062,2024-12-30,21:30:14,Academic Programs - Harvard School of Engineering,https://www.harvard.edu/academics/computer-science/,4,0,link
1062,1063,2024-12-30,21:27:33,Artificial Intelligence - Journal - Elsevier,https://www.journals.elsevier.com/artificial-intelligence,3,0,link
1063,1064,2024-12-30,21:28:55,Artificial Intelligence - Journal - Elsevier,https://www.journals.elsevier.com/artificial-intelligence,2,0,link
1064,1065,2024-12-30,21:28:32,The Historical Development of Quantum Theory | JSTOR,https://www.jstor.org/stable/j.ctt7st2s,5,0,link
1065,1066,2024-12-30,21:26:18,Introduction to Python Programming | edX,https://www.edx.org/course/introduction-to-python,1,0,link
1066,1067,2024-12-30,21:17:39,Google Scholar: Deep Learning Transformers,https://scholar.google.com/scholar?q=deep+learning+transformers,1,0,link
1067,1068,2024-12-30,21:16:38,Organic Chemistry Textbooks - Amazon,https://www.amazon.com/textbooks/s?k=organic+chemistry,1,0,link
1068,1069,2024-12-30,21:17:04,Call for Papers AI Ethics 2025,https://www.google.com/search?q=call+for+papers+ai+2025,3,0,typed
1069,1070,2024-12-30,21:19:40,CNN Breaking News and Video,https://www.cnn.com/,4,0,form_submit
1070,1071,2024-12-30,21:11:16,Call for Papers AI Ethics 2025,https://www.google.com/search?q=call+for+papers+ai+2025,1,0,link
1071,1072,2024-12-30,21:11:24,Call for Papers AI Ethics 2025,https://www.google.com/search?q=call+for+papers+ai+2025,2,0,link
1072,1073,2024-12-30,21:10:35,Algorithms Specialization - Coursera,https://www.coursera.org/learn/algorithms,2,0,link
1073,1074,2024-12-30,21:05:00,Artificial Intelligence - Journal - Elsevier,https://www.journals.elsevier.com/artificial-intelligence,2,0,form_submit
1074,1075,2024-12-30,21:03:04,MIT Computer Science and Artificial Intelligence Laboratory (CSAIL),https://www.mit.edu/research/robotics/,2,0,typed
1075,1076,2024-12-30,21:06:46,Algorithms Specialization - Coursera,https://www.coursera.org/learn/algorithms,4,0,link
1076,1077,2024-12-30,21:06:14,The Historical Development of Quantum Theory | JSTOR,https://www.jstor.org/stable/j.ctt7st2s,3,0,link
1077,1078,2024-12-30,21:03:56,Academic Programs - Harvard School of Engineering,https://www.harvard.edu/academics/computer-science/,1,0,link
1078,1079,2024-12-30,21:00:11,Amazon.com: Online Shopping,https://www.amazon.com/,1,0,link
1079,1080,2024-12-30,20:59:04,Google Scholar: Deep Learning Transformers,https://scholar.google.com/scholar?q=deep+learning+transformers,1,0,link
1080,1081,2024-12-30,20:57:07,The Historical Development of Quantum Theory | JSTOR,https://www.jstor.org/stable/j.ctt7st2s,5,0,link
1081,1082,2024-12-30,20:54:23,Call for Papers AI Ethics 2025,https://www.google.com/search?q=call+for+papers+ai+2025,1,0,link
1082,1083,2024-12-30,20:52:54,ResearchGate - AI Ethics in Healthcare,https://www.researchgate.net/project/AI-ethics-in-healthcare,1,0,link
1083,1084,2024-12-30,20:43:35,Call for Papers AI Ethics 2025,https://www.google.com/search?q=call+for+papers+ai+2025,5,0,reload
1084,1085,2024-12-30,20:47:31,The Weather Channel - Weather.com,https://www.weather.com/,3,0,link
1085,1086,2024-12-30,20:48:29,Academic Programs - Harvard School of Engineering,https://www.harvard.edu/academics/computer-science/,1,0,link
1086,1087,2024-12-30,20:41:14,Gmail: Inbox,https://mail.google.com/mail/u/0/#inbox,2,0,link
1087,1088,2024-12-30,20:36:10,Introduction to Python Programming | edX,https://www.edx.org/course/introduction-to-python,1,0,reload
1088,1089,2024-12-30,20:34:29,Organic Chemistry Textbooks - Amazon,https://www.amazon.com/textbooks/s?k=organic+chemistry,3,0,link
1089,1090,2024-12-30,20:36:56,Call for Papers AI Ethics 2025,https://www.google.com/search?q=call+for+papers+ai+2025,2,0,link
1090,1091,2024-12-30,20:37:39,X (Twitter): Home,https://twitter.com/home,4,0,link
1091,1092,2024-12-30,20:32:15,MIT Computer Science and Artificial Intelligence Laboratory (CSAIL),https://www.mit.edu/research/robotics/,4,0,link
1092,1093,2024-12-30,20:33:59,Call for Papers AI Ethics 2025,https://www.google.com/search?q=call+for+papers+ai+2025,4,0,link
1093,1094,2024-12-30,20:24:19,Artificial Intelligence - Journal - Elsevier,https://www.journals.elsevier.com/artificial-intelligence,1,0,typed
1094,1095,2024-12-30,20:24:23,Academic Programs - Harvard School of Engineering,https://www.harvard.edu/academics/computer-science/,5,0,link
1095,1096,2024-12-30,20:28:45,ResearchGate - AI Ethics in Healthcare,https://www.researchgate.net/project/AI-ethics-in-healthcare,4,0,link
1096,1097,2024-12-30,20:22:54,The Weather Channel - Weather.com,https://www.weather.com/,2,0,typed
1097,1098,2024-12-30,20:24:07,CNN Breaking News and Video,https://www.cnn.com/,1,0,typed
1098,1099,2024-12-30,20:13:05,Artificial Intelligence - Journal - Elsevier,https://www.journals.elsevier.com/artificial-intelligence,5,0,link
1099,1100,2024-12-30,20:14:29,Organic Chemistry Textbooks - Amazon,https://www.amazon.com/textbooks/s?k=organic+chemistry,1,0,link
1100,1101,2024-12-30,20:15:06,Multivariable Calculus | Khan Academy,https://www.khanacademy.org/math/calculus-3/multivariable-derivatives,2,0,link
1101,1102,2024-12-30,20:09:36,MIT Computer Science and Artificial Intelligence Laboratory (CSAIL),https://www.mit.edu/research/robotics/,3,0,link
1102,1103,2024-12-30,20:13:59,Algorithms Specialization - Coursera,https://www.coursera.org/learn/algorithms,2,0,typed
1103,1104,2024-12-30,20:11:41,Amazon.com: Online Shopping,https://www.amazon.com/,5,0,link
1104,1105,2024-12-30,20:01:33,Call for Papers AI Ethics 2025,https://www.google.com/search?q=call+for+papers+ai+2025,3,0,link
1105,1106,2024-12-30,20:05:27,Artificial Intelligence - Journal - Elsevier,https://www.journals.elsevier.com/artificial-intelligence,1,0,generated
1106,1107,2024-12-30,20:05:47,Algorithms Specialization - Coursera,https://www.coursera.org/learn/algorithms,2,0,link
1107,1108,2024-12-30,19:57:44,ResearchGate - AI Ethics in Healthcare,https://www.researchgate.net/project/AI-ethics-in-healthcare,3,0,generated
1108,1109,2024-12-30,19:56:13,Introduction to Python Programming | edX,https://www.edx.org/course/introduction-to-python,5,0,link
1109,1110,2024-12-30,19:51:55,The Historical Development of Quantum Theory | JSTOR,https://www.jstor.org/stable/j.ctt7st2s,3,0,generated
1110,1111,2024-12-30,19:53:08,Algorithms Specialization - Coursera,https://www.coursera.org/learn/algorithms,5,0,link
1111,1112,2024-12-30,19:55:38,Multivariable Calculus | Khan Academy,https://www.khanacademy.org/math/calculus-3/multivariable-derivatives,2,0,link
1112,1113,2024-12-30,19:49:16,Amazon.com: Online Shopping,https://www.amazon.com/,1,0,link
1113,1114,2024-12-30,19:52:28,Amazon.com: Online Shopping,https://www.amazon.com/,4,0,form_submit
1114,1115,2024-12-30,19:50:00,The Weather Channel - Weather.com,https://www.weather.com/,2,0,typed
1115,1116,2024-12-30,19:42:10,ResearchGate - AI Ethics in Healthcare,https://www.researchgate.net/project/AI-ethics-in-healthcare,5,0,link
1116,1117,2024-12-30,19:44:39,CNN Breaking News and Video,https://www.cnn.com/,5,0,link
1117,1118,2024-12-30,19:38:49,Algorithms Specialization - Coursera,https://www.coursera.org/learn/algorithms,2,0,typed
1118,1119,2024-12-30,19:39:21,The Historical Development of Quantum Theory | JSTOR,https://www.jstor.org/stable/j.ctt7st2s,1,0,link
1119,1120,2024-12-30,19:39:12,Call for Papers AI Ethics 2025,https://www.google.com/search?q=call+for+papers+ai+2025,5,0,link
1120,1121,2024-12-30,19:31:02,Google Scholar: Deep Learning Transformers,https://scholar.google.com/scholar?q=deep+learning+transformers,4,0,typed
1121,1122,2024-12-30,19:28:31,Amazon.com: Online Shopping,https://www.amazon.com/,2,0,typed
1122,1123,2024-12-30,19:27:52,Introduction to Python Programming | edX,https://www.edx.org/course/introduction-to-python,4,0,link
1123,1124,2024-12-30,19:28:28,Introduction to Python Programming | edX,https://www.edx.org/course/introduction-to-python,4,0,link
1124,1125,2024-12-30,19:27:47,The Historical Development of Quantum Theory | JSTOR,https://www.jstor.org/stable/j.ctt7st2s,1,0,link
1125,1126,2024-12-30,19:25:02,Academic Programs - Harvard School of Engineering,https://www.harvard.edu/academics/computer-science/,1,0,link
1126,1127,2024-12-30,19:19:05,Organic Chemistry Textbooks - Amazon,https://www.amazon.com/textbooks/s?k=organic+chemistry,1,0,form_submit
1127,1128,2024-12-30,19:20:29,X (Twitter): Home,https://twitter.com/home,1,0,link
1128,1129,2024-12-30,19:19:25,MIT Computer Science and Artificial Intelligence Laboratory (CSAIL),https://www.mit.edu/research/robotics/,4,0,generated
1129,1130,2024-12-30,19:14:26,Introduction to Python Programming | edX,https://www.edx.org/course/introduction-to-python,3,0,form_submit
1130,1131,2024-12-30,19:14:43,Organic Chemistry Textbooks - Amazon,https://www.amazon.com/textbooks/s?k=organic+chemistry,4,0,link
1131,1132,2024-12-30,19:11:10,MIT Computer Science and Artificial Intelligence Laboratory (CSAIL),https://www.mit.edu/research/robotics/,2,0,link
1132,1133,2024-12-30,19:11:46,Google Scholar: Deep Learning Transformers,https://scholar.google.com/scholar?q=deep+learning+transformers,2,0,link
1133,1134,2024-12-30,19:07:27,Gmail: Inbox,https://mail.google.com/mail/u/0/#inbox,4,0,link
1134,1135,2024-12-30,19:04:47,Amazon.com: Online Shopping,https://www.amazon.com/,5,0,link
1135,1136,2024-12-30,19:05:47,Academic Programs - Harvard School of Engineering,https://www.harvard.edu/academics/computer-science/,4,0,link
1136,1137,2024-12-30,18:57:29,X (Twitter): Home,https://twitter.com/home,3,0,link
1137,1138,2024-12-30,19:01:56,Multivariable Calculus | Khan Academy,https://www.khanacademy.org/math/calculus-3/multivariable-derivatives,3,0,link
1138,1139,2024-12-30,19:02:52,Algorithms Specialization - Coursera,https://www.coursera.org/learn/algorithms,3,0,link
1139,1140,2024-12-30,18:55:16,Academic Programs - Harvard School of Engineering,https://www.harvard.edu/academics/computer-science/,1,0,link
1140,1141,2024-12-30,18:52:18,Algorithms Specialization - Coursera,https://www.coursera.org/learn/algorithms,1,0,link
1141,1142,2024-12-30,18:51:44,Introduction to Python Programming | edX,https://www.edx.org/course/introduction-to-python,1,0,typed
1142,1143,2024-12-30,18:48:45,X (Twitter): Home,https://twitter.com/home,4,0,link
1143,1144,2024-12-30,18:50:23,The Historical Development of Quantum Theory | JSTOR,https://www.jstor.org/stable/j.ctt7st2s,4,0,link
1144,1145,2024-12-30,18:45:29,Academic Programs - Harvard School of Engineering,https://www.harvard.edu/academics/computer-science/,2,0,link
1145,1146,2024-12-30,18:46:29,The Weather Channel - Weather.com,https://www.weather.com/,5,0,typed
1146,1147,2024-12-30,18:42:22,Amazon.com: Online Shopping,https://www.amazon.com/,3,0,link
1147,1148,2024-12-30,18:39:05,Google Scholar: Deep Learning Transformers,https://scholar.google.com/scholar?q=deep+learning+transformers,2,0,link
1148,1149,2024-12-30,18:34:13,X (Twitter): Home,https://twitter.com/home,1,0,typed
1149,1150,2024-12-30,18:38:18,Call for Papers AI Ethics 2025,https://www.google.com/search?q=call+for+papers+ai+2025,4,0,link
1150,1151,2024-12-30,18:32:41,Amazon.com: Online Shopping,https://www.amazon.com/,1,0,link
1151,1152,2024-12-30,18:33:22,Multivariable Calculus | Khan Academy,https://www.khanacademy.org/math/calculus-3/multivariable-derivatives,1,0,typed
1152,1153,2024-12-30,18:25:22,Algorithms Specialization - Coursera,https://www.coursera.org/learn/algorithms,5,0,link
1153,1154,2024-12-30,18:31:49,Amazon.com: Online Shopping,https://www.amazon.com/,5,0,link
1154,1155,2024-12-30,18:28:26,Algorithms Specialization - Coursera,https://www.coursera.org/learn/algorithms,4,0,link
1155,1156,2024-12-30,18:28:51,Google Scholar: Deep Learning Transformers,https://scholar.google.com/scholar?q=deep+learning+transformers,2,0,link
1156,1157,2024-12-30,18:17:41,Organic Chemistry Textbooks - Amazon,https://www.amazon.com/textbooks/s?k=organic+chemistry,2,0,link
1157,1158,2024-12-30,18:17:51,Google Scholar: Deep Learning Transformers,https://scholar.google.com/scholar?q=deep+learning+transformers,4,0,typed
1158,1159,2024-12-30,18:17:58,Google Scholar: Deep Learning Transformers,https://scholar.google.com/scholar?q=deep+learning+transformers,3,0,link
1159,1160,2024-12-30,18:16:13,The Historical Development of Quantum Theory | JSTOR,https://www.jstor.org/stable/j.ctt7st2s,5,0,link
1160,1161,2024-12-30,18:18:40,Google Scholar: Deep Learning Transformers,https://scholar.google.com/scholar?q=deep+learning+transformers,1,0,link
1161,1162,2024-12-30,18:16:45,Organic Chemistry Textbooks - Amazon,https://www.amazon.com/textbooks/s?k=organic+chemistry,2,0,typed
1162,1163,2024-12-30,18:12:13,Google Scholar: Deep Learning Transformers,https://scholar.google.com/scholar?q=deep+learning+transformers,3,0,link
1163,1164,2024-12-30,18:08:01,CNN Breaking News and Video,https://www.cnn.com/,4,0,link
1164,1165,2024-12-30,18:02:05,Call for Papers AI Ethics 2025,https://www.google.com/search?q=call+for+papers+ai+2025,4,0,link
1165,1166,2024-12-30,18:05:33,MIT Computer Science and Artificial Intelligence Laboratory (CSAIL),https://www.mit.edu/research/robotics/,3,0,link
1166,1167,2024-12-30,18:02:47,MIT Computer Science and Artificial Intelligence Laboratory (CSAIL),https://www.mit.edu/research/robotics/,4,0,link
1167,1168,2024-12-30,17:55:54,Call for Papers AI Ethics 2025,https://www.google.com/search?q=call+for+papers+ai+2025,3,0,link
1168,1169,2024-12-30,17:56:06,The Historical Development of Quantum Theory | JSTOR,https://www.jstor.org/stable/j.ctt7st2s,2,0,link
1169,1170,2024-12-30,17:55:34,Academic Programs - Harvard School of Engineering,https://www.harvard.edu/academics/computer-science/,2,0,link
1170,1171,2024-12-30,17:58:24,The Historical Development of Quantum Theory | JSTOR,https://www.jstor.org/stable/j.ctt7st2s,3,0,link
1171,1172,2024-12-30,17:52:41,CNN Breaking News and Video,https://www.cnn.com/,2,0,link
1172,1173,2024-12-30,17:52:44,Multivariable Calculus | Khan Academy,https://www.khanacademy.org/math/calculus-3/multivariable-derivatives,4,0,typed
1173,1174,2024-12-30,17:52:19,Gmail: Inbox,https://mail.google.com/mail/u/0/#inbox,4,0,link
1174,1175,2024-12-30,17:47:16,X (Twitter): Home,https://twitter.com/home,1,0,link
1175,1176,2024-12-30,17:48:29,MIT Computer Science and Artificial Intelligence Laboratory (CSAIL),https://www.mit.edu/research/robotics/,3,0,link
1176,1177,2024-12-30,17:44:02,Algorithms Specialization - Coursera,https://www.coursera.org/learn/algorithms,3,0,link
1177,1178,2024-12-30,17:36:04,Multivariable Calculus | Khan Academy,https://www.khanacademy.org/math/calculus-3/multivariable-derivatives,2,0,link
1178,1179,2024-12-30,17:35:20,Academic Programs - Harvard School of Engineering,https://www.harvard.edu/academics/computer-science/,1,0,form_submit
1179,1180,2024-12-30,17:40:00,Organic Chemistry Textbooks - Amazon,https://www.amazon.com/textbooks/s?k=organic+chemistry,2,0,link
1180,1181,2024-12-30,17:34:49,The Historical Development of Quantum Theory | JSTOR,https://www.jstor.org/stable/j.ctt7st2s,5,0,link
1181,1182,2024-12-30,17:31:37,Gmail: Inbox,https://mail.google.com/mail/u/0/#inbox,3,0,form_submit
1182,1183,2024-12-30,17:27:06,Artificial Intelligence - Journal - Elsevier,https://www.journals.elsevier.com/artificial-intelligence,1,0,typed
1183,1184,2024-12-30,17:28:54,Artificial Intelligence - Journal - Elsevier,https://www.journals.elsevier.com/artificial-intelligence,5,0,link
1184,1185,2024-12-30,17:30:43,The Weather Channel - Weather.com,https://www.weather.com/,2,0,link
1185,1186,2024-12-30,17:25:57,Gmail: Inbox,https://mail.google.com/mail/u/0/#inbox,5,0,link
1186,1187,2024-12-30,17:17:47,Amazon.com: Online Shopping,https://www.amazon.com/,3,0,link
1187,1188,2024-12-30,17:17:01,Academic Programs - Harvard School of Engineering,https://www.harvard.edu/academics/computer-science/,3,0,typed
1188,1189,2024-12-30,17:14:12,The Weather Channel - Weather.com,https://www.weather.com/,4,0,typed
1189,1190,2024-12-30,17:14:29,Multivariable Calculus | Khan Academy,https://www.khanacademy.org/math/calculus-3/multivariable-derivatives,2,0,link
1190,1191,2024-12-30,17:09:44,Introduction to Python Programming | edX,https://www.edx.org/course/introduction-to-python,1,0,typed
1191,1192,2024-12-30,17:13:59,X (Twitter): Home,https://twitter.com/home,5,0,typed
1192,1193,2024-12-30,17:09:41,X (Twitter): Home,https://twitter.com/home,3,0,link
1193,1194,2024-12-30,17:11:14,The Historical Development of Quantum Theory | JSTOR,https://www.jstor.org/stable/j.ctt7st2s,1,0,link
1194,1195,2024-12-30,17:08:40,ResearchGate - AI Ethics in Healthcare,https://www.researchgate.net/project/AI-ethics-in-healthcare,4,0,link
1195,1196,2024-12-30,17:03:39,X (Twitter): Home,https://twitter.com/home,5,0,link
1196,1197,2024-12-30,16:59:28,Introduction to Python Programming | edX,https://www.edx.org/course/introduction-to-python,5,0,link
1197,1198,2024-12-30,17:03:55,X (Twitter): Home,https://twitter.com/home,4,0,link
1198,1199,2024-12-30,16:58:11,Call for Papers AI Ethics 2025,https://www.google.com/search?q=call+for+papers+ai+2025,3,0,link
1199,1200,2024-12-30,16:59:56,ResearchGate - AI Ethics in Healthcare,https://www.researchgate.net/project/AI-ethics-in-healthcare,1,0,link
1200,1201,2024-12-30,16:55:18,CNN Breaking News and Video,https://www.cnn.com/,4,0,form_submit
1201,1202,2024-12-30,16:47:53,Introduction to Python Programming | edX,https://www.edx.org/course/introduction-to-python,2,0,link
1202,1203,2024-12-30,16:51:25,MIT Computer Science and Artificial Intelligence Laboratory (CSAIL),https://www.mit.edu/research/robotics/,3,0,link
1203,1204,2024-12-30,16:52:08,MIT Computer Science and Artificial Intelligence Laboratory (CSAIL),https://www.mit.edu/research/robotics/,4,0,generated
1204,1205,2024-12-30,16:46:16,Multivariable Calculus | Khan Academy,https://www.khanacademy.org/math/calculus-3/multivariable-derivatives,3,0,typed
1205,1206,2024-12-30,16:44:40,Organic Chemistry Textbooks - Amazon,https://www.amazon.com/textbooks/s?k=organic+chemistry,2,0,link
1206,1207,2024-12-30,16:40:29,Amazon.com: Online Shopping,https://www.amazon.com/,5,0,link
1207,1208,2024-12-30,16:40:31,Introduction to Python Programming | edX,https://www.edx.org/course/introduction-to-python,3,0,link
1208,1209,2024-12-30,16:41:34,Introduction to Python Programming | edX,https://www.edx.org/course/introduction-to-python,3,0,link
1209,1210,2024-12-30,16:36:45,CNN Breaking News and Video,https://www.cnn.com/,3,0,link
1210,1211,2024-12-30,16:32:48,Gmail: Inbox,https://mail.google.com/mail/u/0/#inbox,2,0,link
1211,1212,2024-12-30,16:28:44,Algorithms Specialization - Coursera,https://www.coursera.org/learn/algorithms,3,0,typed
1212,1213,2024-12-30,16:27:06,Amazon.com: Online Shopping,https://www.amazon.com/,2,0,link
1213,1214,2024-12-30,16:23:46,MIT Computer Science and Artificial Intelligence Laboratory (CSAIL),https://www.mit.edu/research/robotics/,3,0,link
1214,1215,2024-12-30,16:28:45,The Weather Channel - Weather.com,https://www.weather.com/,2,0,link
1215,1216,2024-12-30,16:26:48,CNN Breaking News and Video,https://www.cnn.com/,2,0,link
1216,1217,2024-12-30,16:26:51,Google Scholar: Deep Learning Transformers,https://scholar.google.com/scholar?q=deep+learning+transformers,3,0,link
1217,1218,2024-12-30,16:19:06,Introduction to Python Programming | edX,https://www.edx.org/course/introduction-to-python,2,0,link
1218,1219,2024-12-30,16:16:02,Academic Programs - Harvard School of Engineering,https://www.harvard.edu/academics/computer-science/,5,0,link
1219,1220,2024-12-30,16:18:31,Academic Programs - Harvard School of Engineering,https://www.harvard.edu/academics/computer-science/,2,0,reload
1220,1221,2024-12-30,16:16:52,Google Scholar: Deep Learning Transformers,https://scholar.google.com/scholar?q=deep+learning+transformers,3,0,link
1221,1222,2024-12-30,16:07:20,ResearchGate - AI Ethics in Healthcare,https://www.researchgate.net/project/AI-ethics-in-healthcare,3,0,link
1222,1223,2024-12-30,16:07:09,Google Scholar: Deep Learning Transformers,https://scholar.google.com/scholar?q=deep+learning+transformers,2,0,link
1223,1224,2024-12-30,16:08:36,Academic Programs - Harvard School of Engineering,https://www.harvard.edu/academics/computer-science/,2,0,link
1224,1225,2024-12-30,16:04:43,The Weather Channel - Weather.com,https://www.weather.com/,2,0,link
1225,1226,2024-12-30,16:00:17,Algorithms Specialization - Coursera,https://www.coursera.org/learn/algorithms,4,0,typed
1226,1227,2024-12-30,16:06:28,Artificial Intelligence - Journal - Elsevier,https://www.journals.elsevier.com/artificial-intelligence,4,0,link
1227,1228,2024-12-30,15:59:35,CNN Breaking News and Video,https://www.cnn.com/,3,0,typed
1228,1229,2024-12-30,15:58:24,MIT Computer Science and Artificial Intelligence Laboratory (CSAIL),https://www.mit.edu/research/robotics/,1,0,link
1229,1230,2024-12-30,15:57:32,CNN Breaking News and Video,https://www.cnn.com/,2,0,link
1230,1231,2024-12-30,15:56:29,Google Scholar: Deep Learning Transformers,https://scholar.google.com/scholar?q=deep+learning+transformers,3,0,generated
1231,1232,2024-12-30,15:48:06,X (Twitter): Home,https://twitter.com/home,5,0,link
1232,1233,2024-12-30,15:54:29,ResearchGate - AI Ethics in Healthcare,https://www.researchgate.net/project/AI-ethics-in-healthcare,5,0,link
1233,1234,2024-12-30,15:43:24,The Historical Development of Quantum Theory | JSTOR,https://www.jstor.org/stable/j.ctt7st2s,3,0,link
1234,1235,2024-12-30,15:46:25,MIT Computer Science and Artificial Intelligence Laboratory (CSAIL),https://www.mit.edu/research/robotics/,5,0,typed
1235,1236,2024-12-30,15:41:49,Artificial Intelligence - Journal - Elsevier,https://www.journals.elsevier.com/artificial-intelligence,2,0,link
1236,1237,2024-12-30,15:42:50,Amazon.com: Online Shopping,https://www.amazon.com/,3,0,link
1237,1238,2024-12-30,15:38:51,ResearchGate - AI Ethics in Healthcare,https://www.researchgate.net/project/AI-ethics-in-healthcare,2,0,link
1238,1239,2024-12-30,15:38:53,MIT Computer Science and Artificial Intelligence Laboratory (CSAIL),https://www.mit.edu/research/robotics/,2,0,link
1239,1240,2024-12-30,15:32:42,MIT Computer Science and Artificial Intelligence Laboratory (CSAIL),https://www.mit.edu/research/robotics/,4,0,typed
1240,1241,2024-12-30,15:33:06,The Weather Channel - Weather.com,https://www.weather.com/,4,0,link
1241,1242,2024-12-30,15:29:47,Call for Papers AI Ethics 2025,https://www.google.com/search?q=call+for+papers+ai+2025,3,0,link
1242,1243,2024-12-30,15:28:01,CNN Breaking News and Video,https://www.cnn.com/,5,0,link
1243,1244,2024-12-30,15:24:38,Organic Chemistry Textbooks - Amazon,https://www.amazon.com/textbooks/s?k=organic+chemistry,2,0,link
1244,1245,2024-12-30,15:30:59,Amazon.com: Online Shopping,https://www.amazon.com/,1,0,link
1245,1246,2024-12-30,15:27:22,Google Scholar: Deep Learning Transformers,https://scholar.google.com/scholar?q=deep+learning+transformers,5,0,link
1246,1247,2024-12-30,15:20:01,The Weather Channel - Weather.com,https://www.weather.com/,2,0,form_submit
1247,1248,2024-12-30,15:15:08,Call for Papers AI Ethics 2025,https://www.google.com/search?q=call+for+papers+ai+2025,5,0,typed
1248,1249,2024-12-30,15:19:43,Academic Programs - Harvard School of Engineering,https://www.harvard.edu/academics/computer-science/,1,0,link
1249,1250,2024-12-30,15:13:24,Google Scholar: Deep Learning Transformers,https://scholar.google.com/scholar?q=deep+learning+transformers,3,0,typed
1250,1251,2024-12-30,15:11:47,Introduction to Python Programming | edX,https://www.edx.org/course/introduction-to-python,2,0,link
1251,1252,2024-12-30,15:15:02,Multivariable Calculus | Khan Academy,https://www.khanacademy.org/math/calculus-3/multivariable-derivatives,1,0,link
1252,1253,2024-12-30,15:06:48,Gmail: Inbox,https://mail.google.com/mail/u/0/#inbox,5,0,link
1253,1254,2024-12-30,15:04:43,Amazon.com: Online Shopping,https://www.amazon.com/,5,0,link
1254,1255,2024-12-30,15:05:09,ResearchGate - AI Ethics in Healthcare,https://www.researchgate.net/project/AI-ethics-in-healthcare,4,0,link
1255,1256,2024-12-30,15:03:18,Algorithms Specialization - Coursera,https://www.coursera.org/learn/algorithms,1,0,generated
1256,1257,2024-12-30,15:04:19,Multivariable Calculus | Khan Academy,https://www.khanacademy.org/math/calculus-3/multivariable-derivatives,3,0,link
1257,1258,2024-12-30,14:56:15,The Weather Channel - Weather.com,https://www.weather.com/,5,0,typed
1258,1259,2024-12-30,15:01:50,Call for Papers AI Ethics 2025,https://www.google.com/search?q=call+for+papers+ai+2025,4,0,link
1259,1260,2024-12-30,15:00:48,Google Scholar: Deep Learning Transformers,https://scholar.google.com/scholar?q=deep+learning+transformers,1,0,link
1260,1261,2024-12-30,14:51:46,MIT Computer Science and Artificial Intelligence Laboratory (CSAIL),https://www.mit.edu/research/robotics/,4,0,link
1261,1262,2024-12-30,14:47:42,Google Scholar: Deep Learning Transformers,https://scholar.google.com/scholar?q=deep+learning+transformers,4,0,generated
1262,1263,2024-12-30,14:45:57,The Historical Development of Quantum Theory | JSTOR,https://www.jstor.org/stable/j.ctt7st2s,5,0,link
1263,1264,2024-12-30,14:52:57,Amazon.com: Online Shopping,https://www.amazon.com/,2,0,reload
1264,1265,2024-12-30,14:42:13,Academic Programs - Harvard School of Engineering,https://www.harvard.edu/academics/computer-science/,4,0,reload
1265,1266,2024-12-30,14:45:33,Multivariable Calculus | Khan Academy,https://www.khanacademy.org/math/calculus-3/multivariable-derivatives,1,0,typed
1266,1267,2024-12-30,14:42:34,Multivariable Calculus | Khan Academy,https://www.khanacademy.org/math/calculus-3/multivariable-derivatives,2,0,link
1267,1268,2024-12-30,14:42:58,The Historical Development of Quantum Theory | JSTOR,https://www.jstor.org/stable/j.ctt7st2s,3,0,form_submit
1268,1269,2024-12-30,14:38:23,X (Twitter): Home,https://twitter.com/home,3,0,link
1269,1270,2024-12-30,14:38:51,MIT Computer Science and Artificial Intelligence Laboratory (CSAIL),https://www.mit.edu/research/robotics/,4,0,link
1270,1271,2024-12-30,14:33:31,Multivariable Calculus | Khan Academy,https://www.khanacademy.org/math/calculus-3/multivariable-derivatives,4,0,link
1271,1272,2024-12-30,14:33:14,Artificial Intelligence - Journal - Elsevier,https://www.journals.elsevier.com/artificial-intelligence,1,0,typed
1272,1273,2024-12-30,14:30:00,Academic Programs - Harvard School of Engineering,https://www.harvard.edu/academics/computer-science/,3,0,typed
1273,1274,2024-12-30,14:29:05,Call for Papers AI Ethics 2025,https://www.google.com/search?q=call+for+papers+ai+2025,2,0,link
1274,1275,2024-12-30,14:27:03,Amazon.com: Online Shopping,https://www.amazon.com/,5,0,typed
1275,1276,2024-12-30,14:25:55,CNN Breaking News and Video,https://www.cnn.com/,4,0,reload
1276,1277,2024-12-30,14:24:04,Call for Papers AI Ethics 2025,https://www.google.com/search?q=call+for+papers+ai+2025,5,0,link
1277,1278,2024-12-30,14:16:43,The Historical Development of Quantum Theory | JSTOR,https://www.jstor.org/stable/j.ctt7st2s,4,0,link
1278,1279,2024-12-30,14:18:10,Artificial Intelligence - Journal - Elsevier,https://www.journals.elsevier.com/artificial-intelligence,3,0,link
1279,1280,2024-12-30,14:18:12,ResearchGate - AI Ethics in Healthcare,https://www.researchgate.net/project/AI-ethics-in-healthcare,1,0,typed
1280,1281,2024-12-30,14:17:04,Multivariable Calculus | Khan Academy,https://www.khanacademy.org/math/calculus-3/multivariable-derivatives,2,0,link
1281,1282,2024-12-30,14:16:17,Google Scholar: Deep Learning Transformers,https://scholar.google.com/scholar?q=deep+learning+transformers,1,0,typed
1282,1283,2024-12-30,14:08:56,Academic Programs - Harvard School of Engineering,https://www.harvard.edu/academics/computer-science/,5,0,link
1283,1284,2024-12-30,14:10:41,Introduction to Python Programming | edX,https://www.edx.org/course/introduction-to-python,1,0,typed
1284,1285,2024-12-30,14:04:20,Organic Chemistry Textbooks - Amazon,https://www.amazon.com/textbooks/s?k=organic+chemistry,3,0,link
1285,1286,2024-12-30,14:04:24,Gmail: Inbox,https://mail.google.com/mail/u/0/#inbox,4,0,link
1286,1287,2024-12-30,14:00:12,Academic Programs - Harvard School of Engineering,https://www.harvard.edu/academics/computer-science/,4,0,generated
1287,1288,2024-12-30,14:03:04,The Historical Development of Quantum Theory | JSTOR,https://www.jstor.org/stable/j.ctt7st2s,3,0,link
1288,1289,2024-12-30,13:56:45,Amazon.com: Online Shopping,https://www.amazon.com/,1,0,link
1289,1290,2024-12-30,13:52:12,CNN Breaking News and Video,https://www.cnn.com/,2,0,link
1290,1291,2024-12-30,13:58:07,Gmail: Inbox,https://mail.google.com/mail/u/0/#inbox,1,0,link
1291,1292,2024-12-30,13:49:48,CNN Breaking News and Video,https://www.cnn.com/,3,0,generated
1292,1293,2024-12-30,13:50:13,Organic Chemistry Textbooks - Amazon,https://www.amazon.com/textbooks/s?k=organic+chemistry,5,0,link
1293,1294,2024-12-30,13:44:22,Amazon.com: Online Shopping,https://www.amazon.com/,2,0,link
1294,1295,2024-12-30,13:44:30,Organic Chemistry Textbooks - Amazon,https://www.amazon.com/textbooks/s?k=organic+chemistry,4,0,typed
1295,1296,2024-12-30,13:43:37,ResearchGate - AI Ethics in Healthcare,https://www.researchgate.net/project/AI-ethics-in-healthcare,2,0,link
1296,1297,2024-12-30,13:44:28,CNN Breaking News and Video,https://www.cnn.com/,5,0,link
1297,1298,2024-12-30,13:42:43,Amazon.com: Online Shopping,https://www.amazon.com/,4,0,link
1298,1299,2024-12-30,13:35:38,Amazon.com: Online Shopping,https://www.amazon.com/,1,0,generated
1299,1300,2024-12-30,13:38:12,X (Twitter): Home,https://twitter.com/home,4,0,link
1300,1301,2024-12-30,13:29:14,Multivariable Calculus | Khan Academy,https://www.khanacademy.org/math/calculus-3/multivariable-derivatives,3,0,typed
1301,1302,2024-12-30,13:34:38,Organic Chemistry Textbooks - Amazon,https://www.amazon.com/textbooks/s?k=organic+chemistry,2,0,typed
1302,1303,2024-12-30,13:28:49,Gmail: Inbox,https://mail.google.com/mail/u/0/#inbox,5,0,link
1303,1304,2024-12-30,13:32:22,Artificial Intelligence - Journal - Elsevier,https://www.journals.elsevier.com/artificial-intelligence,5,0,typed
1304,1305,2024-12-30,13:24:36,The Weather Channel - Weather.com,https://www.weather.com/,5,0,link
1305,1306,2024-12-30,13:21:57,The Historical Development of Quantum Theory | JSTOR,https://www.jstor.org/stable/j.ctt7st2s,2,0,link
1306,1307,2024-12-30,13:22:05,X (Twitter): Home,https://twitter.com/home,2,0,link
1307,1308,2024-12-30,13:21:01,Google Scholar: Deep Learning Transformers,https://scholar.google.com/scholar?q=deep+learning+transformers,4,0,link
1308,1309,2024-12-30,13:17:14,The Historical Development of Quantum Theory | JSTOR,https://www.jstor.org/stable/j.ctt7st2s,2,0,generated
1309,1310,2024-12-30,13:17:29,ResearchGate - AI Ethics in Healthcare,https://www.researchgate.net/project/AI-ethics-in-healthcare,2,0,generated
1310,1311,2024-12-30,13:10:23,Academic Programs - Harvard School of Engineering,https://www.harvard.edu/academics/computer-science/,2,0,link
1311,1312,2024-12-30,13:14:55,Artificial Intelligence - Journal - Elsevier,https://www.journals.elsevier.com/artificial-intelligence,4,0,link
1312,1313,2024-12-30,13:09:38,Amazon.com: Online Shopping,https://www.amazon.com/,5,0,form_submit
1313,1314,2024-12-30,13:08:45,CNN Breaking News and Video,https://www.cnn.com/,1,0,generated
1314,1315,2024-12-30,13:08:37,MIT Computer Science and Artificial Intelligence Laboratory (CSAIL),https://www.mit.edu/research/robotics/,2,0,link
1315,1316,2024-12-30,13:03:32,Artificial Intelligence - Journal - Elsevier,https://www.journals.elsevier.com/artificial-intelligence,1,0,link
1316,1317,2024-12-30,13:05:32,The Historical Development of Quantum Theory | JSTOR,https://www.jstor.org/stable/j.ctt7st2s,3,0,link
1317,1318,2024-12-30,12:57:16,The Weather Channel - Weather.com,https://www.weather.com/,5,0,generated
1318,1319,2024-12-30,12:57:33,Organic Chemistry Textbooks - Amazon,https://www.amazon.com/textbooks/s?k=organic+chemistry,5,0,link
1319,1320,2024-12-30,12:56:04,Multivariable Calculus | Khan Academy,https://www.khanacademy.org/math/calculus-3/multivariable-derivatives,4,0,generated
1320,1321,2024-12-30,12:50:19,Academic Programs - Harvard School of Engineering,https://www.harvard.edu/academics/computer-science/,2,0,link
1321,1322,2024-12-30,12:52:41,Multivariable Calculus | Khan Academy,https://www.khanacademy.org/math/calculus-3/multivariable-derivatives,3,0,typed
1322,1323,2024-12-30,12:48:50,Algorithms Specialization - Coursera,https://www.coursera.org/learn/algorithms,5,0,generated
1323,1324,2024-12-30,12:43:28,Amazon.com: Online Shopping,https://www.amazon.com/,4,0,link
1324,1325,2024-12-30,12:44:24,Google Scholar: Deep Learning Transformers,https://scholar.google.com/scholar?q=deep+learning+transformers,5,0,typed
1325,1326,2024-12-30,12:46:48,The Weather Channel - Weather.com,https://www.weather.com/,2,0,link
1326,1327,2024-12-30,12:42:29,Algorithms Specialization - Coursera,https://www.coursera.org/learn/algorithms,1,0,link
1327,1328,2024-12-30,12:40:58,Call for Papers AI Ethics 2025,https://www.google.com/search?q=call+for+papers+ai+2025,2,0,link
1328,1329,2024-12-30,12:36:10,The Weather Channel - Weather.com,https://www.weather.com/,4,0,typed
1329,1330,2024-12-30,12:33:23,Call for Papers AI Ethics 2025,https://www.google.com/search?q=call+for+papers+ai+2025,4,0,link
1330,1331,2024-12-30,12:35:01,Artificial Intelligence - Journal - Elsevier,https://www.journals.elsevier.com/artificial-intelligence,3,0,link
1331,1332,2024-12-30,12:32:28,Introduction to Python Programming | edX,https://www.edx.org/course/introduction-to-python,2,0,link
1332,1333,2024-12-30,12:25:20,Algorithms Specialization - Coursera,https://www.coursera.org/learn/algorithms,2,0,typed
1333,1334,2024-12-30,12:23:25,Google Scholar: Deep Learning Transformers,https://scholar.google.com/scholar?q=deep+learning+transformers,1,0,link
1334,1335,2024-12-30,12:25:37,Organic Chemistry Textbooks - Amazon,https://www.amazon.com/textbooks/s?k=organic+chemistry,3,0,generated
1335,1336,2024-12-30,12:23:47,Multivariable Calculus | Khan Academy,https://www.khanacademy.org/math/calculus-3/multivariable-derivatives,4,0,typed
1336,1337,2024-12-30,12:17:05,Academic Programs - Harvard School of Engineering,https://www.harvard.edu/academics/computer-science/,4,0,link
1337,1338,2024-12-30,12:20:30,Academic Programs - Harvard School of Engineering,https://www.harvard.edu/academics/computer-science/,5,0,generated
1338,1339,2024-12-30,12:15:53,CNN Breaking News and Video,https://www.cnn.com/,3,0,link
1339,1340,2024-12-30,12:13:23,MIT Computer Science and Artificial Intelligence Laboratory (CSAIL),https://www.mit.edu/research/robotics/,5,0,link
1340,1341,2024-12-30,12:18:04,Google Scholar: Deep Learning Transformers,https://scholar.google.com/scholar?q=deep+learning+transformers,3,0,typed
1341,1342,2024-12-30,12:09:36,Call for Papers AI Ethics 2025,https://www.google.com/search?q=call+for+papers+ai+2025,1,0,typed
1342,1343,2024-12-30,12:05:56,CNN Breaking News and Video,https://www.cnn.com/,4,0,generated
1343,1344,2024-12-30,12:06:04,Algorithms Specialization - Coursera,https://www.coursera.org/learn/algorithms,4,0,link
1344,1345,2024-12-30,12:02:20,CNN Breaking News and Video,https://www.cnn.com/,4,0,link
1345,1346,2024-12-30,12:02:17,Artificial Intelligence - Journal - Elsevier,https://www.journals.elsevier.com/artificial-intelligence,3,0,typed
1346,1347,2024-12-30,11:57:08,Introduction to Python Programming | edX,https://www.edx.org/course/introduction-to-python,2,0,link
1347,1348,2024-12-30,12:02:41,Amazon.com: Online Shopping,https://www.amazon.com/,2,0,typed
1348,1349,2024-12-30,11:59:26,Call for Papers AI Ethics 2025,https://www.google.com/search?q=call+for+papers+ai+2025,3,0,link
1349,1350,2024-12-30,11:52:50,Academic Programs - Harvard School of Engineering,https://www.harvard.edu/academics/computer-science/,5,0,form_submit
1350,1351,2024-12-30,11:51:29,The Historical Development of Quantum Theory | JSTOR,https://www.jstor.org/stable/j.ctt7st2s,3,0,link
1351,1352,2024-12-30,11:49:15,Call for Papers AI Ethics 2025,https://www.google.com/search?q=call+for+papers+ai+2025,1,0,link
1352,1353,2024-12-30,11:51:01,The Weather Channel - Weather.com,https://www.weather.com/,4,0,link
1353,1354,2024-12-30,11:52:05,Call for Papers AI Ethics 2025,https://www.google.com/search?q=call+for+papers+ai+2025,5,0,link
1354,1355,2024-12-30,11:50:47,Academic Programs - Harvard School of Engineering,https://www.harvard.edu/academics/computer-science/,4,0,typed
1355,1356,2024-12-30,11:47:17,The Weather Channel - Weather.com,https://www.weather.com/,3,0,link
1356,1357,2024-12-30,11:45:56,X (Twitter): Home,https://twitter.com/home,1,0,typed
1357,1358,2024-12-30,11:36:54,Google Scholar: Deep Learning Transformers,https://scholar.google.com/scholar?q=deep+learning+transformers,4,0,link
1358,1359,2024-12-30,11:37:12,Multivariable Calculus | Khan Academy,https://www.khanacademy.org/math/calculus-3/multivariable-derivatives,1,0,link
1359,1360,2024-12-30,11:36:37,Organic Chemistry Textbooks - Amazon,https://www.amazon.com/textbooks/s?k=organic+chemistry,3,0,link
1360,1361,2024-12-30,11:37:43,Introduction to Python Programming | edX,https://www.edx.org/course/introduction-to-python,1,0,form_submit
1361,1362,2024-12-30,11:28:13,Gmail: Inbox,https://mail.google.com/mail/u/0/#inbox,2,0,generated
1362,1363,2024-12-30,11:32:12,Call for Papers AI Ethics 2025,https://www.google.com/search?q=call+for+papers+ai+2025,1,0,link
1363,1364,2024-12-30,11:29:56,The Weather Channel - Weather.com,https://www.weather.com/,5,0,typed
1364,1365,2024-12-30,11:27:35,X (Twitter): Home,https://twitter.com/home,2,0,link
1365,1366,2024-12-30,11:28:27,Algorithms Specialization - Coursera,https://www.coursera.org/learn/algorithms,2,0,typed
1366,1367,2024-12-30,11:25:22,CNN Breaking News and Video,https://www.cnn.com/,1,0,link
1367,1368,2024-12-30,11:23:24,MIT Computer Science and Artificial Intelligence Laboratory (CSAIL),https://www.mit.edu/research/robotics/,5,0,link
1368,1369,2024-12-30,11:22:18,The Weather Channel - Weather.com,https://www.weather.com/,2,0,link
1369,1370,2024-12-30,11:15:32,Introduction to Python Programming | edX,https://www.edx.org/course/introduction-to-python,3,0,link
1370,1371,2024-12-30,11:09:59,The Historical Development of Quantum Theory | JSTOR,https://www.jstor.org/stable/j.ctt7st2s,1,0,link
1371,1372,2024-12-30,11:13:12,Multivariable Calculus | Khan Academy,https://www.khanacademy.org/math/calculus-3/multivariable-derivatives,2,0,link
1372,1373,2024-12-30,11:13:36,CNN Breaking News and Video,https://www.cnn.com/,2,0,link
1373,1374,2024-12-30,11:08:44,CNN Breaking News and Video,https://www.cnn.com/,5,0,typed
1374,1375,2024-12-30,11:10:09,Academic Programs - Harvard School of Engineering,https://www.harvard.edu/academics/computer-science/,2,0,link
1375,1376,2024-12-30,11:03:32,Academic Programs - Harvard School of Engineering,https://www.harvard.edu/academics/computer-science/,4,0,link
1376,1377,2024-12-30,11:01:59,CNN Breaking News and Video,https://www.cnn.com/,2,0,link
1377,1378,2024-12-30,10:56:37,Amazon.com: Online Shopping,https://www.amazon.com/,3,0,generated
1378,1379,2024-12-30,10:57:11,Academic Programs - Harvard School of Engineering,https://www.harvard.edu/academics/computer-science/,1,0,reload
1379,1380,2024-12-30,10:56:25,The Weather Channel - Weather.com,https://www.weather.com/,3,0,link
1380,1381,2024-12-30,10:49:30,Artificial Intelligence - Journal - Elsevier,https://www.journals.elsevier.com/artificial-intelligence,4,0,link
1381,1382,2024-12-30,10:51:08,Google Scholar: Deep Learning Transformers,https://scholar.google.com/scholar?q=deep+learning+transformers,5,0,generated
1382,1383,2024-12-30,10:53:50,Amazon.com: Online Shopping,https://www.amazon.com/,4,0,link
1383,1384,2024-12-30,10:47:38,Google Scholar: Deep Learning Transformers,https://scholar.google.com/scholar?q=deep+learning+transformers,2,0,typed
1384,1385,2024-12-30,10:47:44,The Weather Channel - Weather.com,https://www.weather.com/,4,0,link
1385,1386,2024-12-30,10:41:30,Google Scholar: Deep Learning Transformers,https://scholar.google.com/scholar?q=deep+learning+transformers,5,0,link
1386,1387,2024-12-30,10:42:22,MIT Computer Science and Artificial Intelligence Laboratory (CSAIL),https://www.mit.edu/research/robotics/,2,0,link
1387,1388,2024-12-30,10:39:30,Gmail: Inbox,https://mail.google.com/mail/u/0/#inbox,1,0,link
1388,1389,2024-12-30,10:37:11,Algorithms Specialization - Coursera,https://www.coursera.org/learn/algorithms,2,0,typed
1389,1390,2024-12-30,10:36:40,Academic Programs - Harvard School of Engineering,https://www.harvard.edu/academics/computer-science/,2,0,link
1390,1391,2024-12-30,10:36:36,The Historical Development of Quantum Theory | JSTOR,https://www.jstor.org/stable/j.ctt7st2s,3,0,generated
1391,1392,2024-12-30,10:27:22,ResearchGate - AI Ethics in Healthcare,https://www.researchgate.net/project/AI-ethics-in-healthcare,3,0,typed
1392,1393,2024-12-30,10:31:20,Amazon.com: Online Shopping,https://www.amazon.com/,3,0,typed
1393,1394,2024-12-30,10:23:49,The Historical Development of Quantum Theory | JSTOR,https://www.jstor.org/stable/j.ctt7st2s,1,0,link
1394,1395,2024-12-30,10:21:13,Call for Papers AI Ethics 2025,https://www.google.com/search?q=call+for+papers+ai+2025,2,0,link
1395,1396,2024-12-30,10:22:16,Introduction to Python Programming | edX,https://www.edx.org/course/introduction-to-python,4,0,generated
1396,1397,2024-12-30,10:21:59,Academic Programs - Harvard School of Engineering,https://www.harvard.edu/academics/computer-science/,1,0,link
1397,1398,2024-12-30,10:23:59,Artificial Intelligence - Journal - Elsevier,https://www.journals.elsevier.com/artificial-intelligence,2,0,typed
1398,1399,2024-12-30,10:16:15,Artificial Intelligence - Journal - Elsevier,https://www.journals.elsevier.com/artificial-intelligence,4,0,link
1399,1400,2024-12-30,10:15:48,The Historical Development of Quantum Theory | JSTOR,https://www.jstor.org/stable/j.ctt7st2s,4,0,link
1400,1401,2024-12-30,10:09:21,Organic Chemistry Textbooks - Amazon,https://www.amazon.com/textbooks/s?k=organic+chemistry,1,0,link
1401,1402,2024-12-30,10:16:03,X (Twitter): Home,https://twitter.com/home,2,0,link
1402,1403,2024-12-30,10:06:20,Introduction to Python Programming | edX,https://www.edx.org/course/introduction-to-python,5,0,typed
1403,1404,2024-12-30,10:10:55,Gmail: Inbox,https://mail.google.com/mail/u/0/#inbox,3,0,link
1404,1405,2024-12-30,10:01:34,Artificial Intelligence - Journal - Elsevier,https://www.journals.elsevier.com/artificial-intelligence,5,0,generated
1405,1406,2024-12-30,10:05:41,Gmail: Inbox,https://mail.google.com/mail/u/0/#inbox,4,0,generated
1406,1407,2024-12-30,10:01:52,Introduction to Python Programming | edX,https://www.edx.org/course/introduction-to-python,5,0,link
1407,1408,2024-12-30,10:02:56,Organic Chemistry Textbooks - Amazon,https://www.amazon.com/textbooks/s?k=organic+chemistry,2,0,link
1408,1409,2024-12-30,09:55:37,Multivariable Calculus | Khan Academy,https://www.khanacademy.org/math/calculus-3/multivariable-derivatives,1,0,link
1409,1410,2024-12-30,09:56:44,Gmail: Inbox,https://mail.google.com/mail/u/0/#inbox,2,0,link
1410,1411,2024-12-30,09:49:31,Gmail: Inbox,https://mail.google.com/mail/u/0/#inbox,1,0,link
1411,1412,2024-12-30,09:49:57,CNN Breaking News and Video,https://www.cnn.com/,3,0,link
1412,1413,2024-12-30,09:47:29,Organic Chemistry Textbooks - Amazon,https://www.amazon.com/textbooks/s?k=organic+chemistry,5,0,link
1413,1414,2024-12-30,09:51:35,MIT Computer Science and Artificial Intelligence Laboratory (CSAIL),https://www.mit.edu/research/robotics/,3,0,link
1414,1415,2024-12-30,09:46:01,The Weather Channel - Weather.com,https://www.weather.com/,5,0,typed
1415,1416,2024-12-30,09:43:44,ResearchGate - AI Ethics in Healthcare,https://www.researchgate.net/project/AI-ethics-in-healthcare,5,0,link
1416,1417,2024-12-30,09:43:48,Multivariable Calculus | Khan Academy,https://www.khanacademy.org/math/calculus-3/multivariable-derivatives,5,0,link
1417,1418,2024-12-30,09:41:31,Academic Programs - Harvard School of Engineering,https://www.harvard.edu/academics/computer-science/,3,0,link
1418,1419,2024-12-30,09:41:42,MIT Computer Science and Artificial Intelligence Laboratory (CSAIL),https://www.mit.edu/research/robotics/,5,0,link
1419,1420,2024-12-30,09:39:13,Artificial Intelligence - Journal - Elsevier,https://www.journals.elsevier.com/artificial-intelligence,3,0,link
1420,1421,2024-12-30,09:33:22,Algorithms Specialization - Coursera,https://www.coursera.org/learn/algorithms,3,0,typed
1421,1422,2024-12-30,09:35:23,ResearchGate - AI Ethics in Healthcare,https://www.researchgate.net/project/AI-ethics-in-healthcare,5,0,typed
1422,1423,2024-12-30,09:25:04,The Historical Development of Quantum Theory | JSTOR,https://www.jstor.org/stable/j.ctt7st2s,5,0,link
1423,1424,2024-12-30,09:23:21,Introduction to Python Programming | edX,https://www.edx.org/course/introduction-to-python,5,0,link
1424,1425,2024-12-30,09:23:18,ResearchGate - AI Ethics in Healthcare,https://www.researchgate.net/project/AI-ethics-in-healthcare,2,0,typed
1425,1426,2024-12-30,09:27:47,Introduction to Python Programming | edX,https://www.edx.org/course/introduction-to-python,4,0,link
1426,1427,2024-12-30,09:24:05,Organic Chemistry Textbooks - Amazon,https://www.amazon.com/textbooks/s?k=organic+chemistry,1,0,link
1427,1428,2024-12-30,09:20:38,Google Scholar: Deep Learning Transformers,https://scholar.google.com/scholar?q=deep+learning+transformers,1,0,link
1428,1429,2024-12-30,09:16:05,Artificial Intelligence - Journal - Elsevier,https://www.journals.elsevier.com/artificial-intelligence,4,0,typed
1429,1430,2024-12-30,09:20:25,Algorithms Specialization - Coursera,https://www.coursera.org/learn/algorithms,4,0,link
1430,1431,2024-12-30,09:14:07,ResearchGate - AI Ethics in Healthcare,https://www.researchgate.net/project/AI-ethics-in-healthcare,1,0,link
1431,1432,2024-12-30,09:13:44,Introduction to Python Programming | edX,https://www.edx.org/course/introduction-to-python,1,0,link
1432,1433,2024-12-30,09:11:55,Organic Chemistry Textbooks - Amazon,https://www.amazon.com/textbooks/s?k=organic+chemistry,5,0,link
1433,1434,2024-12-30,09:10:05,Introduction to Python Programming | edX,https://www.edx.org/course/introduction-to-python,3,0,link
1434,1435,2024-12-30,09:04:35,CNN Breaking News and Video,https://www.cnn.com/,1,0,link
1435,1436,2024-12-30,09:00:54,Academic Programs - Harvard School of Engineering,https://www.harvard.edu/academics/computer-science/,5,0,typed
1436,1437,2024-12-30,09:02:09,X (Twitter): Home,https://twitter.com/home,3,0,generated
1437,1438,2024-12-30,09:01:14,Amazon.com: Online Shopping,https://www.amazon.com/,5,0,link
1438,1439,2024-12-30,08:57:28,Gmail: Inbox,https://mail.google.com/mail/u/0/#inbox,1,0,link
1439,1440,2024-12-30,08:54:04,Amazon.com: Online Shopping,https://www.amazon.com/,3,0,link
1440,1441,2024-12-30,08:52:23,Gmail: Inbox,https://mail.google.com/mail/u/0/#inbox,5,0,link
1441,1442,2024-12-30,08:49:21,The Historical Development of Quantum Theory | JSTOR,https://www.jstor.org/stable/j.ctt7st2s,3,0,typed
1442,1443,2024-12-30,08:52:51,Organic Chemistry Textbooks - Amazon,https://www.amazon.com/textbooks/s?k=organic+chemistry,2,0,link
1443,1444,2024-12-30,08:45:54,Multivariable Calculus | Khan Academy,https://www.khanacademy.org/math/calculus-3/multivariable-derivatives,2,0,link
1444,1445,2024-12-30,08:43:24,X (Twitter): Home,https://twitter.com/home,2,0,link
1445,1446,2024-12-30,08:40:00,Artificial Intelligence - Journal - Elsevier,https://www.journals.elsevier.com/artificial-intelligence,3,0,typed
1446,1447,2024-12-30,08:37:35,Call for Papers AI Ethics 2025,https://www.google.com/search?q=call+for+papers+ai+2025,2,0,link
1447,1448,2024-12-30,08:37:37,X (Twitter): Home,https://twitter.com/home,2,0,link
1448,1449,2024-12-30,08:42:26,Google Scholar: Deep Learning Transformers,https://scholar.google.com/scholar?q=deep+learning+transformers,5,0,link
1449,1450,2024-12-30,08:39:18,Amazon.com: Online Shopping,https://www.amazon.com/,3,0,link
1450,1451,2024-12-30,08:38:56,The Historical Development of Quantum Theory | JSTOR,https://www.jstor.org/stable/j.ctt7st2s,4,0,link
1451,1452,2024-12-30,08:36:07,Introduction to Python Programming | edX,https://www.edx.org/course/introduction-to-python,5,0,link
1452,1453,2024-12-30,08:29:12,ResearchGate - AI Ethics in Healthcare,https://www.researchgate.net/project/AI-ethics-in-healthcare,5,0,generated
1453,1454,2024-12-30,08:25:45,Algorithms Specialization - Coursera,https://www.coursera.org/learn/algorithms,1,0,link
1454,1455,2024-12-30,08:29:33,X (Twitter): Home,https://twitter.com/home,1,0,link
1455,1456,2024-12-30,08:27:27,MIT Computer Science and Artificial Intelligence Laboratory (CSAIL),https://www.mit.edu/research/robotics/,3,0,link
1456,1457,2024-12-30,08:22:53,Introduction to Python Programming | edX,https://www.edx.org/course/introduction-to-python,4,0,link
1457,1458,2024-12-30,08:20:50,Amazon.com: Online Shopping,https://www.amazon.com/,4,0,typed
1458,1459,2024-12-30,08:21:20,X (Twitter): Home,https://twitter.com/home,1,0,link
1459,1460,2024-12-30,08:19:26,Academic Programs - Harvard School of Engineering,https://www.harvard.edu/academics/computer-science/,4,0,link
1460,1461,2024-12-30,08:12:05,Artificial Intelligence - Journal - Elsevier,https://www.journals.elsevier.com/artificial-intelligence,5,0,generated
1461,1462,2024-12-30,08:11:06,Academic Programs - Harvard School of Engineering,https://www.harvard.edu/academics/computer-science/,5,0,link
1462,1463,2024-12-30,08:06:35,ResearchGate - AI Ethics in Healthcare,https://www.researchgate.net/project/AI-ethics-in-healthcare,2,0,link
1463,1464,2024-12-30,08:05:02,CNN Breaking News and Video,https://www.cnn.com/,2,0,typed
1464,1465,2024-12-30,08:10:07,CNN Breaking News and Video,https://www.cnn.com/,1,0,link
1465,1466,2024-12-30,08:02:15,Gmail: Inbox,https://mail.google.com/mail/u/0/#inbox,4,0,link
1466,1467,2024-12-30,07:59:17,X (Twitter): Home,https://twitter.com/home,4,0,link
1467,1468,2024-12-30,08:04:20,CNN Breaking News and Video,https://www.cnn.com/,3,0,link
1468,1469,2024-12-30,07:59:00,ResearchGate - AI Ethics in Healthcare,https://www.researchgate.net/project/AI-ethics-in-healthcare,1,0,reload
1469,1470,2024-12-30,08:00:19,CNN Breaking News and Video,https://www.cnn.com/,2,0,generated
1470,1471,2024-12-30,07:57:40,Multivariable Calculus | Khan Academy,https://www.khanacademy.org/math/calculus-3/multivariable-derivatives,4,0,reload
1471,1472,2024-12-30,07:50:29,ResearchGate - AI Ethics in Healthcare,https://www.researchgate.net/project/AI-ethics-in-healthcare,2,0,link
1472,1473,2024-12-30,07:49:58,Introduction to Python Programming | edX,https://www.edx.org/course/introduction-to-python,5,0,link
1473,1474,2024-12-30,07:43:25,Multivariable Calculus | Khan Academy,https://www.khanacademy.org/math/calculus-3/multivariable-derivatives,1,0,typed
1474,1475,2024-12-30,07:49:21,Artificial Intelligence - Journal - Elsevier,https://www.journals.elsevier.com/artificial-intelligence,3,0,link
1475,1476,2024-12-30,07:45:52,X (Twitter): Home,https://twitter.com/home,2,0,link
1476,1477,2024-12-30,07:41:33,Artificial Intelligence - Journal - Elsevier,https://www.journals.elsevier.com/artificial-intelligence,2,0,link
1477,1478,2024-12-30,07:41:09,Multivariable Calculus | Khan Academy,https://www.khanacademy.org/math/calculus-3/multivariable-derivatives,1,0,typed
1478,1479,2024-12-30,07:39:26,ResearchGate - AI Ethics in Healthcare,https://www.researchgate.net/project/AI-ethics-in-healthcare,5,0,link
1479,1480,2024-12-30,07:39:52,Introduction to Python Programming | edX,https://www.edx.org/course/introduction-to-python,1,0,generated
1480,1481,2024-12-30,07:31:39,Introduction to Python Programming | edX,https://www.edx.org/course/introduction-to-python,2,0,typed
1481,1482,2024-12-30,07:27:57,X (Twitter): Home,https://twitter.com/home,2,0,link
1482,1483,2024-12-30,07:29:47,CNN Breaking News and Video,https://www.cnn.com/,5,0,link
1483,1484,2024-12-30,07:24:09,Gmail: Inbox,https://mail.google.com/mail/u/0/#inbox,1,0,link
1484,1485,2024-12-30,07:26:43,Introduction to Python Programming | edX,https://www.edx.org/course/introduction-to-python,3,0,link
1485,1486,2024-12-30,07:21:04,Gmail: Inbox,https://mail.google.com/mail/u/0/#inbox,5,0,link
1486,1487,2024-12-30,07:24:49,Artificial Intelligence - Journal - Elsevier,https://www.journals.elsevier.com/artificial-intelligence,3,0,link
1487,1488,2024-12-30,07:19:23,MIT Computer Science and Artificial Intelligence Laboratory (CSAIL),https://www.mit.edu/research/robotics/,3,0,link
1488,1489,2024-12-30,07:14:48,The Weather Channel - Weather.com,https://www.weather.com/,2,0,typed
1489,1490,2024-12-30,07:14:38,The Weather Channel - Weather.com,https://www.weather.com/,5,0,link
1490,1491,2024-12-30,07:09:30,Academic Programs - Harvard School of Engineering,https://www.harvard.edu/academics/computer-science/,3,0,link
1491,1492,2024-12-30,07:11:20,Call for Papers AI Ethics 2025,https://www.google.com/search?q=call+for+papers+ai+2025,2,0,typed
1492,1493,2024-12-30,07:12:48,Academic Programs - Harvard School of Engineering,https://www.harvard.edu/academics/computer-science/,3,0,link
1493,1494,2024-12-30,07:04:25,Introduction to Python Programming | edX,https://www.edx.org/course/introduction-to-python,1,0,link
1494,1495,2024-12-30,07:02:53,Google Scholar: Deep Learning Transformers,https://scholar.google.com/scholar?q=deep+learning+transformers,1,0,link
1495,1496,2024-12-30,06:59:13,The Historical Development of Quantum Theory | JSTOR,https://www.jstor.org/stable/j.ctt7st2s,1,0,generated
1496,1497,2024-12-30,07:04:11,MIT Computer Science and Artificial Intelligence Laboratory (CSAIL),https://www.mit.edu/research/robotics/,1,0,link
1497,1498,2024-12-30,07:01:58,Organic Chemistry Textbooks - Amazon,https://www.amazon.com/textbooks/s?k=organic+chemistry,5,0,link
1498,1499,2024-12-30,06:53:14,Multivariable Calculus | Khan Academy,https://www.khanacademy.org/math/calculus-3/multivariable-derivatives,1,0,link
1499,1500,2024-12-30,07:00:46,X (Twitter): Home,https://twitter.com/home,1,0,link
