order,id,date,time,title,url,visitCount,typedCount,transition
0,1,2025-01-01,08:52:19,Best Thai Fusion Near Me - Yelp,https://www.yelp.com/search?find_desc=thai+fusion,1,0,link
1,2,2025-01-01,08:47:20,Mastering Knife Skills: A Beginner's Guide,https://www.gourmetsleuth.com/articles/techniques/knife-skills,3,0,typed
2,3,2025-01-01,08:48:16,Mastering Knife Skills: A Beginner's Guide,https://www.gourmetsleuth.com/articles/techniques/knife-skills,5,0,link
3,4,2025-01-01,08:48:29,Chopped TV Show - Food Network,https://www.foodnetwork.com/shows/chopped,2,0,typed
4,5,2025-01-01,08:41:53,Amazon.com: Online Shopping,https://www.amazon.com/,4,0,link
5,6,2025-01-01,08:47:13,The Weather Channel - Weather.com,https://www.weather.com/,4,0,typed
6,7,2025-01-01,08:46:15,The Best Chocolate Chip Cookies Recipe - Allrecipes,https://www.allrecipes.com/recipe/best-chocolate-chip-cookies/,3,0,generated
7,8,2025-01-01,08:38:02,Best Thai Fusion Near Me - Yelp,https://www.yelp.com/search?find_desc=thai+fusion,4,0,link
8,9,2025-01-01,08:40:07,The Food Lab's Guide to Sous Vide Steak - Serious Eats,https://www.seriouseats.com/how-to-sous-vide-steak,4,0,link
9,10,2025-01-01,08:33:26,Bon Appétit | Cacio e Pepe Recipe,https://www.bonappetit.com/recipe/cacio-e-pepe,3,0,link
10,11,2025-01-01,08:29:40,The Weather Channel - Weather.com,https://www.weather.com/,5,0,link
11,12,2025-01-01,08:33:00,Amazon.com: Online Shopping,https://www.amazon.com/,1,0,link
12,13,2025-01-01,08:28:22,Mastering Knife Skills: A Beginner's Guide,https://www.gourmetsleuth.com/articles/techniques/knife-skills,1,0,generated
13,14,2025-01-01,08:31:39,KitchenAid Stand Mixer - Amazon.com,https://www.amazon.com/KitchenAid-Stand-Mixer/dp/B008C23,4,0,generated
14,15,2025-01-01,08:29:16,The Weather Channel - Weather.com,https://www.weather.com/,4,0,link
15,16,2025-01-01,08:19:23,Main Dish Recipes - Epicurious,https://www.epicurious.com/recipes/main-dishes,1,0,link
16,17,2025-01-01,08:21:43,The Weather Channel - Weather.com,https://www.weather.com/,2,0,generated
17,18,2025-01-01,08:22:45,Mastering Knife Skills: A Beginner's Guide,https://www.gourmetsleuth.com/articles/techniques/knife-skills,1,0,link
18,19,2025-01-01,08:19:22,Chopped TV Show - Food Network,https://www.foodnetwork.com/shows/chopped,1,0,link
19,20,2025-01-01,08:12:51,Bon Appétit | Cacio e Pepe Recipe,https://www.bonappetit.com/recipe/cacio-e-pepe,2,0,typed
20,21,2025-01-01,08:10:31,Mastering Knife Skills: A Beginner's Guide,https://www.gourmetsleuth.com/articles/techniques/knife-skills,3,0,link
21,22,2025-01-01,08:12:42,The Best Chocolate Chip Cookies Recipe - Allrecipes,https://www.allrecipes.com/recipe/best-chocolate-chip-cookies/,5,0,generated
22,23,2025-01-01,08:06:09,Bon Appétit | Cacio e Pepe Recipe,https://www.bonappetit.com/recipe/cacio-e-pepe,1,0,link
23,24,2025-01-01,08:07:10,Chopped TV Show - Food Network,https://www.foodnetwork.com/shows/chopped,3,0,link
24,25,2025-01-01,08:09:06,The Weather Channel - Weather.com,https://www.weather.com/,5,0,link
25,26,2025-01-01,08:08:28,The Food Lab's Guide to Sous Vide Steak - Serious Eats,https://www.seriouseats.com/how-to-sous-vide-steak,2,0,link
26,27,2025-01-01,07:59:35,Amazon.com: Online Shopping,https://www.amazon.com/,4,0,link
27,28,2025-01-01,07:58:03,KitchenAid Stand Mixer - Amazon.com,https://www.amazon.com/KitchenAid-Stand-Mixer/dp/B008C23,3,0,link
28,29,2025-01-01,07:59:13,Main Dish Recipes - Epicurious,https://www.epicurious.com/recipes/main-dishes,2,0,generated
29,30,2025-01-01,08:00:41,Best Thai Fusion Near Me - Yelp,https://www.yelp.com/search?find_desc=thai+fusion,3,0,generated
30,31,2025-01-01,07:49:07,Best Local Farmers Market Schedule,https://www.google.com/search?q=best+local+farmers+market,5,0,link
31,32,2025-01-01,07:49:05,KitchenAid Stand Mixer - Amazon.com,https://www.amazon.com/KitchenAid-Stand-Mixer/dp/B008C23,3,0,link
32,33,2025-01-01,07:46:09,Gmail: Inbox,https://mail.google.com/mail/u/0/#inbox,4,0,reload
33,34,2025-01-01,07:43:12,X (Twitter): Home,https://twitter.com/home,2,0,typed
34,35,2025-01-01,07:41:03,Chopped TV Show - Food Network,https://www.foodnetwork.com/shows/chopped,4,0,link
35,36,2025-01-01,07:45:07,The Weather Channel - Weather.com,https://www.weather.com/,5,0,link
36,37,2025-01-01,07:43:49,The Best Chocolate Chip Cookies Recipe - Allrecipes,https://www.allrecipes.com/recipe/best-chocolate-chip-cookies/,5,0,generated
37,38,2025-01-01,07:35:24,"Flour, Grains & Seeds | King Arthur Baking",https://www.kingarthurbaking.com/shop/ingredients/flour,1,0,link
38,39,2025-01-01,07:39:58,The Weather Channel - Weather.com,https://www.weather.com/,4,0,link
39,40,2025-01-01,07:37:00,X (Twitter): Home,https://twitter.com/home,2,0,link
40,41,2025-01-01,07:34:45,CNN Breaking News and Video,https://www.cnn.com/,2,0,link
41,42,2025-01-01,07:29:57,Amazon.com: Online Shopping,https://www.amazon.com/,5,0,typed
42,43,2025-01-01,07:26:39,The Best Chocolate Chip Cookies Recipe - Allrecipes,https://www.allrecipes.com/recipe/best-chocolate-chip-cookies/,5,0,link
43,44,2025-01-01,07:27:08,Chopped TV Show - Food Network,https://www.foodnetwork.com/shows/chopped,1,0,typed
44,45,2025-01-01,07:24:29,CNN Breaking News and Video,https://www.cnn.com/,1,0,generated
45,46,2025-01-01,07:22:07,The Food Lab's Guide to Sous Vide Steak - Serious Eats,https://www.seriouseats.com/how-to-sous-vide-steak,4,0,link
46,47,2025-01-01,07:26:24,X (Twitter): Home,https://twitter.com/home,3,0,link
47,48,2025-01-01,07:18:14,Amazon.com: Online Shopping,https://www.amazon.com/,4,0,link
48,49,2025-01-01,07:22:46,CNN Breaking News and Video,https://www.cnn.com/,1,0,link
49,50,2025-01-01,07:19:55,Chopped TV Show - Food Network,https://www.foodnetwork.com/shows/chopped,1,0,link
50,51,2025-01-01,07:16:21,Gmail: Inbox,https://mail.google.com/mail/u/0/#inbox,5,0,link
51,52,2025-01-01,07:07:27,Gmail: Inbox,https://mail.google.com/mail/u/0/#inbox,3,0,link
52,53,2025-01-01,07:11:28,KitchenAid Stand Mixer - Amazon.com,https://www.amazon.com/KitchenAid-Stand-Mixer/dp/B008C23,4,0,link
53,54,2025-01-01,07:12:53,Best Thai Fusion Near Me - Yelp,https://www.yelp.com/search?find_desc=thai+fusion,5,0,link
54,55,2025-01-01,07:04:45,Amazon.com: Online Shopping,https://www.amazon.com/,3,0,link
55,56,2025-01-01,07:03:10,Chopped TV Show - Food Network,https://www.foodnetwork.com/shows/chopped,5,0,generated
56,57,2025-01-01,06:58:59,X (Twitter): Home,https://twitter.com/home,4,0,link
57,58,2025-01-01,06:55:13,CNN Breaking News and Video,https://www.cnn.com/,3,0,link
58,59,2025-01-01,07:02:15,Bon Appétit | Cacio e Pepe Recipe,https://www.bonappetit.com/recipe/cacio-e-pepe,4,0,link
59,60,2025-01-01,06:51:04,Gmail: Inbox,https://mail.google.com/mail/u/0/#inbox,2,0,link
60,61,2025-01-01,06:55:46,"Flour, Grains & Seeds | King Arthur Baking",https://www.kingarthurbaking.com/shop/ingredients/flour,3,0,link
61,62,2025-01-01,06:52:50,MICHELIN Guide New York Restaurants,https://guide.michelin.com/us/en/restaurants,2,0,link
62,63,2025-01-01,06:52:00,The Weather Channel - Weather.com,https://www.weather.com/,1,0,link
63,64,2025-01-01,06:45:46,The Food Lab's Guide to Sous Vide Steak - Serious Eats,https://www.seriouseats.com/how-to-sous-vide-steak,1,0,link
64,65,2025-01-01,06:50:18,MICHELIN Guide New York Restaurants,https://guide.michelin.com/us/en/restaurants,1,0,link
65,66,2025-01-01,06:48:00,Chopped TV Show - Food Network,https://www.foodnetwork.com/shows/chopped,2,0,link
66,67,2025-01-01,06:37:14,Bon Appétit | Cacio e Pepe Recipe,https://www.bonappetit.com/recipe/cacio-e-pepe,2,0,link
67,68,2025-01-01,06:44:38,The Weather Channel - Weather.com,https://www.weather.com/,2,0,link
68,69,2025-01-01,06:41:23,Mastering Knife Skills: A Beginner's Guide,https://www.gourmetsleuth.com/articles/techniques/knife-skills,2,0,typed
69,70,2025-01-01,06:39:56,Best Local Farmers Market Schedule,https://www.google.com/search?q=best+local+farmers+market,1,0,reload
70,71,2025-01-01,06:34:20,Amazon.com: Online Shopping,https://www.amazon.com/,2,0,link
71,72,2025-01-01,06:31:24,Gmail: Inbox,https://mail.google.com/mail/u/0/#inbox,2,0,link
72,73,2025-01-01,06:31:23,Bon Appétit | Cacio e Pepe Recipe,https://www.bonappetit.com/recipe/cacio-e-pepe,5,0,link
73,74,2025-01-01,06:25:37,Gmail: Inbox,https://mail.google.com/mail/u/0/#inbox,2,0,link
74,75,2025-01-01,06:26:43,CNN Breaking News and Video,https://www.cnn.com/,1,0,link
75,76,2025-01-01,06:24:43,Gmail: Inbox,https://mail.google.com/mail/u/0/#inbox,3,0,link
76,77,2025-01-01,06:21:22,X (Twitter): Home,https://twitter.com/home,5,0,link
77,78,2025-01-01,06:21:49,The Food Lab's Guide to Sous Vide Steak - Serious Eats,https://www.seriouseats.com/how-to-sous-vide-steak,3,0,link
78,79,2025-01-01,06:18:25,The Best Chocolate Chip Cookies Recipe - Allrecipes,https://www.allrecipes.com/recipe/best-chocolate-chip-cookies/,3,0,typed
79,80,2025-01-01,06:12:19,CNN Breaking News and Video,https://www.cnn.com/,3,0,link
80,81,2025-01-01,06:09:30,Main Dish Recipes - Epicurious,https://www.epicurious.com/recipes/main-dishes,4,0,typed
81,82,2025-01-01,06:08:45,Main Dish Recipes - Epicurious,https://www.epicurious.com/recipes/main-dishes,5,0,link
82,83,2025-01-01,06:07:24,Mastering Knife Skills: A Beginner's Guide,https://www.gourmetsleuth.com/articles/techniques/knife-skills,5,0,link
83,84,2025-01-01,06:08:18,Mastering Knife Skills: A Beginner's Guide,https://www.gourmetsleuth.com/articles/techniques/knife-skills,1,0,generated
84,85,2025-01-01,06:08:07,Gmail: Inbox,https://mail.google.com/mail/u/0/#inbox,4,0,link
85,86,2025-01-01,06:06:02,CNN Breaking News and Video,https://www.cnn.com/,4,0,link
86,87,2025-01-01,05:58:55,Bon Appétit | Cacio e Pepe Recipe,https://www.bonappetit.com/recipe/cacio-e-pepe,3,0,link
87,88,2025-01-01,06:02:04,Main Dish Recipes - Epicurious,https://www.epicurious.com/recipes/main-dishes,5,0,link
88,89,2025-01-01,05:55:16,Gmail: Inbox,https://mail.google.com/mail/u/0/#inbox,4,0,link
89,90,2025-01-01,05:54:46,The Food Lab's Guide to Sous Vide Steak - Serious Eats,https://www.seriouseats.com/how-to-sous-vide-steak,4,0,link
90,91,2025-01-01,05:54:01,"Flour, Grains & Seeds | King Arthur Baking",https://www.kingarthurbaking.com/shop/ingredients/flour,4,0,reload
91,92,2025-01-01,05:54:44,KitchenAid Stand Mixer - Amazon.com,https://www.amazon.com/KitchenAid-Stand-Mixer/dp/B008C23,3,0,link
92,93,2025-01-01,05:51:21,The Weather Channel - Weather.com,https://www.weather.com/,4,0,link
93,94,2025-01-01,05:52:36,KitchenAid Stand Mixer - Amazon.com,https://www.amazon.com/KitchenAid-Stand-Mixer/dp/B008C23,5,0,generated
94,95,2025-01-01,05:48:10,Main Dish Recipes - Epicurious,https://www.epicurious.com/recipes/main-dishes,5,0,link
95,96,2025-01-01,05:48:12,Amazon.com: Online Shopping,https://www.amazon.com/,2,0,generated
96,97,2025-01-01,05:41:17,X (Twitter): Home,https://twitter.com/home,1,0,link
97,98,2025-01-01,05:40:26,Best Local Farmers Market Schedule,https://www.google.com/search?q=best+local+farmers+market,5,0,link
98,99,2025-01-01,05:36:31,"Flour, Grains & Seeds | King Arthur Baking",https://www.kingarthurbaking.com/shop/ingredients/flour,4,0,generated
99,100,2025-01-01,05:37:01,The Food Lab's Guide to Sous Vide Steak - Serious Eats,https://www.seriouseats.com/how-to-sous-vide-steak,1,0,link
100,101,2025-01-01,05:30:25,X (Twitter): Home,https://twitter.com/home,2,0,typed
101,102,2025-01-01,05:33:43,Bon Appétit | Cacio e Pepe Recipe,https://www.bonappetit.com/recipe/cacio-e-pepe,3,0,link
102,103,2025-01-01,05:25:45,The Food Lab's Guide to Sous Vide Steak - Serious Eats,https://www.seriouseats.com/how-to-sous-vide-steak,3,0,link
103,104,2025-01-01,05:26:15,The Food Lab's Guide to Sous Vide Steak - Serious Eats,https://www.seriouseats.com/how-to-sous-vide-steak,1,0,link
104,105,2025-01-01,05:23:49,"Flour, Grains & Seeds | King Arthur Baking",https://www.kingarthurbaking.com/shop/ingredients/flour,3,0,link
105,106,2025-01-01,05:19:07,Best Local Farmers Market Schedule,https://www.google.com/search?q=best+local+farmers+market,4,0,link
106,107,2025-01-01,05:18:10,X (Twitter): Home,https://twitter.com/home,1,0,link
107,108,2025-01-01,05:24:37,Mastering Knife Skills: A Beginner's Guide,https://www.gourmetsleuth.com/articles/techniques/knife-skills,3,0,link
108,109,2025-01-01,05:17:23,MICHELIN Guide New York Restaurants,https://guide.michelin.com/us/en/restaurants,2,0,link
109,110,2025-01-01,05:20:47,The Food Lab's Guide to Sous Vide Steak - Serious Eats,https://www.seriouseats.com/how-to-sous-vide-steak,3,0,typed
110,111,2025-01-01,05:12:41,Chopped TV Show - Food Network,https://www.foodnetwork.com/shows/chopped,4,0,link
111,112,2025-01-01,05:16:54,Best Local Farmers Market Schedule,https://www.google.com/search?q=best+local+farmers+market,2,0,link
112,113,2025-01-01,05:08:08,X (Twitter): Home,https://twitter.com/home,5,0,link
113,114,2025-01-01,05:12:36,Main Dish Recipes - Epicurious,https://www.epicurious.com/recipes/main-dishes,2,0,link
114,115,2025-01-01,05:01:35,Bon Appétit | Cacio e Pepe Recipe,https://www.bonappetit.com/recipe/cacio-e-pepe,2,0,link
115,116,2025-01-01,05:06:45,The Best Chocolate Chip Cookies Recipe - Allrecipes,https://www.allrecipes.com/recipe/best-chocolate-chip-cookies/,2,0,typed
116,117,2025-01-01,05:01:39,Amazon.com: Online Shopping,https://www.amazon.com/,3,0,link
117,118,2025-01-01,04:57:53,Main Dish Recipes - Epicurious,https://www.epicurious.com/recipes/main-dishes,3,0,link
118,119,2025-01-01,04:53:03,Bon Appétit | Cacio e Pepe Recipe,https://www.bonappetit.com/recipe/cacio-e-pepe,4,0,link
119,120,2025-01-01,04:56:19,CNN Breaking News and Video,https://www.cnn.com/,5,0,link
120,121,2025-01-01,04:52:27,The Best Chocolate Chip Cookies Recipe - Allrecipes,https://www.allrecipes.com/recipe/best-chocolate-chip-cookies/,4,0,link
121,122,2025-01-01,04:52:50,Amazon.com: Online Shopping,https://www.amazon.com/,1,0,link
122,123,2025-01-01,04:54:35,Bon Appétit | Cacio e Pepe Recipe,https://www.bonappetit.com/recipe/cacio-e-pepe,2,0,link
123,124,2025-01-01,04:46:38,Best Local Farmers Market Schedule,https://www.google.com/search?q=best+local+farmers+market,1,0,link
124,125,2025-01-01,04:42:22,The Food Lab's Guide to Sous Vide Steak - Serious Eats,https://www.seriouseats.com/how-to-sous-vide-steak,3,0,link
125,126,2025-01-01,04:40:13,Amazon.com: Online Shopping,https://www.amazon.com/,2,0,generated
126,127,2025-01-01,04:38:37,X (Twitter): Home,https://twitter.com/home,2,0,reload
127,128,2025-01-01,04:40:35,The Weather Channel - Weather.com,https://www.weather.com/,3,0,link
128,129,2025-01-01,04:35:14,Main Dish Recipes - Epicurious,https://www.epicurious.com/recipes/main-dishes,5,0,generated
129,130,2025-01-01,04:36:30,Amazon.com: Online Shopping,https://www.amazon.com/,3,0,link
130,131,2025-01-01,04:29:15,Chopped TV Show - Food Network,https://www.foodnetwork.com/shows/chopped,5,0,typed
131,132,2025-01-01,04:36:29,CNN Breaking News and Video,https://www.cnn.com/,2,0,typed
132,133,2025-01-01,04:32:27,Best Thai Fusion Near Me - Yelp,https://www.yelp.com/search?find_desc=thai+fusion,3,0,link
133,134,2025-01-01,04:23:26,Gmail: Inbox,https://mail.google.com/mail/u/0/#inbox,4,0,link
134,135,2025-01-01,04:22:18,Gmail: Inbox,https://mail.google.com/mail/u/0/#inbox,3,0,link
135,136,2025-01-01,04:28:08,The Best Chocolate Chip Cookies Recipe - Allrecipes,https://www.allrecipes.com/recipe/best-chocolate-chip-cookies/,5,0,link
136,137,2025-01-01,04:19:19,CNN Breaking News and Video,https://www.cnn.com/,1,0,typed
137,138,2025-01-01,04:21:14,X (Twitter): Home,https://twitter.com/home,2,0,link
138,139,2025-01-01,04:22:32,Best Thai Fusion Near Me - Yelp,https://www.yelp.com/search?find_desc=thai+fusion,5,0,generated
139,140,2025-01-01,04:17:37,Gmail: Inbox,https://mail.google.com/mail/u/0/#inbox,5,0,link
140,141,2025-01-01,04:12:57,The Food Lab's Guide to Sous Vide Steak - Serious Eats,https://www.seriouseats.com/how-to-sous-vide-steak,1,0,link
141,142,2025-01-01,04:07:19,The Food Lab's Guide to Sous Vide Steak - Serious Eats,https://www.seriouseats.com/how-to-sous-vide-steak,5,0,reload
142,143,2025-01-01,04:09:37,Best Thai Fusion Near Me - Yelp,https://www.yelp.com/search?find_desc=thai+fusion,2,0,typed
143,144,2025-01-01,04:05:26,Best Local Farmers Market Schedule,https://www.google.com/search?q=best+local+farmers+market,4,0,generated
144,145,2025-01-01,04:02:52,KitchenAid Stand Mixer - Amazon.com,https://www.amazon.com/KitchenAid-Stand-Mixer/dp/B008C23,1,0,link
145,146,2025-01-01,04:08:30,Best Thai Fusion Near Me - Yelp,https://www.yelp.com/search?find_desc=thai+fusion,1,0,link
146,147,2025-01-01,04:06:36,Bon Appétit | Cacio e Pepe Recipe,https://www.bonappetit.com/recipe/cacio-e-pepe,5,0,link
147,148,2025-01-01,04:00:33,Main Dish Recipes - Epicurious,https://www.epicurious.com/recipes/main-dishes,5,0,link
148,149,2025-01-01,03:58:25,Best Local Farmers Market Schedule,https://www.google.com/search?q=best+local+farmers+market,5,0,typed
149,150,2025-01-01,03:57:14,Mastering Knife Skills: A Beginner's Guide,https://www.gourmetsleuth.com/articles/techniques/knife-skills,3,0,link
150,151,2025-01-01,03:55:57,Best Thai Fusion Near Me - Yelp,https://www.yelp.com/search?find_desc=thai+fusion,2,0,reload
151,152,2025-01-01,03:54:35,The Best Chocolate Chip Cookies Recipe - Allrecipes,https://www.allrecipes.com/recipe/best-chocolate-chip-cookies/,5,0,link
152,153,2025-01-01,03:52:46,Best Local Farmers Market Schedule,https://www.google.com/search?q=best+local+farmers+market,3,0,link
153,154,2025-01-01,03:47:26,"Flour, Grains & Seeds | King Arthur Baking",https://www.kingarthurbaking.com/shop/ingredients/flour,1,0,link
154,155,2025-01-01,03:43:31,MICHELIN Guide New York Restaurants,https://guide.michelin.com/us/en/restaurants,3,0,typed
155,156,2025-01-01,03:47:45,The Food Lab's Guide to Sous Vide Steak - Serious Eats,https://www.seriouseats.com/how-to-sous-vide-steak,3,0,link
156,157,2025-01-01,03:42:49,Amazon.com: Online Shopping,https://www.amazon.com/,4,0,link
157,158,2025-01-01,03:39:03,Best Local Farmers Market Schedule,https://www.google.com/search?q=best+local+farmers+market,2,0,link
158,159,2025-01-01,03:36:09,Mastering Knife Skills: A Beginner's Guide,https://www.gourmetsleuth.com/articles/techniques/knife-skills,3,0,link
159,160,2025-01-01,03:39:35,The Food Lab's Guide to Sous Vide Steak - Serious Eats,https://www.seriouseats.com/how-to-sous-vide-steak,5,0,link
160,161,2025-01-01,03:34:15,The Weather Channel - Weather.com,https://www.weather.com/,3,0,link
161,162,2025-01-01,03:36:31,Bon Appétit | Cacio e Pepe Recipe,https://www.bonappetit.com/recipe/cacio-e-pepe,1,0,link
162,163,2025-01-01,03:26:00,MICHELIN Guide New York Restaurants,https://guide.michelin.com/us/en/restaurants,3,0,link
163,164,2025-01-01,03:30:49,MICHELIN Guide New York Restaurants,https://guide.michelin.com/us/en/restaurants,4,0,typed
164,165,2025-01-01,03:25:53,Best Thai Fusion Near Me - Yelp,https://www.yelp.com/search?find_desc=thai+fusion,2,0,typed
165,166,2025-01-01,03:28:54,The Food Lab's Guide to Sous Vide Steak - Serious Eats,https://www.seriouseats.com/how-to-sous-vide-steak,3,0,link
166,167,2025-01-01,03:17:14,Amazon.com: Online Shopping,https://www.amazon.com/,1,0,form_submit
167,168,2025-01-01,03:16:12,Mastering Knife Skills: A Beginner's Guide,https://www.gourmetsleuth.com/articles/techniques/knife-skills,1,0,link
168,169,2025-01-01,03:19:18,Best Thai Fusion Near Me - Yelp,https://www.yelp.com/search?find_desc=thai+fusion,1,0,link
169,170,2025-01-01,03:20:49,CNN Breaking News and Video,https://www.cnn.com/,2,0,link
170,171,2025-01-01,03:10:28,"Flour, Grains & Seeds | King Arthur Baking",https://www.kingarthurbaking.com/shop/ingredients/flour,4,0,link
171,172,2025-01-01,03:07:25,CNN Breaking News and Video,https://www.cnn.com/,1,0,generated
172,173,2025-01-01,03:08:52,MICHELIN Guide New York Restaurants,https://guide.michelin.com/us/en/restaurants,2,0,link
173,174,2025-01-01,03:12:46,CNN Breaking News and Video,https://www.cnn.com/,2,0,link
174,175,2025-01-01,03:03:38,Chopped TV Show - Food Network,https://www.foodnetwork.com/shows/chopped,4,0,link
175,176,2025-01-01,03:00:48,The Weather Channel - Weather.com,https://www.weather.com/,3,0,typed
176,177,2025-01-01,03:04:35,X (Twitter): Home,https://twitter.com/home,4,0,link
177,178,2025-01-01,02:58:02,"Flour, Grains & Seeds | King Arthur Baking",https://www.kingarthurbaking.com/shop/ingredients/flour,2,0,link
178,179,2025-01-01,02:58:00,Amazon.com: Online Shopping,https://www.amazon.com/,4,0,link
179,180,2025-01-01,03:00:24,The Weather Channel - Weather.com,https://www.weather.com/,4,0,typed
180,181,2025-01-01,02:57:05,Chopped TV Show - Food Network,https://www.foodnetwork.com/shows/chopped,3,0,link
181,182,2025-01-01,02:52:32,KitchenAid Stand Mixer - Amazon.com,https://www.amazon.com/KitchenAid-Stand-Mixer/dp/B008C23,4,0,typed
182,183,2025-01-01,02:54:40,Mastering Knife Skills: A Beginner's Guide,https://www.gourmetsleuth.com/articles/techniques/knife-skills,1,0,typed
183,184,2025-01-01,02:43:07,Bon Appétit | Cacio e Pepe Recipe,https://www.bonappetit.com/recipe/cacio-e-pepe,1,0,link
184,185,2025-01-01,02:42:41,"Flour, Grains & Seeds | King Arthur Baking",https://www.kingarthurbaking.com/shop/ingredients/flour,4,0,link
185,186,2025-01-01,02:45:31,The Best Chocolate Chip Cookies Recipe - Allrecipes,https://www.allrecipes.com/recipe/best-chocolate-chip-cookies/,1,0,link
186,187,2025-01-01,02:43:45,KitchenAid Stand Mixer - Amazon.com,https://www.amazon.com/KitchenAid-Stand-Mixer/dp/B008C23,4,0,link
187,188,2025-01-01,02:35:33,MICHELIN Guide New York Restaurants,https://guide.michelin.com/us/en/restaurants,5,0,generated
188,189,2025-01-01,02:41:47,Bon Appétit | Cacio e Pepe Recipe,https://www.bonappetit.com/recipe/cacio-e-pepe,3,0,typed
189,190,2025-01-01,02:37:46,X (Twitter): Home,https://twitter.com/home,1,0,link
190,191,2025-01-01,02:29:08,Best Thai Fusion Near Me - Yelp,https://www.yelp.com/search?find_desc=thai+fusion,5,0,link
191,192,2025-01-01,02:28:52,"Flour, Grains & Seeds | King Arthur Baking",https://www.kingarthurbaking.com/shop/ingredients/flour,1,0,link
192,193,2025-01-01,02:25:45,KitchenAid Stand Mixer - Amazon.com,https://www.amazon.com/KitchenAid-Stand-Mixer/dp/B008C23,1,0,generated
193,194,2025-01-01,02:32:57,Amazon.com: Online Shopping,https://www.amazon.com/,4,0,generated
194,195,2025-01-01,02:30:34,Chopped TV Show - Food Network,https://www.foodnetwork.com/shows/chopped,2,0,generated
195,196,2025-01-01,02:20:22,CNN Breaking News and Video,https://www.cnn.com/,4,0,reload
196,197,2025-01-01,02:20:57,Chopped TV Show - Food Network,https://www.foodnetwork.com/shows/chopped,2,0,link
197,198,2025-01-01,02:16:09,Gmail: Inbox,https://mail.google.com/mail/u/0/#inbox,5,0,generated
198,199,2025-01-01,02:16:46,Chopped TV Show - Food Network,https://www.foodnetwork.com/shows/chopped,2,0,typed
199,200,2025-01-01,02:13:46,"Flour, Grains & Seeds | King Arthur Baking",https://www.kingarthurbaking.com/shop/ingredients/flour,4,0,link
200,201,2025-01-01,02:13:27,KitchenAid Stand Mixer - Amazon.com,https://www.amazon.com/KitchenAid-Stand-Mixer/dp/B008C23,1,0,link
201,202,2025-01-01,02:08:49,"Flour, Grains & Seeds | King Arthur Baking",https://www.kingarthurbaking.com/shop/ingredients/flour,1,0,link
202,203,2025-01-01,02:09:24,Best Local Farmers Market Schedule,https://www.google.com/search?q=best+local+farmers+market,4,0,link
203,204,2025-01-01,02:12:58,Mastering Knife Skills: A Beginner's Guide,https://www.gourmetsleuth.com/articles/techniques/knife-skills,3,0,link
204,205,2025-01-01,02:10:30,The Weather Channel - Weather.com,https://www.weather.com/,2,0,typed
205,206,2025-01-01,02:05:31,Main Dish Recipes - Epicurious,https://www.epicurious.com/recipes/main-dishes,1,0,link
206,207,2025-01-01,02:06:04,Mastering Knife Skills: A Beginner's Guide,https://www.gourmetsleuth.com/articles/techniques/knife-skills,3,0,typed
207,208,2025-01-01,02:01:15,The Best Chocolate Chip Cookies Recipe - Allrecipes,https://www.allrecipes.com/recipe/best-chocolate-chip-cookies/,2,0,typed
208,209,2025-01-01,01:55:35,The Food Lab's Guide to Sous Vide Steak - Serious Eats,https://www.seriouseats.com/how-to-sous-vide-steak,3,0,link
209,210,2025-01-01,01:55:19,Main Dish Recipes - Epicurious,https://www.epicurious.com/recipes/main-dishes,4,0,typed
210,211,2025-01-01,01:55:30,X (Twitter): Home,https://twitter.com/home,2,0,link
211,212,2025-01-01,01:55:38,Amazon.com: Online Shopping,https://www.amazon.com/,3,0,generated
212,213,2025-01-01,01:49:33,The Weather Channel - Weather.com,https://www.weather.com/,2,0,link
213,214,2025-01-01,01:48:58,Chopped TV Show - Food Network,https://www.foodnetwork.com/shows/chopped,1,0,form_submit
214,215,2025-01-01,01:41:59,CNN Breaking News and Video,https://www.cnn.com/,3,0,reload
215,216,2025-01-01,01:45:58,The Food Lab's Guide to Sous Vide Steak - Serious Eats,https://www.seriouseats.com/how-to-sous-vide-steak,4,0,link
216,217,2025-01-01,01:41:17,Chopped TV Show - Food Network,https://www.foodnetwork.com/shows/chopped,3,0,link
217,218,2025-01-01,01:36:16,Bon Appétit | Cacio e Pepe Recipe,https://www.bonappetit.com/recipe/cacio-e-pepe,2,0,link
218,219,2025-01-01,01:36:23,The Weather Channel - Weather.com,https://www.weather.com/,1,0,reload
219,220,2025-01-01,01:36:16,Mastering Knife Skills: A Beginner's Guide,https://www.gourmetsleuth.com/articles/techniques/knife-skills,2,0,typed
220,221,2025-01-01,01:36:05,Chopped TV Show - Food Network,https://www.foodnetwork.com/shows/chopped,3,0,typed
221,222,2025-01-01,01:36:52,Gmail: Inbox,https://mail.google.com/mail/u/0/#inbox,5,0,typed
222,223,2025-01-01,01:34:29,Best Thai Fusion Near Me - Yelp,https://www.yelp.com/search?find_desc=thai+fusion,4,0,link
223,224,2025-01-01,01:24:27,CNN Breaking News and Video,https://www.cnn.com/,4,0,link
224,225,2025-01-01,01:28:40,The Food Lab's Guide to Sous Vide Steak - Serious Eats,https://www.seriouseats.com/how-to-sous-vide-steak,2,0,link
225,226,2025-01-01,01:20:25,Mastering Knife Skills: A Beginner's Guide,https://www.gourmetsleuth.com/articles/techniques/knife-skills,5,0,link
226,227,2025-01-01,01:19:58,The Food Lab's Guide to Sous Vide Steak - Serious Eats,https://www.seriouseats.com/how-to-sous-vide-steak,3,0,link
227,228,2025-01-01,01:16:42,The Weather Channel - Weather.com,https://www.weather.com/,5,0,generated
228,229,2025-01-01,01:19:05,X (Twitter): Home,https://twitter.com/home,4,0,link
229,230,2025-01-01,01:20:53,Best Thai Fusion Near Me - Yelp,https://www.yelp.com/search?find_desc=thai+fusion,2,0,link
230,231,2025-01-01,01:11:20,KitchenAid Stand Mixer - Amazon.com,https://www.amazon.com/KitchenAid-Stand-Mixer/dp/B008C23,1,0,link
231,232,2025-01-01,01:11:50,Bon Appétit | Cacio e Pepe Recipe,https://www.bonappetit.com/recipe/cacio-e-pepe,4,0,typed
232,233,2025-01-01,01:14:31,MICHELIN Guide New York Restaurants,https://guide.michelin.com/us/en/restaurants,5,0,typed
233,234,2025-01-01,01:09:43,Amazon.com: Online Shopping,https://www.amazon.com/,2,0,link
234,235,2025-01-01,01:02:03,Main Dish Recipes - Epicurious,https://www.epicurious.com/recipes/main-dishes,5,0,link
235,236,2025-01-01,01:04:41,The Food Lab's Guide to Sous Vide Steak - Serious Eats,https://www.seriouseats.com/how-to-sous-vide-steak,3,0,link
236,237,2025-01-01,01:02:38,The Best Chocolate Chip Cookies Recipe - Allrecipes,https://www.allrecipes.com/recipe/best-chocolate-chip-cookies/,1,0,link
237,238,2025-01-01,01:03:49,KitchenAid Stand Mixer - Amazon.com,https://www.amazon.com/KitchenAid-Stand-Mixer/dp/B008C23,5,0,link
238,239,2025-01-01,01:00:36,"Flour, Grains & Seeds | King Arthur Baking",https://www.kingarthurbaking.com/shop/ingredients/flour,3,0,link
239,240,2025-01-01,00:55:14,Amazon.com: Online Shopping,https://www.amazon.com/,4,0,link
240,241,2025-01-01,00:50:02,Mastering Knife Skills: A Beginner's Guide,https://www.gourmetsleuth.com/articles/techniques/knife-skills,5,0,link
241,242,2025-01-01,00:57:00,Chopped TV Show - Food Network,https://www.foodnetwork.com/shows/chopped,4,0,generated
242,243,2025-01-01,00:47:44,Gmail: Inbox,https://mail.google.com/mail/u/0/#inbox,3,0,link
243,244,2025-01-01,00:46:05,X (Twitter): Home,https://twitter.com/home,1,0,link
244,245,2025-01-01,00:47:39,KitchenAid Stand Mixer - Amazon.com,https://www.amazon.com/KitchenAid-Stand-Mixer/dp/B008C23,2,0,link
245,246,2025-01-01,00:46:45,Best Local Farmers Market Schedule,https://www.google.com/search?q=best+local+farmers+market,2,0,reload
246,247,2025-01-01,00:41:15,"Flour, Grains & Seeds | King Arthur Baking",https://www.kingarthurbaking.com/shop/ingredients/flour,3,0,link
247,248,2025-01-01,00:42:46,The Weather Channel - Weather.com,https://www.weather.com/,1,0,link
248,249,2025-01-01,00:34:00,CNN Breaking News and Video,https://www.cnn.com/,1,0,generated
249,250,2025-01-01,00:31:10,Bon Appétit | Cacio e Pepe Recipe,https://www.bonappetit.com/recipe/cacio-e-pepe,5,0,link
250,251,2025-01-01,00:37:02,Main Dish Recipes - Epicurious,https://www.epicurious.com/recipes/main-dishes,1,0,link
251,252,2025-01-01,00:32:55,"Flour, Grains & Seeds | King Arthur Baking",https://www.kingarthurbaking.com/shop/ingredients/flour,3,0,generated
252,253,2025-01-01,00:33:13,Chopped TV Show - Food Network,https://www.foodnetwork.com/shows/chopped,2,0,link
253,254,2025-01-01,00:25:11,"Flour, Grains & Seeds | King Arthur Baking",https://www.kingarthurbaking.com/shop/ingredients/flour,4,0,link
254,255,2025-01-01,00:23:20,"Flour, Grains & Seeds | King Arthur Baking",https://www.kingarthurbaking.com/shop/ingredients/flour,5,0,link
255,256,2025-01-01,00:22:58,Mastering Knife Skills: A Beginner's Guide,https://www.gourmetsleuth.com/articles/techniques/knife-skills,2,0,generated
256,257,2025-01-01,00:18:35,Best Thai Fusion Near Me - Yelp,https://www.yelp.com/search?find_desc=thai+fusion,3,0,link
257,258,2025-01-01,00:16:51,X (Twitter): Home,https://twitter.com/home,1,0,link
258,259,2025-01-01,00:16:40,Best Local Farmers Market Schedule,https://www.google.com/search?q=best+local+farmers+market,4,0,generated
259,260,2025-01-01,00:11:37,MICHELIN Guide New York Restaurants,https://guide.michelin.com/us/en/restaurants,5,0,form_submit
260,261,2025-01-01,00:12:48,"Flour, Grains & Seeds | King Arthur Baking",https://www.kingarthurbaking.com/shop/ingredients/flour,4,0,generated
261,262,2025-01-01,00:10:48,The Food Lab's Guide to Sous Vide Steak - Serious Eats,https://www.seriouseats.com/how-to-sous-vide-steak,4,0,link
262,263,2025-01-01,00:06:25,Gmail: Inbox,https://mail.google.com/mail/u/0/#inbox,1,0,typed
263,264,2025-01-01,00:11:47,X (Twitter): Home,https://twitter.com/home,5,0,link
264,265,2025-01-01,00:08:22,X (Twitter): Home,https://twitter.com/home,1,0,generated
265,266,2025-01-01,00:05:45,The Food Lab's Guide to Sous Vide Steak - Serious Eats,https://www.seriouseats.com/how-to-sous-vide-steak,4,0,link
266,267,2025-01-01,00:00:59,KitchenAid Stand Mixer - Amazon.com,https://www.amazon.com/KitchenAid-Stand-Mixer/dp/B008C23,1,0,generated
267,268,2025-01-01,00:04:29,Amazon.com: Online Shopping,https://www.amazon.com/,5,0,link
268,269,2025-01-01,00:00:13,"Flour, Grains & Seeds | King Arthur Baking",https://www.kingarthurbaking.com/shop/ingredients/flour,4,0,link
269,270,2024-12-31,23:57:11,KitchenAid Stand Mixer - Amazon.com,https://www.amazon.com/KitchenAid-Stand-Mixer/dp/B008C23,4,0,link
270,271,2024-12-31,23:56:06,MICHELIN Guide New York Restaurants,https://guide.michelin.com/us/en/restaurants,5,0,link
271,272,2024-12-31,23:54:34,Best Local Farmers Market Schedule,https://www.google.com/search?q=best+local+farmers+market,1,0,typed
272,273,2024-12-31,23:50:30,Mastering Knife Skills: A Beginner's Guide,https://www.gourmetsleuth.com/articles/techniques/knife-skills,2,0,link
273,274,2024-12-31,23:50:09,Amazon.com: Online Shopping,https://www.amazon.com/,3,0,typed
274,275,2024-12-31,23:47:12,Gmail: Inbox,https://mail.google.com/mail/u/0/#inbox,4,0,link
275,276,2024-12-31,23:42:16,Amazon.com: Online Shopping,https://www.amazon.com/,3,0,link
276,277,2024-12-31,23:39:56,KitchenAid Stand Mixer - Amazon.com,https://www.amazon.com/KitchenAid-Stand-Mixer/dp/B008C23,5,0,link
277,278,2024-12-31,23:40:36,Best Thai Fusion Near Me - Yelp,https://www.yelp.com/search?find_desc=thai+fusion,3,0,link
278,279,2024-12-31,23:38:56,X (Twitter): Home,https://twitter.com/home,5,0,reload
279,280,2024-12-31,23:34:34,MICHELIN Guide New York Restaurants,https://guide.michelin.com/us/en/restaurants,4,0,link
280,281,2024-12-31,23:33:04,Amazon.com: Online Shopping,https://www.amazon.com/,5,0,form_submit
281,282,2024-12-31,23:27:06,Mastering Knife Skills: A Beginner's Guide,https://www.gourmetsleuth.com/articles/techniques/knife-skills,1,0,link
282,283,2024-12-31,23:33:33,The Food Lab's Guide to Sous Vide Steak - Serious Eats,https://www.seriouseats.com/how-to-sous-vide-steak,1,0,typed
283,284,2024-12-31,23:32:11,The Food Lab's Guide to Sous Vide Steak - Serious Eats,https://www.seriouseats.com/how-to-sous-vide-steak,4,0,link
284,285,2024-12-31,23:25:43,X (Twitter): Home,https://twitter.com/home,3,0,link
285,286,2024-12-31,23:21:29,The Weather Channel - Weather.com,https://www.weather.com/,3,0,typed
286,287,2024-12-31,23:24:38,MICHELIN Guide New York Restaurants,https://guide.michelin.com/us/en/restaurants,5,0,typed
287,288,2024-12-31,23:18:08,Main Dish Recipes - Epicurious,https://www.epicurious.com/recipes/main-dishes,3,0,typed
288,289,2024-12-31,23:18:10,Gmail: Inbox,https://mail.google.com/mail/u/0/#inbox,5,0,typed
289,290,2024-12-31,23:16:27,Gmail: Inbox,https://mail.google.com/mail/u/0/#inbox,1,0,typed
290,291,2024-12-31,23:12:50,Main Dish Recipes - Epicurious,https://www.epicurious.com/recipes/main-dishes,3,0,link
291,292,2024-12-31,23:16:54,Best Thai Fusion Near Me - Yelp,https://www.yelp.com/search?find_desc=thai+fusion,5,0,typed
292,293,2024-12-31,23:14:00,The Food Lab's Guide to Sous Vide Steak - Serious Eats,https://www.seriouseats.com/how-to-sous-vide-steak,4,0,link
293,294,2024-12-31,23:05:59,Best Thai Fusion Near Me - Yelp,https://www.yelp.com/search?find_desc=thai+fusion,1,0,link
294,295,2024-12-31,23:10:06,The Best Chocolate Chip Cookies Recipe - Allrecipes,https://www.allrecipes.com/recipe/best-chocolate-chip-cookies/,5,0,link
295,296,2024-12-31,23:08:56,Best Local Farmers Market Schedule,https://www.google.com/search?q=best+local+farmers+market,4,0,link
296,297,2024-12-31,23:03:56,X (Twitter): Home,https://twitter.com/home,2,0,typed
297,298,2024-12-31,22:56:28,"Flour, Grains & Seeds | King Arthur Baking",https://www.kingarthurbaking.com/shop/ingredients/flour,4,0,link
298,299,2024-12-31,22:53:33,Gmail: Inbox,https://mail.google.com/mail/u/0/#inbox,1,0,typed
299,300,2024-12-31,22:53:00,Chopped TV Show - Food Network,https://www.foodnetwork.com/shows/chopped,3,0,reload
300,301,2024-12-31,22:51:14,CNN Breaking News and Video,https://www.cnn.com/,4,0,link
301,302,2024-12-31,22:48:40,Gmail: Inbox,https://mail.google.com/mail/u/0/#inbox,5,0,typed
302,303,2024-12-31,22:46:32,MICHELIN Guide New York Restaurants,https://guide.michelin.com/us/en/restaurants,3,0,link
303,304,2024-12-31,22:49:28,MICHELIN Guide New York Restaurants,https://guide.michelin.com/us/en/restaurants,4,0,typed
304,305,2024-12-31,22:43:38,Best Local Farmers Market Schedule,https://www.google.com/search?q=best+local+farmers+market,5,0,link
305,306,2024-12-31,22:42:31,The Weather Channel - Weather.com,https://www.weather.com/,5,0,link
306,307,2024-12-31,22:44:33,Chopped TV Show - Food Network,https://www.foodnetwork.com/shows/chopped,4,0,link
307,308,2024-12-31,22:40:35,MICHELIN Guide New York Restaurants,https://guide.michelin.com/us/en/restaurants,2,0,typed
308,309,2024-12-31,22:40:10,KitchenAid Stand Mixer - Amazon.com,https://www.amazon.com/KitchenAid-Stand-Mixer/dp/B008C23,3,0,reload
309,310,2024-12-31,22:38:44,The Best Chocolate Chip Cookies Recipe - Allrecipes,https://www.allrecipes.com/recipe/best-chocolate-chip-cookies/,2,0,typed
310,311,2024-12-31,22:30:29,Gmail: Inbox,https://mail.google.com/mail/u/0/#inbox,2,0,reload
311,312,2024-12-31,22:27:08,KitchenAid Stand Mixer - Amazon.com,https://www.amazon.com/KitchenAid-Stand-Mixer/dp/B008C23,2,0,link
312,313,2024-12-31,22:31:50,Main Dish Recipes - Epicurious,https://www.epicurious.com/recipes/main-dishes,5,0,link
313,314,2024-12-31,22:25:13,Best Thai Fusion Near Me - Yelp,https://www.yelp.com/search?find_desc=thai+fusion,1,0,link
314,315,2024-12-31,22:23:39,Bon Appétit | Cacio e Pepe Recipe,https://www.bonappetit.com/recipe/cacio-e-pepe,2,0,link
315,316,2024-12-31,22:26:56,The Food Lab's Guide to Sous Vide Steak - Serious Eats,https://www.seriouseats.com/how-to-sous-vide-steak,5,0,link
316,317,2024-12-31,22:19:25,The Best Chocolate Chip Cookies Recipe - Allrecipes,https://www.allrecipes.com/recipe/best-chocolate-chip-cookies/,3,0,typed
317,318,2024-12-31,22:23:02,The Food Lab's Guide to Sous Vide Steak - Serious Eats,https://www.seriouseats.com/how-to-sous-vide-steak,5,0,link
318,319,2024-12-31,22:22:06,The Food Lab's Guide to Sous Vide Steak - Serious Eats,https://www.seriouseats.com/how-to-sous-vide-steak,5,0,link
319,320,2024-12-31,22:12:05,Best Thai Fusion Near Me - Yelp,https://www.yelp.com/search?find_desc=thai+fusion,1,0,link
320,321,2024-12-31,22:15:39,Main Dish Recipes - Epicurious,https://www.epicurious.com/recipes/main-dishes,4,0,link
321,322,2024-12-31,22:15:56,Chopped TV Show - Food Network,https://www.foodnetwork.com/shows/chopped,5,0,link
322,323,2024-12-31,22:07:00,X (Twitter): Home,https://twitter.com/home,1,0,link
323,324,2024-12-31,22:11:05,The Weather Channel - Weather.com,https://www.weather.com/,3,0,link
324,325,2024-12-31,22:04:19,The Best Chocolate Chip Cookies Recipe - Allrecipes,https://www.allrecipes.com/recipe/best-chocolate-chip-cookies/,2,0,generated
325,326,2024-12-31,22:01:01,Best Local Farmers Market Schedule,https://www.google.com/search?q=best+local+farmers+market,5,0,link
326,327,2024-12-31,22:04:18,The Best Chocolate Chip Cookies Recipe - Allrecipes,https://www.allrecipes.com/recipe/best-chocolate-chip-cookies/,3,0,link
327,328,2024-12-31,21:56:52,Best Local Farmers Market Schedule,https://www.google.com/search?q=best+local+farmers+market,4,0,link
328,329,2024-12-31,21:59:10,The Best Chocolate Chip Cookies Recipe - Allrecipes,https://www.allrecipes.com/recipe/best-chocolate-chip-cookies/,3,0,typed
329,330,2024-12-31,21:58:31,CNN Breaking News and Video,https://www.cnn.com/,1,0,link
330,331,2024-12-31,21:54:39,The Food Lab's Guide to Sous Vide Steak - Serious Eats,https://www.seriouseats.com/how-to-sous-vide-steak,1,0,link
331,332,2024-12-31,21:51:54,MICHELIN Guide New York Restaurants,https://guide.michelin.com/us/en/restaurants,1,0,generated
332,333,2024-12-31,21:48:28,Bon Appétit | Cacio e Pepe Recipe,https://www.bonappetit.com/recipe/cacio-e-pepe,3,0,link
333,334,2024-12-31,21:46:03,Best Thai Fusion Near Me - Yelp,https://www.yelp.com/search?find_desc=thai+fusion,2,0,typed
334,335,2024-12-31,21:41:23,MICHELIN Guide New York Restaurants,https://guide.michelin.com/us/en/restaurants,5,0,link
335,336,2024-12-31,21:40:41,"Flour, Grains & Seeds | King Arthur Baking",https://www.kingarthurbaking.com/shop/ingredients/flour,1,0,link
336,337,2024-12-31,21:41:11,Chopped TV Show - Food Network,https://www.foodnetwork.com/shows/chopped,4,0,link
337,338,2024-12-31,21:35:28,Best Thai Fusion Near Me - Yelp,https://www.yelp.com/search?find_desc=thai+fusion,2,0,generated
338,339,2024-12-31,21:35:43,The Best Chocolate Chip Cookies Recipe - Allrecipes,https://www.allrecipes.com/recipe/best-chocolate-chip-cookies/,2,0,link
339,340,2024-12-31,21:34:23,The Weather Channel - Weather.com,https://www.weather.com/,4,0,link
340,341,2024-12-31,21:33:24,Best Local Farmers Market Schedule,https://www.google.com/search?q=best+local+farmers+market,4,0,link
341,342,2024-12-31,21:36:42,"Flour, Grains & Seeds | King Arthur Baking",https://www.kingarthurbaking.com/shop/ingredients/flour,3,0,link
342,343,2024-12-31,21:29:38,CNN Breaking News and Video,https://www.cnn.com/,5,0,link
343,344,2024-12-31,21:29:53,"Flour, Grains & Seeds | King Arthur Baking",https://www.kingarthurbaking.com/shop/ingredients/flour,5,0,form_submit
344,345,2024-12-31,21:30:52,MICHELIN Guide New York Restaurants,https://guide.michelin.com/us/en/restaurants,1,0,link
345,346,2024-12-31,21:26:32,Best Thai Fusion Near Me - Yelp,https://www.yelp.com/search?find_desc=thai+fusion,2,0,link
346,347,2024-12-31,21:25:04,CNN Breaking News and Video,https://www.cnn.com/,2,0,typed
347,348,2024-12-31,21:15:15,Main Dish Recipes - Epicurious,https://www.epicurious.com/recipes/main-dishes,3,0,typed
348,349,2024-12-31,21:15:13,Best Thai Fusion Near Me - Yelp,https://www.yelp.com/search?find_desc=thai+fusion,5,0,link
349,350,2024-12-31,21:11:41,Main Dish Recipes - Epicurious,https://www.epicurious.com/recipes/main-dishes,4,0,link
350,351,2024-12-31,21:13:36,Main Dish Recipes - Epicurious,https://www.epicurious.com/recipes/main-dishes,2,0,typed
351,352,2024-12-31,21:13:19,KitchenAid Stand Mixer - Amazon.com,https://www.amazon.com/KitchenAid-Stand-Mixer/dp/B008C23,1,0,link
352,353,2024-12-31,21:14:29,CNN Breaking News and Video,https://www.cnn.com/,1,0,link
353,354,2024-12-31,21:04:55,The Weather Channel - Weather.com,https://www.weather.com/,5,0,link
354,355,2024-12-31,21:05:31,The Food Lab's Guide to Sous Vide Steak - Serious Eats,https://www.seriouseats.com/how-to-sous-vide-steak,4,0,generated
355,356,2024-12-31,21:04:59,Best Thai Fusion Near Me - Yelp,https://www.yelp.com/search?find_desc=thai+fusion,3,0,link
356,357,2024-12-31,20:57:54,Best Thai Fusion Near Me - Yelp,https://www.yelp.com/search?find_desc=thai+fusion,5,0,link
357,358,2024-12-31,20:57:01,Amazon.com: Online Shopping,https://www.amazon.com/,4,0,typed
358,359,2024-12-31,20:55:39,Best Thai Fusion Near Me - Yelp,https://www.yelp.com/search?find_desc=thai+fusion,5,0,link
359,360,2024-12-31,20:56:16,MICHELIN Guide New York Restaurants,https://guide.michelin.com/us/en/restaurants,3,0,link
360,361,2024-12-31,20:58:00,Chopped TV Show - Food Network,https://www.foodnetwork.com/shows/chopped,4,0,link
361,362,2024-12-31,20:48:14,X (Twitter): Home,https://twitter.com/home,4,0,link
362,363,2024-12-31,20:50:21,Amazon.com: Online Shopping,https://www.amazon.com/,3,0,link
363,364,2024-12-31,20:52:33,Gmail: Inbox,https://mail.google.com/mail/u/0/#inbox,5,0,typed
364,365,2024-12-31,20:45:52,The Weather Channel - Weather.com,https://www.weather.com/,2,0,generated
365,366,2024-12-31,20:48:34,Main Dish Recipes - Epicurious,https://www.epicurious.com/recipes/main-dishes,4,0,link
366,367,2024-12-31,20:40:37,X (Twitter): Home,https://twitter.com/home,5,0,link
367,368,2024-12-31,20:36:09,Bon Appétit | Cacio e Pepe Recipe,https://www.bonappetit.com/recipe/cacio-e-pepe,2,0,link
368,369,2024-12-31,20:42:25,Bon Appétit | Cacio e Pepe Recipe,https://www.bonappetit.com/recipe/cacio-e-pepe,3,0,link
369,370,2024-12-31,20:33:57,Mastering Knife Skills: A Beginner's Guide,https://www.gourmetsleuth.com/articles/techniques/knife-skills,3,0,link
370,371,2024-12-31,20:32:05,MICHELIN Guide New York Restaurants,https://guide.michelin.com/us/en/restaurants,1,0,link
371,372,2024-12-31,20:27:15,Main Dish Recipes - Epicurious,https://www.epicurious.com/recipes/main-dishes,1,0,reload
372,373,2024-12-31,20:29:29,Bon Appétit | Cacio e Pepe Recipe,https://www.bonappetit.com/recipe/cacio-e-pepe,1,0,reload
373,374,2024-12-31,20:26:49,Best Thai Fusion Near Me - Yelp,https://www.yelp.com/search?find_desc=thai+fusion,3,0,link
374,375,2024-12-31,20:23:11,Best Thai Fusion Near Me - Yelp,https://www.yelp.com/search?find_desc=thai+fusion,2,0,link
375,376,2024-12-31,20:24:54,The Weather Channel - Weather.com,https://www.weather.com/,3,0,typed
376,377,2024-12-31,20:24:30,Best Thai Fusion Near Me - Yelp,https://www.yelp.com/search?find_desc=thai+fusion,3,0,link
377,378,2024-12-31,20:21:58,Chopped TV Show - Food Network,https://www.foodnetwork.com/shows/chopped,4,0,typed
378,379,2024-12-31,20:15:17,Best Thai Fusion Near Me - Yelp,https://www.yelp.com/search?find_desc=thai+fusion,1,0,generated
379,380,2024-12-31,20:17:27,"Flour, Grains & Seeds | King Arthur Baking",https://www.kingarthurbaking.com/shop/ingredients/flour,5,0,link
380,381,2024-12-31,20:13:58,Best Thai Fusion Near Me - Yelp,https://www.yelp.com/search?find_desc=thai+fusion,1,0,link
381,382,2024-12-31,20:15:07,"Flour, Grains & Seeds | King Arthur Baking",https://www.kingarthurbaking.com/shop/ingredients/flour,5,0,link
382,383,2024-12-31,20:10:42,The Weather Channel - Weather.com,https://www.weather.com/,5,0,link
383,384,2024-12-31,20:03:54,Bon Appétit | Cacio e Pepe Recipe,https://www.bonappetit.com/recipe/cacio-e-pepe,2,0,generated
384,385,2024-12-31,20:03:56,The Weather Channel - Weather.com,https://www.weather.com/,4,0,link
385,386,2024-12-31,20:06:58,Gmail: Inbox,https://mail.google.com/mail/u/0/#inbox,5,0,link
386,387,2024-12-31,20:02:37,The Best Chocolate Chip Cookies Recipe - Allrecipes,https://www.allrecipes.com/recipe/best-chocolate-chip-cookies/,4,0,link
387,388,2024-12-31,19:55:17,CNN Breaking News and Video,https://www.cnn.com/,4,0,link
388,389,2024-12-31,20:00:22,Gmail: Inbox,https://mail.google.com/mail/u/0/#inbox,1,0,link
389,390,2024-12-31,19:58:51,The Weather Channel - Weather.com,https://www.weather.com/,1,0,link
390,391,2024-12-31,19:55:55,MICHELIN Guide New York Restaurants,https://guide.michelin.com/us/en/restaurants,3,0,link
391,392,2024-12-31,19:52:26,Best Local Farmers Market Schedule,https://www.google.com/search?q=best+local+farmers+market,3,0,link
392,393,2024-12-31,19:50:19,Best Thai Fusion Near Me - Yelp,https://www.yelp.com/search?find_desc=thai+fusion,2,0,generated
393,394,2024-12-31,19:45:28,MICHELIN Guide New York Restaurants,https://guide.michelin.com/us/en/restaurants,5,0,link
394,395,2024-12-31,19:41:20,The Best Chocolate Chip Cookies Recipe - Allrecipes,https://www.allrecipes.com/recipe/best-chocolate-chip-cookies/,1,0,link
395,396,2024-12-31,19:47:22,"Flour, Grains & Seeds | King Arthur Baking",https://www.kingarthurbaking.com/shop/ingredients/flour,5,0,form_submit
396,397,2024-12-31,19:43:41,Best Local Farmers Market Schedule,https://www.google.com/search?q=best+local+farmers+market,3,0,link
397,398,2024-12-31,19:39:40,Mastering Knife Skills: A Beginner's Guide,https://www.gourmetsleuth.com/articles/techniques/knife-skills,3,0,link
398,399,2024-12-31,19:40:04,Chopped TV Show - Food Network,https://www.foodnetwork.com/shows/chopped,1,0,link
399,400,2024-12-31,19:40:18,Chopped TV Show - Food Network,https://www.foodnetwork.com/shows/chopped,1,0,link
400,401,2024-12-31,19:38:40,Best Local Farmers Market Schedule,https://www.google.com/search?q=best+local+farmers+market,2,0,reload
401,402,2024-12-31,19:27:25,CNN Breaking News and Video,https://www.cnn.com/,5,0,link
402,403,2024-12-31,19:28:37,Gmail: Inbox,https://mail.google.com/mail/u/0/#inbox,1,0,link
403,404,2024-12-31,19:32:32,Chopped TV Show - Food Network,https://www.foodnetwork.com/shows/chopped,3,0,link
404,405,2024-12-31,19:27:18,The Food Lab's Guide to Sous Vide Steak - Serious Eats,https://www.seriouseats.com/how-to-sous-vide-steak,2,0,link
405,406,2024-12-31,19:25:18,CNN Breaking News and Video,https://www.cnn.com/,5,0,reload
406,407,2024-12-31,19:24:51,Main Dish Recipes - Epicurious,https://www.epicurious.com/recipes/main-dishes,4,0,typed
407,408,2024-12-31,19:17:43,Bon Appétit | Cacio e Pepe Recipe,https://www.bonappetit.com/recipe/cacio-e-pepe,1,0,typed
408,409,2024-12-31,19:17:54,X (Twitter): Home,https://twitter.com/home,2,0,typed
409,410,2024-12-31,19:18:28,Amazon.com: Online Shopping,https://www.amazon.com/,4,0,generated
410,411,2024-12-31,19:12:48,Bon Appétit | Cacio e Pepe Recipe,https://www.bonappetit.com/recipe/cacio-e-pepe,2,0,link
411,412,2024-12-31,19:12:44,Mastering Knife Skills: A Beginner's Guide,https://www.gourmetsleuth.com/articles/techniques/knife-skills,1,0,link
412,413,2024-12-31,19:07:52,Best Thai Fusion Near Me - Yelp,https://www.yelp.com/search?find_desc=thai+fusion,5,0,typed
413,414,2024-12-31,19:05:32,"Flour, Grains & Seeds | King Arthur Baking",https://www.kingarthurbaking.com/shop/ingredients/flour,1,0,link
414,415,2024-12-31,19:04:26,The Best Chocolate Chip Cookies Recipe - Allrecipes,https://www.allrecipes.com/recipe/best-chocolate-chip-cookies/,5,0,link
415,416,2024-12-31,19:06:18,"Flour, Grains & Seeds | King Arthur Baking",https://www.kingarthurbaking.com/shop/ingredients/flour,3,0,typed
416,417,2024-12-31,19:05:13,Mastering Knife Skills: A Beginner's Guide,https://www.gourmetsleuth.com/articles/techniques/knife-skills,2,0,link
417,418,2024-12-31,19:00:46,Best Thai Fusion Near Me - Yelp,https://www.yelp.com/search?find_desc=thai+fusion,1,0,link
418,419,2024-12-31,18:54:50,CNN Breaking News and Video,https://www.cnn.com/,5,0,generated
419,420,2024-12-31,18:54:43,The Weather Channel - Weather.com,https://www.weather.com/,4,0,link
420,421,2024-12-31,18:50:52,CNN Breaking News and Video,https://www.cnn.com/,1,0,generated
421,422,2024-12-31,18:47:24,The Weather Channel - Weather.com,https://www.weather.com/,4,0,link
422,423,2024-12-31,18:48:52,The Best Chocolate Chip Cookies Recipe - Allrecipes,https://www.allrecipes.com/recipe/best-chocolate-chip-cookies/,3,0,generated
423,424,2024-12-31,18:49:37,Bon Appétit | Cacio e Pepe Recipe,https://www.bonappetit.com/recipe/cacio-e-pepe,4,0,typed
424,425,2024-12-31,18:44:23,The Food Lab's Guide to Sous Vide Steak - Serious Eats,https://www.seriouseats.com/how-to-sous-vide-steak,2,0,typed
425,426,2024-12-31,18:41:40,X (Twitter): Home,https://twitter.com/home,1,0,typed
426,427,2024-12-31,18:46:14,Main Dish Recipes - Epicurious,https://www.epicurious.com/recipes/main-dishes,3,0,link
427,428,2024-12-31,18:42:47,KitchenAid Stand Mixer - Amazon.com,https://www.amazon.com/KitchenAid-Stand-Mixer/dp/B008C23,3,0,link
428,429,2024-12-31,18:33:06,X (Twitter): Home,https://twitter.com/home,2,0,generated
429,430,2024-12-31,18:37:46,The Weather Channel - Weather.com,https://www.weather.com/,1,0,generated
430,431,2024-12-31,18:36:17,The Weather Channel - Weather.com,https://www.weather.com/,1,0,generated
431,432,2024-12-31,18:27:21,The Weather Channel - Weather.com,https://www.weather.com/,3,0,link
432,433,2024-12-31,18:25:17,Best Local Farmers Market Schedule,https://www.google.com/search?q=best+local+farmers+market,3,0,link
433,434,2024-12-31,18:32:23,Amazon.com: Online Shopping,https://www.amazon.com/,4,0,typed
434,435,2024-12-31,18:28:26,Main Dish Recipes - Epicurious,https://www.epicurious.com/recipes/main-dishes,1,0,typed
435,436,2024-12-31,18:23:46,X (Twitter): Home,https://twitter.com/home,5,0,link
436,437,2024-12-31,18:25:14,Main Dish Recipes - Epicurious,https://www.epicurious.com/recipes/main-dishes,2,0,link
437,438,2024-12-31,18:24:45,The Best Chocolate Chip Cookies Recipe - Allrecipes,https://www.allrecipes.com/recipe/best-chocolate-chip-cookies/,2,0,generated
438,439,2024-12-31,18:13:02,The Weather Channel - Weather.com,https://www.weather.com/,2,0,link
439,440,2024-12-31,18:14:37,MICHELIN Guide New York Restaurants,https://guide.michelin.com/us/en/restaurants,1,0,link
440,441,2024-12-31,18:12:48,The Best Chocolate Chip Cookies Recipe - Allrecipes,https://www.allrecipes.com/recipe/best-chocolate-chip-cookies/,2,0,link
441,442,2024-12-31,18:14:56,Chopped TV Show - Food Network,https://www.foodnetwork.com/shows/chopped,1,0,form_submit
442,443,2024-12-31,18:06:02,MICHELIN Guide New York Restaurants,https://guide.michelin.com/us/en/restaurants,4,0,link
443,444,2024-12-31,18:03:03,Best Local Farmers Market Schedule,https://www.google.com/search?q=best+local+farmers+market,5,0,link
444,445,2024-12-31,18:08:22,Best Thai Fusion Near Me - Yelp,https://www.yelp.com/search?find_desc=thai+fusion,2,0,link
445,446,2024-12-31,18:07:52,Best Local Farmers Market Schedule,https://www.google.com/search?q=best+local+farmers+market,5,0,generated
446,447,2024-12-31,18:05:50,CNN Breaking News and Video,https://www.cnn.com/,2,0,typed
447,448,2024-12-31,18:01:57,Mastering Knife Skills: A Beginner's Guide,https://www.gourmetsleuth.com/articles/techniques/knife-skills,2,0,link
448,449,2024-12-31,18:01:23,Mastering Knife Skills: A Beginner's Guide,https://www.gourmetsleuth.com/articles/techniques/knife-skills,5,0,typed
449,450,2024-12-31,17:51:32,Best Local Farmers Market Schedule,https://www.google.com/search?q=best+local+farmers+market,3,0,link
450,451,2024-12-31,17:55:12,MICHELIN Guide New York Restaurants,https://guide.michelin.com/us/en/restaurants,5,0,typed
451,452,2024-12-31,17:53:19,MICHELIN Guide New York Restaurants,https://guide.michelin.com/us/en/restaurants,3,0,generated
452,453,2024-12-31,17:45:07,The Food Lab's Guide to Sous Vide Steak - Serious Eats,https://www.seriouseats.com/how-to-sous-vide-steak,2,0,link
453,454,2024-12-31,17:48:00,Gmail: Inbox,https://mail.google.com/mail/u/0/#inbox,1,0,generated
454,455,2024-12-31,17:42:04,The Weather Channel - Weather.com,https://www.weather.com/,2,0,link
455,456,2024-12-31,17:40:27,Amazon.com: Online Shopping,https://www.amazon.com/,4,0,generated
456,457,2024-12-31,17:38:11,Amazon.com: Online Shopping,https://www.amazon.com/,1,0,link
457,458,2024-12-31,17:43:00,Main Dish Recipes - Epicurious,https://www.epicurious.com/recipes/main-dishes,3,0,link
458,459,2024-12-31,17:39:09,Amazon.com: Online Shopping,https://www.amazon.com/,4,0,link
459,460,2024-12-31,17:37:25,The Best Chocolate Chip Cookies Recipe - Allrecipes,https://www.allrecipes.com/recipe/best-chocolate-chip-cookies/,4,0,link
460,461,2024-12-31,17:31:22,Mastering Knife Skills: A Beginner's Guide,https://www.gourmetsleuth.com/articles/techniques/knife-skills,1,0,link
461,462,2024-12-31,17:33:11,KitchenAid Stand Mixer - Amazon.com,https://www.amazon.com/KitchenAid-Stand-Mixer/dp/B008C23,5,0,typed
462,463,2024-12-31,17:33:54,MICHELIN Guide New York Restaurants,https://guide.michelin.com/us/en/restaurants,5,0,link
463,464,2024-12-31,17:31:33,MICHELIN Guide New York Restaurants,https://guide.michelin.com/us/en/restaurants,1,0,link
464,465,2024-12-31,17:29:02,X (Twitter): Home,https://twitter.com/home,1,0,link
465,466,2024-12-31,17:24:14,X (Twitter): Home,https://twitter.com/home,3,0,reload
466,467,2024-12-31,17:19:52,The Food Lab's Guide to Sous Vide Steak - Serious Eats,https://www.seriouseats.com/how-to-sous-vide-steak,1,0,link
467,468,2024-12-31,17:23:40,Best Thai Fusion Near Me - Yelp,https://www.yelp.com/search?find_desc=thai+fusion,1,0,link
468,469,2024-12-31,17:19:19,The Weather Channel - Weather.com,https://www.weather.com/,4,0,generated
469,470,2024-12-31,17:19:56,Best Thai Fusion Near Me - Yelp,https://www.yelp.com/search?find_desc=thai+fusion,5,0,typed
470,471,2024-12-31,17:15:41,The Food Lab's Guide to Sous Vide Steak - Serious Eats,https://www.seriouseats.com/how-to-sous-vide-steak,4,0,typed
471,472,2024-12-31,17:10:24,The Best Chocolate Chip Cookies Recipe - Allrecipes,https://www.allrecipes.com/recipe/best-chocolate-chip-cookies/,5,0,link
472,473,2024-12-31,17:11:33,Bon Appétit | Cacio e Pepe Recipe,https://www.bonappetit.com/recipe/cacio-e-pepe,2,0,link
473,474,2024-12-31,17:04:10,X (Twitter): Home,https://twitter.com/home,1,0,link
474,475,2024-12-31,17:03:01,The Food Lab's Guide to Sous Vide Steak - Serious Eats,https://www.seriouseats.com/how-to-sous-vide-steak,1,0,reload
475,476,2024-12-31,17:08:14,The Food Lab's Guide to Sous Vide Steak - Serious Eats,https://www.seriouseats.com/how-to-sous-vide-steak,4,0,link
476,477,2024-12-31,16:58:30,Amazon.com: Online Shopping,https://www.amazon.com/,4,0,link
477,478,2024-12-31,16:56:32,The Food Lab's Guide to Sous Vide Steak - Serious Eats,https://www.seriouseats.com/how-to-sous-vide-steak,1,0,typed
478,479,2024-12-31,16:57:30,CNN Breaking News and Video,https://www.cnn.com/,4,0,link
479,480,2024-12-31,16:52:58,Chopped TV Show - Food Network,https://www.foodnetwork.com/shows/chopped,1,0,typed
480,481,2024-12-31,16:49:55,Gmail: Inbox,https://mail.google.com/mail/u/0/#inbox,5,0,link
481,482,2024-12-31,16:56:16,Bon Appétit | Cacio e Pepe Recipe,https://www.bonappetit.com/recipe/cacio-e-pepe,4,0,link
482,483,2024-12-31,16:45:15,Chopped TV Show - Food Network,https://www.foodnetwork.com/shows/chopped,3,0,link
483,484,2024-12-31,16:52:40,The Weather Channel - Weather.com,https://www.weather.com/,2,0,generated
484,485,2024-12-31,16:42:05,Bon Appétit | Cacio e Pepe Recipe,https://www.bonappetit.com/recipe/cacio-e-pepe,3,0,link
485,486,2024-12-31,16:42:35,MICHELIN Guide New York Restaurants,https://guide.michelin.com/us/en/restaurants,1,0,typed
486,487,2024-12-31,16:42:58,The Food Lab's Guide to Sous Vide Steak - Serious Eats,https://www.seriouseats.com/how-to-sous-vide-steak,2,0,link
487,488,2024-12-31,16:42:26,The Food Lab's Guide to Sous Vide Steak - Serious Eats,https://www.seriouseats.com/how-to-sous-vide-steak,2,0,link
488,489,2024-12-31,16:37:02,KitchenAid Stand Mixer - Amazon.com,https://www.amazon.com/KitchenAid-Stand-Mixer/dp/B008C23,4,0,typed
489,490,2024-12-31,16:37:51,Best Local Farmers Market Schedule,https://www.google.com/search?q=best+local+farmers+market,1,0,link
490,491,2024-12-31,16:38:19,Amazon.com: Online Shopping,https://www.amazon.com/,3,0,link
491,492,2024-12-31,16:33:38,Best Thai Fusion Near Me - Yelp,https://www.yelp.com/search?find_desc=thai+fusion,2,0,typed
492,493,2024-12-31,16:31:37,The Food Lab's Guide to Sous Vide Steak - Serious Eats,https://www.seriouseats.com/how-to-sous-vide-steak,4,0,link
493,494,2024-12-31,16:27:18,"Flour, Grains & Seeds | King Arthur Baking",https://www.kingarthurbaking.com/shop/ingredients/flour,1,0,generated
494,495,2024-12-31,16:28:04,X (Twitter): Home,https://twitter.com/home,1,0,link
495,496,2024-12-31,16:28:09,The Best Chocolate Chip Cookies Recipe - Allrecipes,https://www.allrecipes.com/recipe/best-chocolate-chip-cookies/,2,0,link
496,497,2024-12-31,16:26:43,MICHELIN Guide New York Restaurants,https://guide.michelin.com/us/en/restaurants,3,0,link
497,498,2024-12-31,16:20:27,CNN Breaking News and Video,https://www.cnn.com/,4,0,link
498,499,2024-12-31,16:18:46,Bon Appétit | Cacio e Pepe Recipe,https://www.bonappetit.com/recipe/cacio-e-pepe,3,0,link
499,500,2024-12-31,16:20:35,KitchenAid Stand Mixer - Amazon.com,https://www.amazon.com/KitchenAid-Stand-Mixer/dp/B008C23,3,0,typed
500,501,2024-12-31,16:09:09,Mastering Knife Skills: A Beginner's Guide,https://www.gourmetsleuth.com/articles/techniques/knife-skills,3,0,typed
501,502,2024-12-31,16:15:56,Mastering Knife Skills: A Beginner's Guide,https://www.gourmetsleuth.com/articles/techniques/knife-skills,1,0,link
502,503,2024-12-31,16:11:29,Best Thai Fusion Near Me - Yelp,https://www.yelp.com/search?find_desc=thai+fusion,3,0,link
503,504,2024-12-31,16:08:14,Bon Appétit | Cacio e Pepe Recipe,https://www.bonappetit.com/recipe/cacio-e-pepe,1,0,generated
504,505,2024-12-31,16:02:59,Bon Appétit | Cacio e Pepe Recipe,https://www.bonappetit.com/recipe/cacio-e-pepe,3,0,generated
505,506,2024-12-31,16:00:41,The Food Lab's Guide to Sous Vide Steak - Serious Eats,https://www.seriouseats.com/how-to-sous-vide-steak,1,0,link
506,507,2024-12-31,16:01:55,KitchenAid Stand Mixer - Amazon.com,https://www.amazon.com/KitchenAid-Stand-Mixer/dp/B008C23,4,0,link
507,508,2024-12-31,15:59:08,KitchenAid Stand Mixer - Amazon.com,https://www.amazon.com/KitchenAid-Stand-Mixer/dp/B008C23,5,0,typed
508,509,2024-12-31,15:57:45,CNN Breaking News and Video,https://www.cnn.com/,5,0,generated
509,510,2024-12-31,15:52:21,Amazon.com: Online Shopping,https://www.amazon.com/,5,0,link
510,511,2024-12-31,15:52:17,MICHELIN Guide New York Restaurants,https://guide.michelin.com/us/en/restaurants,3,0,link
511,512,2024-12-31,15:54:27,X (Twitter): Home,https://twitter.com/home,1,0,reload
512,513,2024-12-31,15:49:36,Main Dish Recipes - Epicurious,https://www.epicurious.com/recipes/main-dishes,1,0,typed
513,514,2024-12-31,15:47:52,Mastering Knife Skills: A Beginner's Guide,https://www.gourmetsleuth.com/articles/techniques/knife-skills,5,0,typed
514,515,2024-12-31,15:47:33,Gmail: Inbox,https://mail.google.com/mail/u/0/#inbox,4,0,link
515,516,2024-12-31,15:48:58,KitchenAid Stand Mixer - Amazon.com,https://www.amazon.com/KitchenAid-Stand-Mixer/dp/B008C23,4,0,generated
516,517,2024-12-31,15:41:08,"Flour, Grains & Seeds | King Arthur Baking",https://www.kingarthurbaking.com/shop/ingredients/flour,5,0,link
517,518,2024-12-31,15:43:47,CNN Breaking News and Video,https://www.cnn.com/,5,0,generated
518,519,2024-12-31,15:34:17,Bon Appétit | Cacio e Pepe Recipe,https://www.bonappetit.com/recipe/cacio-e-pepe,5,0,link
519,520,2024-12-31,15:40:57,The Weather Channel - Weather.com,https://www.weather.com/,4,0,typed
520,521,2024-12-31,15:32:44,The Food Lab's Guide to Sous Vide Steak - Serious Eats,https://www.seriouseats.com/how-to-sous-vide-steak,4,0,typed
521,522,2024-12-31,15:28:30,The Weather Channel - Weather.com,https://www.weather.com/,3,0,link
522,523,2024-12-31,15:25:36,KitchenAid Stand Mixer - Amazon.com,https://www.amazon.com/KitchenAid-Stand-Mixer/dp/B008C23,3,0,link
523,524,2024-12-31,15:24:32,Mastering Knife Skills: A Beginner's Guide,https://www.gourmetsleuth.com/articles/techniques/knife-skills,4,0,typed
524,525,2024-12-31,15:26:11,CNN Breaking News and Video,https://www.cnn.com/,3,0,link
525,526,2024-12-31,15:23:03,Bon Appétit | Cacio e Pepe Recipe,https://www.bonappetit.com/recipe/cacio-e-pepe,1,0,link
526,527,2024-12-31,15:26:29,Chopped TV Show - Food Network,https://www.foodnetwork.com/shows/chopped,2,0,typed
527,528,2024-12-31,15:22:53,Best Thai Fusion Near Me - Yelp,https://www.yelp.com/search?find_desc=thai+fusion,3,0,typed
528,529,2024-12-31,15:22:53,Amazon.com: Online Shopping,https://www.amazon.com/,1,0,link
529,530,2024-12-31,15:14:29,Best Thai Fusion Near Me - Yelp,https://www.yelp.com/search?find_desc=thai+fusion,4,0,generated
530,531,2024-12-31,15:09:56,Main Dish Recipes - Epicurious,https://www.epicurious.com/recipes/main-dishes,1,0,link
531,532,2024-12-31,15:15:39,"Flour, Grains & Seeds | King Arthur Baking",https://www.kingarthurbaking.com/shop/ingredients/flour,1,0,link
532,533,2024-12-31,15:08:38,The Weather Channel - Weather.com,https://www.weather.com/,3,0,link
533,534,2024-12-31,15:11:42,Bon Appétit | Cacio e Pepe Recipe,https://www.bonappetit.com/recipe/cacio-e-pepe,5,0,link
534,535,2024-12-31,15:09:54,The Best Chocolate Chip Cookies Recipe - Allrecipes,https://www.allrecipes.com/recipe/best-chocolate-chip-cookies/,4,0,link
535,536,2024-12-31,15:08:41,The Best Chocolate Chip Cookies Recipe - Allrecipes,https://www.allrecipes.com/recipe/best-chocolate-chip-cookies/,1,0,link
536,537,2024-12-31,15:03:46,Main Dish Recipes - Epicurious,https://www.epicurious.com/recipes/main-dishes,4,0,link
537,538,2024-12-31,15:03:20,X (Twitter): Home,https://twitter.com/home,3,0,link
538,539,2024-12-31,14:55:29,KitchenAid Stand Mixer - Amazon.com,https://www.amazon.com/KitchenAid-Stand-Mixer/dp/B008C23,2,0,link
539,540,2024-12-31,14:54:16,X (Twitter): Home,https://twitter.com/home,4,0,link
540,541,2024-12-31,14:55:59,CNN Breaking News and Video,https://www.cnn.com/,2,0,typed
541,542,2024-12-31,14:47:56,The Food Lab's Guide to Sous Vide Steak - Serious Eats,https://www.seriouseats.com/how-to-sous-vide-steak,2,0,link
542,543,2024-12-31,14:48:34,Bon Appétit | Cacio e Pepe Recipe,https://www.bonappetit.com/recipe/cacio-e-pepe,5,0,typed
543,544,2024-12-31,14:51:25,The Best Chocolate Chip Cookies Recipe - Allrecipes,https://www.allrecipes.com/recipe/best-chocolate-chip-cookies/,4,0,generated
544,545,2024-12-31,14:44:35,MICHELIN Guide New York Restaurants,https://guide.michelin.com/us/en/restaurants,1,0,link
545,546,2024-12-31,14:46:02,CNN Breaking News and Video,https://www.cnn.com/,2,0,link
546,547,2024-12-31,14:41:48,Bon Appétit | Cacio e Pepe Recipe,https://www.bonappetit.com/recipe/cacio-e-pepe,3,0,link
547,548,2024-12-31,14:42:17,"Flour, Grains & Seeds | King Arthur Baking",https://www.kingarthurbaking.com/shop/ingredients/flour,3,0,link
548,549,2024-12-31,14:33:21,The Weather Channel - Weather.com,https://www.weather.com/,4,0,reload
549,550,2024-12-31,14:40:39,Gmail: Inbox,https://mail.google.com/mail/u/0/#inbox,2,0,generated
550,551,2024-12-31,14:36:02,The Weather Channel - Weather.com,https://www.weather.com/,3,0,link
551,552,2024-12-31,14:31:05,"Flour, Grains & Seeds | King Arthur Baking",https://www.kingarthurbaking.com/shop/ingredients/flour,5,0,reload
552,553,2024-12-31,14:31:50,Bon Appétit | Cacio e Pepe Recipe,https://www.bonappetit.com/recipe/cacio-e-pepe,5,0,link
553,554,2024-12-31,14:25:49,The Food Lab's Guide to Sous Vide Steak - Serious Eats,https://www.seriouseats.com/how-to-sous-vide-steak,3,0,link
554,555,2024-12-31,14:26:43,The Weather Channel - Weather.com,https://www.weather.com/,5,0,link
555,556,2024-12-31,14:23:21,MICHELIN Guide New York Restaurants,https://guide.michelin.com/us/en/restaurants,5,0,link
556,557,2024-12-31,14:20:23,CNN Breaking News and Video,https://www.cnn.com/,1,0,generated
557,558,2024-12-31,14:20:19,Main Dish Recipes - Epicurious,https://www.epicurious.com/recipes/main-dishes,5,0,link
558,559,2024-12-31,14:14:55,Mastering Knife Skills: A Beginner's Guide,https://www.gourmetsleuth.com/articles/techniques/knife-skills,2,0,link
559,560,2024-12-31,14:13:42,The Food Lab's Guide to Sous Vide Steak - Serious Eats,https://www.seriouseats.com/how-to-sous-vide-steak,4,0,link
560,561,2024-12-31,14:17:11,KitchenAid Stand Mixer - Amazon.com,https://www.amazon.com/KitchenAid-Stand-Mixer/dp/B008C23,5,0,link
561,562,2024-12-31,14:08:50,The Weather Channel - Weather.com,https://www.weather.com/,3,0,link
562,563,2024-12-31,14:07:48,Main Dish Recipes - Epicurious,https://www.epicurious.com/recipes/main-dishes,2,0,link
563,564,2024-12-31,14:09:55,The Weather Channel - Weather.com,https://www.weather.com/,4,0,generated
564,565,2024-12-31,14:07:33,Best Thai Fusion Near Me - Yelp,https://www.yelp.com/search?find_desc=thai+fusion,5,0,link
565,566,2024-12-31,14:07:57,KitchenAid Stand Mixer - Amazon.com,https://www.amazon.com/KitchenAid-Stand-Mixer/dp/B008C23,3,0,link
566,567,2024-12-31,14:00:05,Chopped TV Show - Food Network,https://www.foodnetwork.com/shows/chopped,1,0,typed
567,568,2024-12-31,14:03:09,The Weather Channel - Weather.com,https://www.weather.com/,2,0,link
568,569,2024-12-31,13:56:04,The Best Chocolate Chip Cookies Recipe - Allrecipes,https://www.allrecipes.com/recipe/best-chocolate-chip-cookies/,5,0,link
569,570,2024-12-31,13:59:31,"Flour, Grains & Seeds | King Arthur Baking",https://www.kingarthurbaking.com/shop/ingredients/flour,5,0,link
570,571,2024-12-31,13:49:58,Bon Appétit | Cacio e Pepe Recipe,https://www.bonappetit.com/recipe/cacio-e-pepe,1,0,typed
571,572,2024-12-31,13:54:40,Mastering Knife Skills: A Beginner's Guide,https://www.gourmetsleuth.com/articles/techniques/knife-skills,5,0,link
572,573,2024-12-31,13:49:15,Amazon.com: Online Shopping,https://www.amazon.com/,1,0,link
573,574,2024-12-31,13:49:34,MICHELIN Guide New York Restaurants,https://guide.michelin.com/us/en/restaurants,5,0,link
574,575,2024-12-31,13:47:55,"Flour, Grains & Seeds | King Arthur Baking",https://www.kingarthurbaking.com/shop/ingredients/flour,4,0,link
575,576,2024-12-31,13:41:08,The Food Lab's Guide to Sous Vide Steak - Serious Eats,https://www.seriouseats.com/how-to-sous-vide-steak,2,0,link
576,577,2024-12-31,13:40:24,Amazon.com: Online Shopping,https://www.amazon.com/,4,0,link
577,578,2024-12-31,13:42:43,Gmail: Inbox,https://mail.google.com/mail/u/0/#inbox,4,0,link
578,579,2024-12-31,13:34:32,The Best Chocolate Chip Cookies Recipe - Allrecipes,https://www.allrecipes.com/recipe/best-chocolate-chip-cookies/,2,0,link
579,580,2024-12-31,13:32:16,The Best Chocolate Chip Cookies Recipe - Allrecipes,https://www.allrecipes.com/recipe/best-chocolate-chip-cookies/,4,0,typed
580,581,2024-12-31,13:35:22,CNN Breaking News and Video,https://www.cnn.com/,4,0,link
581,582,2024-12-31,13:28:53,Best Local Farmers Market Schedule,https://www.google.com/search?q=best+local+farmers+market,1,0,link
582,583,2024-12-31,13:27:16,Mastering Knife Skills: A Beginner's Guide,https://www.gourmetsleuth.com/articles/techniques/knife-skills,2,0,link
583,584,2024-12-31,13:32:18,MICHELIN Guide New York Restaurants,https://guide.michelin.com/us/en/restaurants,1,0,typed
584,585,2024-12-31,13:28:39,X (Twitter): Home,https://twitter.com/home,3,0,link
585,586,2024-12-31,13:24:17,CNN Breaking News and Video,https://www.cnn.com/,4,0,link
586,587,2024-12-31,13:17:17,The Food Lab's Guide to Sous Vide Steak - Serious Eats,https://www.seriouseats.com/how-to-sous-vide-steak,4,0,generated
587,588,2024-12-31,13:19:39,Chopped TV Show - Food Network,https://www.foodnetwork.com/shows/chopped,1,0,link
588,589,2024-12-31,13:16:20,KitchenAid Stand Mixer - Amazon.com,https://www.amazon.com/KitchenAid-Stand-Mixer/dp/B008C23,4,0,generated
589,590,2024-12-31,13:17:24,MICHELIN Guide New York Restaurants,https://guide.michelin.com/us/en/restaurants,4,0,link
590,591,2024-12-31,13:13:28,KitchenAid Stand Mixer - Amazon.com,https://www.amazon.com/KitchenAid-Stand-Mixer/dp/B008C23,3,0,link
591,592,2024-12-31,13:11:48,MICHELIN Guide New York Restaurants,https://guide.michelin.com/us/en/restaurants,2,0,link
592,593,2024-12-31,13:12:16,Best Thai Fusion Near Me - Yelp,https://www.yelp.com/search?find_desc=thai+fusion,4,0,link
593,594,2024-12-31,13:08:54,Mastering Knife Skills: A Beginner's Guide,https://www.gourmetsleuth.com/articles/techniques/knife-skills,2,0,link
594,595,2024-12-31,13:10:37,MICHELIN Guide New York Restaurants,https://guide.michelin.com/us/en/restaurants,2,0,link
595,596,2024-12-31,13:05:14,Amazon.com: Online Shopping,https://www.amazon.com/,3,0,link
596,597,2024-12-31,12:57:55,The Weather Channel - Weather.com,https://www.weather.com/,2,0,link
597,598,2024-12-31,13:04:43,Gmail: Inbox,https://mail.google.com/mail/u/0/#inbox,1,0,link
598,599,2024-12-31,12:57:10,MICHELIN Guide New York Restaurants,https://guide.michelin.com/us/en/restaurants,3,0,link
599,600,2024-12-31,12:52:43,Best Local Farmers Market Schedule,https://www.google.com/search?q=best+local+farmers+market,5,0,typed
600,601,2024-12-31,12:51:05,Amazon.com: Online Shopping,https://www.amazon.com/,5,0,typed
601,602,2024-12-31,12:50:18,Main Dish Recipes - Epicurious,https://www.epicurious.com/recipes/main-dishes,2,0,link
602,603,2024-12-31,12:48:57,X (Twitter): Home,https://twitter.com/home,3,0,link
603,604,2024-12-31,12:49:16,CNN Breaking News and Video,https://www.cnn.com/,5,0,link
604,605,2024-12-31,12:50:18,The Food Lab's Guide to Sous Vide Steak - Serious Eats,https://www.seriouseats.com/how-to-sous-vide-steak,4,0,link
605,606,2024-12-31,12:40:15,"Flour, Grains & Seeds | King Arthur Baking",https://www.kingarthurbaking.com/shop/ingredients/flour,1,0,link
606,607,2024-12-31,12:37:55,The Weather Channel - Weather.com,https://www.weather.com/,1,0,link
607,608,2024-12-31,12:42:41,Best Local Farmers Market Schedule,https://www.google.com/search?q=best+local+farmers+market,3,0,typed
608,609,2024-12-31,12:42:04,Best Thai Fusion Near Me - Yelp,https://www.yelp.com/search?find_desc=thai+fusion,4,0,link
609,610,2024-12-31,12:36:04,Bon Appétit | Cacio e Pepe Recipe,https://www.bonappetit.com/recipe/cacio-e-pepe,3,0,link
610,611,2024-12-31,12:36:43,Main Dish Recipes - Epicurious,https://www.epicurious.com/recipes/main-dishes,2,0,link
611,612,2024-12-31,12:35:44,Chopped TV Show - Food Network,https://www.foodnetwork.com/shows/chopped,5,0,typed
612,613,2024-12-31,12:27:51,Chopped TV Show - Food Network,https://www.foodnetwork.com/shows/chopped,4,0,link
613,614,2024-12-31,12:26:10,The Weather Channel - Weather.com,https://www.weather.com/,1,0,typed
614,615,2024-12-31,12:21:25,Best Local Farmers Market Schedule,https://www.google.com/search?q=best+local+farmers+market,5,0,generated
615,616,2024-12-31,12:20:26,Amazon.com: Online Shopping,https://www.amazon.com/,4,0,link
616,617,2024-12-31,12:20:40,"Flour, Grains & Seeds | King Arthur Baking",https://www.kingarthurbaking.com/shop/ingredients/flour,3,0,link
617,618,2024-12-31,12:16:22,Bon Appétit | Cacio e Pepe Recipe,https://www.bonappetit.com/recipe/cacio-e-pepe,2,0,generated
618,619,2024-12-31,12:22:48,KitchenAid Stand Mixer - Amazon.com,https://www.amazon.com/KitchenAid-Stand-Mixer/dp/B008C23,4,0,form_submit
619,620,2024-12-31,12:16:21,MICHELIN Guide New York Restaurants,https://guide.michelin.com/us/en/restaurants,3,0,link
620,621,2024-12-31,12:11:19,MICHELIN Guide New York Restaurants,https://guide.michelin.com/us/en/restaurants,2,0,link
621,622,2024-12-31,12:16:56,Amazon.com: Online Shopping,https://www.amazon.com/,4,0,reload
622,623,2024-12-31,12:13:22,Amazon.com: Online Shopping,https://www.amazon.com/,5,0,link
623,624,2024-12-31,12:03:21,Chopped TV Show - Food Network,https://www.foodnetwork.com/shows/chopped,3,0,link
624,625,2024-12-31,12:08:45,Mastering Knife Skills: A Beginner's Guide,https://www.gourmetsleuth.com/articles/techniques/knife-skills,1,0,reload
625,626,2024-12-31,12:03:20,KitchenAid Stand Mixer - Amazon.com,https://www.amazon.com/KitchenAid-Stand-Mixer/dp/B008C23,1,0,typed
626,627,2024-12-31,11:59:23,The Best Chocolate Chip Cookies Recipe - Allrecipes,https://www.allrecipes.com/recipe/best-chocolate-chip-cookies/,4,0,link
627,628,2024-12-31,11:59:16,Mastering Knife Skills: A Beginner's Guide,https://www.gourmetsleuth.com/articles/techniques/knife-skills,4,0,link
628,629,2024-12-31,12:02:18,The Food Lab's Guide to Sous Vide Steak - Serious Eats,https://www.seriouseats.com/how-to-sous-vide-steak,5,0,link
629,630,2024-12-31,11:57:26,Bon Appétit | Cacio e Pepe Recipe,https://www.bonappetit.com/recipe/cacio-e-pepe,5,0,link
630,631,2024-12-31,11:58:29,Bon Appétit | Cacio e Pepe Recipe,https://www.bonappetit.com/recipe/cacio-e-pepe,2,0,typed
631,632,2024-12-31,11:56:07,Mastering Knife Skills: A Beginner's Guide,https://www.gourmetsleuth.com/articles/techniques/knife-skills,5,0,typed
632,633,2024-12-31,11:48:17,Best Local Farmers Market Schedule,https://www.google.com/search?q=best+local+farmers+market,4,0,generated
633,634,2024-12-31,11:44:04,Best Thai Fusion Near Me - Yelp,https://www.yelp.com/search?find_desc=thai+fusion,2,0,link
634,635,2024-12-31,11:47:36,Best Thai Fusion Near Me - Yelp,https://www.yelp.com/search?find_desc=thai+fusion,1,0,link
635,636,2024-12-31,11:45:45,X (Twitter): Home,https://twitter.com/home,2,0,typed
636,637,2024-12-31,11:41:16,X (Twitter): Home,https://twitter.com/home,4,0,link
637,638,2024-12-31,11:38:51,X (Twitter): Home,https://twitter.com/home,1,0,link
638,639,2024-12-31,11:37:03,KitchenAid Stand Mixer - Amazon.com,https://www.amazon.com/KitchenAid-Stand-Mixer/dp/B008C23,4,0,link
639,640,2024-12-31,11:39:56,Chopped TV Show - Food Network,https://www.foodnetwork.com/shows/chopped,5,0,link
640,641,2024-12-31,11:36:02,Amazon.com: Online Shopping,https://www.amazon.com/,3,0,link
641,642,2024-12-31,11:32:31,Best Local Farmers Market Schedule,https://www.google.com/search?q=best+local+farmers+market,2,0,typed
642,643,2024-12-31,11:32:38,Chopped TV Show - Food Network,https://www.foodnetwork.com/shows/chopped,3,0,typed
643,644,2024-12-31,11:29:47,Bon Appétit | Cacio e Pepe Recipe,https://www.bonappetit.com/recipe/cacio-e-pepe,3,0,link
644,645,2024-12-31,11:24:44,"Flour, Grains & Seeds | King Arthur Baking",https://www.kingarthurbaking.com/shop/ingredients/flour,4,0,link
645,646,2024-12-31,11:25:08,Chopped TV Show - Food Network,https://www.foodnetwork.com/shows/chopped,2,0,generated
646,647,2024-12-31,11:19:15,Mastering Knife Skills: A Beginner's Guide,https://www.gourmetsleuth.com/articles/techniques/knife-skills,4,0,link
647,648,2024-12-31,11:20:15,Chopped TV Show - Food Network,https://www.foodnetwork.com/shows/chopped,3,0,link
648,649,2024-12-31,11:19:07,Best Thai Fusion Near Me - Yelp,https://www.yelp.com/search?find_desc=thai+fusion,2,0,link
649,650,2024-12-31,11:20:27,Best Local Farmers Market Schedule,https://www.google.com/search?q=best+local+farmers+market,1,0,typed
650,651,2024-12-31,11:16:25,Best Thai Fusion Near Me - Yelp,https://www.yelp.com/search?find_desc=thai+fusion,4,0,link
651,652,2024-12-31,11:09:08,The Weather Channel - Weather.com,https://www.weather.com/,1,0,link
652,653,2024-12-31,11:07:11,CNN Breaking News and Video,https://www.cnn.com/,2,0,link
653,654,2024-12-31,11:03:46,Chopped TV Show - Food Network,https://www.foodnetwork.com/shows/chopped,2,0,link
654,655,2024-12-31,11:03:39,CNN Breaking News and Video,https://www.cnn.com/,2,0,link
655,656,2024-12-31,11:03:40,The Weather Channel - Weather.com,https://www.weather.com/,2,0,link
656,657,2024-12-31,11:05:54,Amazon.com: Online Shopping,https://www.amazon.com/,3,0,link
657,658,2024-12-31,10:59:41,Mastering Knife Skills: A Beginner's Guide,https://www.gourmetsleuth.com/articles/techniques/knife-skills,4,0,link
658,659,2024-12-31,10:55:40,Gmail: Inbox,https://mail.google.com/mail/u/0/#inbox,4,0,reload
659,660,2024-12-31,10:51:01,CNN Breaking News and Video,https://www.cnn.com/,5,0,reload
660,661,2024-12-31,10:57:16,Bon Appétit | Cacio e Pepe Recipe,https://www.bonappetit.com/recipe/cacio-e-pepe,4,0,reload
661,662,2024-12-31,10:56:12,Best Local Farmers Market Schedule,https://www.google.com/search?q=best+local+farmers+market,2,0,reload
662,663,2024-12-31,10:51:42,Mastering Knife Skills: A Beginner's Guide,https://www.gourmetsleuth.com/articles/techniques/knife-skills,5,0,generated
663,664,2024-12-31,10:50:51,X (Twitter): Home,https://twitter.com/home,2,0,typed
664,665,2024-12-31,10:48:47,KitchenAid Stand Mixer - Amazon.com,https://www.amazon.com/KitchenAid-Stand-Mixer/dp/B008C23,3,0,link
665,666,2024-12-31,10:47:14,Best Thai Fusion Near Me - Yelp,https://www.yelp.com/search?find_desc=thai+fusion,1,0,link
666,667,2024-12-31,10:40:30,CNN Breaking News and Video,https://www.cnn.com/,5,0,link
667,668,2024-12-31,10:40:13,CNN Breaking News and Video,https://www.cnn.com/,3,0,link
668,669,2024-12-31,10:36:06,Best Local Farmers Market Schedule,https://www.google.com/search?q=best+local+farmers+market,3,0,link
669,670,2024-12-31,10:35:30,"Flour, Grains & Seeds | King Arthur Baking",https://www.kingarthurbaking.com/shop/ingredients/flour,2,0,link
670,671,2024-12-31,10:31:38,Amazon.com: Online Shopping,https://www.amazon.com/,4,0,link
671,672,2024-12-31,10:29:30,KitchenAid Stand Mixer - Amazon.com,https://www.amazon.com/KitchenAid-Stand-Mixer/dp/B008C23,2,0,link
672,673,2024-12-31,10:34:32,CNN Breaking News and Video,https://www.cnn.com/,4,0,link
673,674,2024-12-31,10:28:52,Mastering Knife Skills: A Beginner's Guide,https://www.gourmetsleuth.com/articles/techniques/knife-skills,4,0,link
674,675,2024-12-31,10:24:38,Main Dish Recipes - Epicurious,https://www.epicurious.com/recipes/main-dishes,5,0,link
675,676,2024-12-31,10:22:23,The Best Chocolate Chip Cookies Recipe - Allrecipes,https://www.allrecipes.com/recipe/best-chocolate-chip-cookies/,4,0,link
676,677,2024-12-31,10:19:35,X (Twitter): Home,https://twitter.com/home,5,0,typed
677,678,2024-12-31,10:24:28,Amazon.com: Online Shopping,https://www.amazon.com/,3,0,link
678,679,2024-12-31,10:22:08,X (Twitter): Home,https://twitter.com/home,5,0,link
679,680,2024-12-31,10:16:34,The Weather Channel - Weather.com,https://www.weather.com/,1,0,link
680,681,2024-12-31,10:14:30,Chopped TV Show - Food Network,https://www.foodnetwork.com/shows/chopped,4,0,form_submit
681,682,2024-12-31,10:09:07,Best Thai Fusion Near Me - Yelp,https://www.yelp.com/search?find_desc=thai+fusion,4,0,link
682,683,2024-12-31,10:09:51,Mastering Knife Skills: A Beginner's Guide,https://www.gourmetsleuth.com/articles/techniques/knife-skills,2,0,link
683,684,2024-12-31,10:12:15,CNN Breaking News and Video,https://www.cnn.com/,1,0,link
684,685,2024-12-31,10:01:22,The Food Lab's Guide to Sous Vide Steak - Serious Eats,https://www.seriouseats.com/how-to-sous-vide-steak,3,0,link
685,686,2024-12-31,10:03:53,"Flour, Grains & Seeds | King Arthur Baking",https://www.kingarthurbaking.com/shop/ingredients/flour,3,0,typed
686,687,2024-12-31,09:58:35,X (Twitter): Home,https://twitter.com/home,3,0,link
687,688,2024-12-31,09:58:44,Gmail: Inbox,https://mail.google.com/mail/u/0/#inbox,2,0,link
688,689,2024-12-31,10:00:12,X (Twitter): Home,https://twitter.com/home,2,0,link
689,690,2024-12-31,09:54:16,KitchenAid Stand Mixer - Amazon.com,https://www.amazon.com/KitchenAid-Stand-Mixer/dp/B008C23,1,0,link
690,691,2024-12-31,09:58:15,Gmail: Inbox,https://mail.google.com/mail/u/0/#inbox,1,0,link
691,692,2024-12-31,09:51:52,Chopped TV Show - Food Network,https://www.foodnetwork.com/shows/chopped,3,0,link
692,693,2024-12-31,09:52:22,The Weather Channel - Weather.com,https://www.weather.com/,5,0,typed
693,694,2024-12-31,09:43:46,The Best Chocolate Chip Cookies Recipe - Allrecipes,https://www.allrecipes.com/recipe/best-chocolate-chip-cookies/,5,0,generated
694,695,2024-12-31,09:43:18,Amazon.com: Online Shopping,https://www.amazon.com/,1,0,link
695,696,2024-12-31,09:39:05,The Weather Channel - Weather.com,https://www.weather.com/,3,0,link
696,697,2024-12-31,09:38:07,The Food Lab's Guide to Sous Vide Steak - Serious Eats,https://www.seriouseats.com/how-to-sous-vide-steak,4,0,typed
697,698,2024-12-31,09:38:57,The Weather Channel - Weather.com,https://www.weather.com/,3,0,link
698,699,2024-12-31,09:39:40,KitchenAid Stand Mixer - Amazon.com,https://www.amazon.com/KitchenAid-Stand-Mixer/dp/B008C23,3,0,typed
699,700,2024-12-31,09:31:26,X (Twitter): Home,https://twitter.com/home,1,0,typed
700,701,2024-12-31,09:32:54,Main Dish Recipes - Epicurious,https://www.epicurious.com/recipes/main-dishes,2,0,link
701,702,2024-12-31,09:33:21,Best Local Farmers Market Schedule,https://www.google.com/search?q=best+local+farmers+market,1,0,link
702,703,2024-12-31,09:29:01,Mastering Knife Skills: A Beginner's Guide,https://www.gourmetsleuth.com/articles/techniques/knife-skills,2,0,form_submit
703,704,2024-12-31,09:25:01,Chopped TV Show - Food Network,https://www.foodnetwork.com/shows/chopped,1,0,link
704,705,2024-12-31,09:25:17,Bon Appétit | Cacio e Pepe Recipe,https://www.bonappetit.com/recipe/cacio-e-pepe,2,0,link
705,706,2024-12-31,09:19:43,MICHELIN Guide New York Restaurants,https://guide.michelin.com/us/en/restaurants,4,0,link
706,707,2024-12-31,09:20:24,Mastering Knife Skills: A Beginner's Guide,https://www.gourmetsleuth.com/articles/techniques/knife-skills,3,0,generated
707,708,2024-12-31,09:23:00,Gmail: Inbox,https://mail.google.com/mail/u/0/#inbox,1,0,generated
708,709,2024-12-31,09:18:55,Main Dish Recipes - Epicurious,https://www.epicurious.com/recipes/main-dishes,2,0,link
709,710,2024-12-31,09:20:49,Gmail: Inbox,https://mail.google.com/mail/u/0/#inbox,4,0,link
710,711,2024-12-31,09:14:53,X (Twitter): Home,https://twitter.com/home,5,0,typed
711,712,2024-12-31,09:13:34,Bon Appétit | Cacio e Pepe Recipe,https://www.bonappetit.com/recipe/cacio-e-pepe,1,0,link
712,713,2024-12-31,09:10:32,Main Dish Recipes - Epicurious,https://www.epicurious.com/recipes/main-dishes,4,0,link
713,714,2024-12-31,09:03:16,X (Twitter): Home,https://twitter.com/home,4,0,link
714,715,2024-12-31,09:04:28,Main Dish Recipes - Epicurious,https://www.epicurious.com/recipes/main-dishes,4,0,link
715,716,2024-12-31,09:04:53,Chopped TV Show - Food Network,https://www.foodnetwork.com/shows/chopped,4,0,link
716,717,2024-12-31,08:59:56,Bon Appétit | Cacio e Pepe Recipe,https://www.bonappetit.com/recipe/cacio-e-pepe,4,0,link
717,718,2024-12-31,08:55:36,Mastering Knife Skills: A Beginner's Guide,https://www.gourmetsleuth.com/articles/techniques/knife-skills,3,0,form_submit
718,719,2024-12-31,09:01:21,Amazon.com: Online Shopping,https://www.amazon.com/,3,0,link
719,720,2024-12-31,09:00:05,KitchenAid Stand Mixer - Amazon.com,https://www.amazon.com/KitchenAid-Stand-Mixer/dp/B008C23,5,0,form_submit
720,721,2024-12-31,08:56:36,Amazon.com: Online Shopping,https://www.amazon.com/,4,0,link
721,722,2024-12-31,08:56:07,"Flour, Grains & Seeds | King Arthur Baking",https://www.kingarthurbaking.com/shop/ingredients/flour,3,0,link
722,723,2024-12-31,08:53:30,X (Twitter): Home,https://twitter.com/home,1,0,link
723,724,2024-12-31,08:47:19,Best Thai Fusion Near Me - Yelp,https://www.yelp.com/search?find_desc=thai+fusion,1,0,link
724,725,2024-12-31,08:44:07,MICHELIN Guide New York Restaurants,https://guide.michelin.com/us/en/restaurants,3,0,link
725,726,2024-12-31,08:41:36,"Flour, Grains & Seeds | King Arthur Baking",https://www.kingarthurbaking.com/shop/ingredients/flour,5,0,typed
726,727,2024-12-31,08:42:17,"Flour, Grains & Seeds | King Arthur Baking",https://www.kingarthurbaking.com/shop/ingredients/flour,4,0,generated
727,728,2024-12-31,08:35:07,Gmail: Inbox,https://mail.google.com/mail/u/0/#inbox,5,0,link
728,729,2024-12-31,08:42:57,KitchenAid Stand Mixer - Amazon.com,https://www.amazon.com/KitchenAid-Stand-Mixer/dp/B008C23,1,0,link
729,730,2024-12-31,08:39:02,KitchenAid Stand Mixer - Amazon.com,https://www.amazon.com/KitchenAid-Stand-Mixer/dp/B008C23,3,0,link
730,731,2024-12-31,08:38:41,The Best Chocolate Chip Cookies Recipe - Allrecipes,https://www.allrecipes.com/recipe/best-chocolate-chip-cookies/,3,0,link
731,732,2024-12-31,08:33:56,Best Thai Fusion Near Me - Yelp,https://www.yelp.com/search?find_desc=thai+fusion,3,0,link
732,733,2024-12-31,08:33:52,Chopped TV Show - Food Network,https://www.foodnetwork.com/shows/chopped,4,0,link
733,734,2024-12-31,08:30:22,The Weather Channel - Weather.com,https://www.weather.com/,3,0,link
734,735,2024-12-31,08:24:11,Bon Appétit | Cacio e Pepe Recipe,https://www.bonappetit.com/recipe/cacio-e-pepe,1,0,link
735,736,2024-12-31,08:23:18,MICHELIN Guide New York Restaurants,https://guide.michelin.com/us/en/restaurants,5,0,link
736,737,2024-12-31,08:26:35,Best Local Farmers Market Schedule,https://www.google.com/search?q=best+local+farmers+market,5,0,form_submit
737,738,2024-12-31,08:19:02,Best Thai Fusion Near Me - Yelp,https://www.yelp.com/search?find_desc=thai+fusion,2,0,link
738,739,2024-12-31,08:21:28,MICHELIN Guide New York Restaurants,https://guide.michelin.com/us/en/restaurants,3,0,link
739,740,2024-12-31,08:14:57,The Best Chocolate Chip Cookies Recipe - Allrecipes,https://www.allrecipes.com/recipe/best-chocolate-chip-cookies/,4,0,link
740,741,2024-12-31,08:09:57,Chopped TV Show - Food Network,https://www.foodnetwork.com/shows/chopped,1,0,link
741,742,2024-12-31,08:07:11,Best Local Farmers Market Schedule,https://www.google.com/search?q=best+local+farmers+market,2,0,link
742,743,2024-12-31,08:11:17,KitchenAid Stand Mixer - Amazon.com,https://www.amazon.com/KitchenAid-Stand-Mixer/dp/B008C23,5,0,generated
743,744,2024-12-31,08:06:32,Amazon.com: Online Shopping,https://www.amazon.com/,4,0,generated
744,745,2024-12-31,08:08:53,Gmail: Inbox,https://mail.google.com/mail/u/0/#inbox,1,0,link
745,746,2024-12-31,08:03:48,"Flour, Grains & Seeds | King Arthur Baking",https://www.kingarthurbaking.com/shop/ingredients/flour,5,0,typed
746,747,2024-12-31,08:04:07,Bon Appétit | Cacio e Pepe Recipe,https://www.bonappetit.com/recipe/cacio-e-pepe,1,0,link
747,748,2024-12-31,07:55:41,Gmail: Inbox,https://mail.google.com/mail/u/0/#inbox,1,0,link
748,749,2024-12-31,08:00:24,"Flour, Grains & Seeds | King Arthur Baking",https://www.kingarthurbaking.com/shop/ingredients/flour,4,0,link
749,750,2024-12-31,07:58:48,CNN Breaking News and Video,https://www.cnn.com/,5,0,link
750,751,2024-12-31,07:51:15,Chopped TV Show - Food Network,https://www.foodnetwork.com/shows/chopped,2,0,typed
751,752,2024-12-31,07:52:37,Best Thai Fusion Near Me - Yelp,https://www.yelp.com/search?find_desc=thai+fusion,4,0,link
752,753,2024-12-31,07:48:53,Bon Appétit | Cacio e Pepe Recipe,https://www.bonappetit.com/recipe/cacio-e-pepe,3,0,typed
753,754,2024-12-31,07:46:53,The Best Chocolate Chip Cookies Recipe - Allrecipes,https://www.allrecipes.com/recipe/best-chocolate-chip-cookies/,1,0,generated
754,755,2024-12-31,07:48:59,Bon Appétit | Cacio e Pepe Recipe,https://www.bonappetit.com/recipe/cacio-e-pepe,2,0,link
755,756,2024-12-31,07:42:44,Chopped TV Show - Food Network,https://www.foodnetwork.com/shows/chopped,1,0,link
756,757,2024-12-31,07:46:42,Best Thai Fusion Near Me - Yelp,https://www.yelp.com/search?find_desc=thai+fusion,1,0,link
757,758,2024-12-31,07:36:12,Best Thai Fusion Near Me - Yelp,https://www.yelp.com/search?find_desc=thai+fusion,3,0,link
758,759,2024-12-31,07:40:26,Mastering Knife Skills: A Beginner's Guide,https://www.gourmetsleuth.com/articles/techniques/knife-skills,1,0,link
759,760,2024-12-31,07:32:02,Bon Appétit | Cacio e Pepe Recipe,https://www.bonappetit.com/recipe/cacio-e-pepe,2,0,generated
760,761,2024-12-31,07:30:45,Mastering Knife Skills: A Beginner's Guide,https://www.gourmetsleuth.com/articles/techniques/knife-skills,3,0,link
761,762,2024-12-31,07:28:40,KitchenAid Stand Mixer - Amazon.com,https://www.amazon.com/KitchenAid-Stand-Mixer/dp/B008C23,4,0,generated
762,763,2024-12-31,07:34:20,MICHELIN Guide New York Restaurants,https://guide.michelin.com/us/en/restaurants,3,0,link
763,764,2024-12-31,07:26:07,The Weather Channel - Weather.com,https://www.weather.com/,4,0,generated
764,765,2024-12-31,07:23:00,Best Thai Fusion Near Me - Yelp,https://www.yelp.com/search?find_desc=thai+fusion,1,0,link
765,766,2024-12-31,07:28:11,Best Thai Fusion Near Me - Yelp,https://www.yelp.com/search?find_desc=thai+fusion,3,0,link
766,767,2024-12-31,07:27:00,Bon Appétit | Cacio e Pepe Recipe,https://www.bonappetit.com/recipe/cacio-e-pepe,4,0,link
767,768,2024-12-31,07:19:02,Amazon.com: Online Shopping,https://www.amazon.com/,4,0,link
768,769,2024-12-31,07:19:12,Gmail: Inbox,https://mail.google.com/mail/u/0/#inbox,4,0,link
769,770,2024-12-31,07:17:30,KitchenAid Stand Mixer - Amazon.com,https://www.amazon.com/KitchenAid-Stand-Mixer/dp/B008C23,4,0,link
770,771,2024-12-31,07:13:42,"Flour, Grains & Seeds | King Arthur Baking",https://www.kingarthurbaking.com/shop/ingredients/flour,3,0,link
771,772,2024-12-31,07:07:44,Best Thai Fusion Near Me - Yelp,https://www.yelp.com/search?find_desc=thai+fusion,5,0,link
772,773,2024-12-31,07:09:47,Main Dish Recipes - Epicurious,https://www.epicurious.com/recipes/main-dishes,3,0,link
773,774,2024-12-31,07:09:09,"Flour, Grains & Seeds | King Arthur Baking",https://www.kingarthurbaking.com/shop/ingredients/flour,2,0,generated
774,775,2024-12-31,07:03:17,The Weather Channel - Weather.com,https://www.weather.com/,1,0,generated
775,776,2024-12-31,07:01:33,Best Thai Fusion Near Me - Yelp,https://www.yelp.com/search?find_desc=thai+fusion,1,0,link
776,777,2024-12-31,07:03:17,Best Thai Fusion Near Me - Yelp,https://www.yelp.com/search?find_desc=thai+fusion,1,0,generated
777,778,2024-12-31,06:57:37,CNN Breaking News and Video,https://www.cnn.com/,1,0,typed
778,779,2024-12-31,06:54:48,The Weather Channel - Weather.com,https://www.weather.com/,5,0,link
779,780,2024-12-31,07:01:00,CNN Breaking News and Video,https://www.cnn.com/,2,0,link
780,781,2024-12-31,06:54:34,X (Twitter): Home,https://twitter.com/home,5,0,typed
781,782,2024-12-31,06:53:38,The Best Chocolate Chip Cookies Recipe - Allrecipes,https://www.allrecipes.com/recipe/best-chocolate-chip-cookies/,2,0,link
782,783,2024-12-31,06:52:20,Mastering Knife Skills: A Beginner's Guide,https://www.gourmetsleuth.com/articles/techniques/knife-skills,5,0,link
783,784,2024-12-31,06:47:37,X (Twitter): Home,https://twitter.com/home,1,0,link
784,785,2024-12-31,06:50:17,Mastering Knife Skills: A Beginner's Guide,https://www.gourmetsleuth.com/articles/techniques/knife-skills,5,0,form_submit
785,786,2024-12-31,06:39:03,The Best Chocolate Chip Cookies Recipe - Allrecipes,https://www.allrecipes.com/recipe/best-chocolate-chip-cookies/,2,0,link
786,787,2024-12-31,06:39:08,KitchenAid Stand Mixer - Amazon.com,https://www.amazon.com/KitchenAid-Stand-Mixer/dp/B008C23,2,0,link
787,788,2024-12-31,06:37:45,Best Thai Fusion Near Me - Yelp,https://www.yelp.com/search?find_desc=thai+fusion,2,0,link
788,789,2024-12-31,06:37:59,Chopped TV Show - Food Network,https://www.foodnetwork.com/shows/chopped,4,0,link
789,790,2024-12-31,06:38:02,KitchenAid Stand Mixer - Amazon.com,https://www.amazon.com/KitchenAid-Stand-Mixer/dp/B008C23,1,0,generated
790,791,2024-12-31,06:38:23,Gmail: Inbox,https://mail.google.com/mail/u/0/#inbox,4,0,typed
791,792,2024-12-31,06:27:55,MICHELIN Guide New York Restaurants,https://guide.michelin.com/us/en/restaurants,5,0,typed
792,793,2024-12-31,06:33:07,Bon Appétit | Cacio e Pepe Recipe,https://www.bonappetit.com/recipe/cacio-e-pepe,4,0,link
793,794,2024-12-31,06:27:03,Gmail: Inbox,https://mail.google.com/mail/u/0/#inbox,5,0,link
794,795,2024-12-31,06:25:55,MICHELIN Guide New York Restaurants,https://guide.michelin.com/us/en/restaurants,3,0,link
795,796,2024-12-31,06:21:01,MICHELIN Guide New York Restaurants,https://guide.michelin.com/us/en/restaurants,4,0,typed
796,797,2024-12-31,06:25:02,"Flour, Grains & Seeds | King Arthur Baking",https://www.kingarthurbaking.com/shop/ingredients/flour,1,0,generated
797,798,2024-12-31,06:22:19,Chopped TV Show - Food Network,https://www.foodnetwork.com/shows/chopped,4,0,link
798,799,2024-12-31,06:16:54,Amazon.com: Online Shopping,https://www.amazon.com/,1,0,link
799,800,2024-12-31,06:15:32,Best Thai Fusion Near Me - Yelp,https://www.yelp.com/search?find_desc=thai+fusion,2,0,link
800,801,2024-12-31,06:17:24,KitchenAid Stand Mixer - Amazon.com,https://www.amazon.com/KitchenAid-Stand-Mixer/dp/B008C23,2,0,form_submit
801,802,2024-12-31,06:15:10,KitchenAid Stand Mixer - Amazon.com,https://www.amazon.com/KitchenAid-Stand-Mixer/dp/B008C23,2,0,link
802,803,2024-12-31,06:14:19,Gmail: Inbox,https://mail.google.com/mail/u/0/#inbox,3,0,link
803,804,2024-12-31,06:03:14,Chopped TV Show - Food Network,https://www.foodnetwork.com/shows/chopped,1,0,link
804,805,2024-12-31,06:09:42,CNN Breaking News and Video,https://www.cnn.com/,5,0,link
805,806,2024-12-31,06:06:51,Best Thai Fusion Near Me - Yelp,https://www.yelp.com/search?find_desc=thai+fusion,2,0,link
806,807,2024-12-31,06:06:08,KitchenAid Stand Mixer - Amazon.com,https://www.amazon.com/KitchenAid-Stand-Mixer/dp/B008C23,4,0,link
807,808,2024-12-31,05:58:24,The Food Lab's Guide to Sous Vide Steak - Serious Eats,https://www.seriouseats.com/how-to-sous-vide-steak,3,0,link
808,809,2024-12-31,05:59:28,"Flour, Grains & Seeds | King Arthur Baking",https://www.kingarthurbaking.com/shop/ingredients/flour,1,0,link
809,810,2024-12-31,05:51:04,The Food Lab's Guide to Sous Vide Steak - Serious Eats,https://www.seriouseats.com/how-to-sous-vide-steak,5,0,typed
810,811,2024-12-31,05:53:09,X (Twitter): Home,https://twitter.com/home,5,0,typed
811,812,2024-12-31,05:55:31,Amazon.com: Online Shopping,https://www.amazon.com/,5,0,link
812,813,2024-12-31,05:46:42,CNN Breaking News and Video,https://www.cnn.com/,5,0,typed
813,814,2024-12-31,05:46:12,Amazon.com: Online Shopping,https://www.amazon.com/,3,0,typed
814,815,2024-12-31,05:43:46,"Flour, Grains & Seeds | King Arthur Baking",https://www.kingarthurbaking.com/shop/ingredients/flour,3,0,link
815,816,2024-12-31,05:44:56,Best Thai Fusion Near Me - Yelp,https://www.yelp.com/search?find_desc=thai+fusion,1,0,link
816,817,2024-12-31,05:43:26,Gmail: Inbox,https://mail.google.com/mail/u/0/#inbox,3,0,generated
817,818,2024-12-31,05:41:31,Best Local Farmers Market Schedule,https://www.google.com/search?q=best+local+farmers+market,2,0,typed
818,819,2024-12-31,05:40:40,The Best Chocolate Chip Cookies Recipe - Allrecipes,https://www.allrecipes.com/recipe/best-chocolate-chip-cookies/,4,0,link
819,820,2024-12-31,05:34:10,The Food Lab's Guide to Sous Vide Steak - Serious Eats,https://www.seriouseats.com/how-to-sous-vide-steak,5,0,link
820,821,2024-12-31,05:34:28,"Flour, Grains & Seeds | King Arthur Baking",https://www.kingarthurbaking.com/shop/ingredients/flour,2,0,typed
821,822,2024-12-31,05:28:36,The Best Chocolate Chip Cookies Recipe - Allrecipes,https://www.allrecipes.com/recipe/best-chocolate-chip-cookies/,5,0,link
822,823,2024-12-31,05:28:46,Best Local Farmers Market Schedule,https://www.google.com/search?q=best+local+farmers+market,2,0,link
823,824,2024-12-31,05:25:07,Main Dish Recipes - Epicurious,https://www.epicurious.com/recipes/main-dishes,1,0,form_submit
824,825,2024-12-31,05:27:08,Mastering Knife Skills: A Beginner's Guide,https://www.gourmetsleuth.com/articles/techniques/knife-skills,2,0,link
825,826,2024-12-31,05:28:09,Bon Appétit | Cacio e Pepe Recipe,https://www.bonappetit.com/recipe/cacio-e-pepe,3,0,link
826,827,2024-12-31,05:25:46,Gmail: Inbox,https://mail.google.com/mail/u/0/#inbox,1,0,generated
827,828,2024-12-31,05:16:29,MICHELIN Guide New York Restaurants,https://guide.michelin.com/us/en/restaurants,5,0,link
828,829,2024-12-31,05:20:49,Main Dish Recipes - Epicurious,https://www.epicurious.com/recipes/main-dishes,3,0,form_submit
829,830,2024-12-31,05:19:10,Best Thai Fusion Near Me - Yelp,https://www.yelp.com/search?find_desc=thai+fusion,5,0,link
830,831,2024-12-31,05:14:21,KitchenAid Stand Mixer - Amazon.com,https://www.amazon.com/KitchenAid-Stand-Mixer/dp/B008C23,4,0,generated
831,832,2024-12-31,05:11:11,Best Thai Fusion Near Me - Yelp,https://www.yelp.com/search?find_desc=thai+fusion,1,0,link
832,833,2024-12-31,05:07:49,KitchenAid Stand Mixer - Amazon.com,https://www.amazon.com/KitchenAid-Stand-Mixer/dp/B008C23,1,0,link
833,834,2024-12-31,05:05:57,The Best Chocolate Chip Cookies Recipe - Allrecipes,https://www.allrecipes.com/recipe/best-chocolate-chip-cookies/,3,0,link
834,835,2024-12-31,05:05:10,Best Local Farmers Market Schedule,https://www.google.com/search?q=best+local+farmers+market,4,0,link
835,836,2024-12-31,05:06:36,Best Thai Fusion Near Me - Yelp,https://www.yelp.com/search?find_desc=thai+fusion,1,0,generated
836,837,2024-12-31,04:59:26,The Food Lab's Guide to Sous Vide Steak - Serious Eats,https://www.seriouseats.com/how-to-sous-vide-steak,3,0,link
837,838,2024-12-31,04:59:07,The Food Lab's Guide to Sous Vide Steak - Serious Eats,https://www.seriouseats.com/how-to-sous-vide-steak,3,0,typed
838,839,2024-12-31,04:59:47,Best Thai Fusion Near Me - Yelp,https://www.yelp.com/search?find_desc=thai+fusion,3,0,link
839,840,2024-12-31,04:55:53,Amazon.com: Online Shopping,https://www.amazon.com/,2,0,link
840,841,2024-12-31,04:58:07,KitchenAid Stand Mixer - Amazon.com,https://www.amazon.com/KitchenAid-Stand-Mixer/dp/B008C23,2,0,link
841,842,2024-12-31,04:51:59,Main Dish Recipes - Epicurious,https://www.epicurious.com/recipes/main-dishes,2,0,link
842,843,2024-12-31,04:45:06,KitchenAid Stand Mixer - Amazon.com,https://www.amazon.com/KitchenAid-Stand-Mixer/dp/B008C23,3,0,link
843,844,2024-12-31,04:44:53,Chopped TV Show - Food Network,https://www.foodnetwork.com/shows/chopped,4,0,typed
844,845,2024-12-31,04:47:36,Amazon.com: Online Shopping,https://www.amazon.com/,2,0,link
845,846,2024-12-31,04:39:22,Chopped TV Show - Food Network,https://www.foodnetwork.com/shows/chopped,5,0,link
846,847,2024-12-31,04:41:57,MICHELIN Guide New York Restaurants,https://guide.michelin.com/us/en/restaurants,4,0,link
847,848,2024-12-31,04:36:15,KitchenAid Stand Mixer - Amazon.com,https://www.amazon.com/KitchenAid-Stand-Mixer/dp/B008C23,5,0,link
848,849,2024-12-31,04:36:17,Main Dish Recipes - Epicurious,https://www.epicurious.com/recipes/main-dishes,5,0,link
849,850,2024-12-31,04:31:19,The Food Lab's Guide to Sous Vide Steak - Serious Eats,https://www.seriouseats.com/how-to-sous-vide-steak,2,0,link
850,851,2024-12-31,04:29:40,MICHELIN Guide New York Restaurants,https://guide.michelin.com/us/en/restaurants,5,0,link
851,852,2024-12-31,04:28:02,X (Twitter): Home,https://twitter.com/home,3,0,link
852,853,2024-12-31,04:30:18,Main Dish Recipes - Epicurious,https://www.epicurious.com/recipes/main-dishes,2,0,link
853,854,2024-12-31,04:27:54,"Flour, Grains & Seeds | King Arthur Baking",https://www.kingarthurbaking.com/shop/ingredients/flour,1,0,link
854,855,2024-12-31,04:22:58,Best Local Farmers Market Schedule,https://www.google.com/search?q=best+local+farmers+market,1,0,form_submit
855,856,2024-12-31,04:20:31,MICHELIN Guide New York Restaurants,https://guide.michelin.com/us/en/restaurants,4,0,link
856,857,2024-12-31,04:20:42,Main Dish Recipes - Epicurious,https://www.epicurious.com/recipes/main-dishes,1,0,link
857,858,2024-12-31,04:15:12,X (Twitter): Home,https://twitter.com/home,2,0,link
858,859,2024-12-31,04:17:04,Mastering Knife Skills: A Beginner's Guide,https://www.gourmetsleuth.com/articles/techniques/knife-skills,1,0,link
859,860,2024-12-31,04:19:26,"Flour, Grains & Seeds | King Arthur Baking",https://www.kingarthurbaking.com/shop/ingredients/flour,4,0,typed
860,861,2024-12-31,04:13:55,"Flour, Grains & Seeds | King Arthur Baking",https://www.kingarthurbaking.com/shop/ingredients/flour,3,0,link
861,862,2024-12-31,04:09:10,KitchenAid Stand Mixer - Amazon.com,https://www.amazon.com/KitchenAid-Stand-Mixer/dp/B008C23,3,0,link
862,863,2024-12-31,04:08:38,Gmail: Inbox,https://mail.google.com/mail/u/0/#inbox,4,0,typed
863,864,2024-12-31,04:08:04,Gmail: Inbox,https://mail.google.com/mail/u/0/#inbox,2,0,typed
864,865,2024-12-31,04:08:44,KitchenAid Stand Mixer - Amazon.com,https://www.amazon.com/KitchenAid-Stand-Mixer/dp/B008C23,3,0,link
865,866,2024-12-31,03:59:07,KitchenAid Stand Mixer - Amazon.com,https://www.amazon.com/KitchenAid-Stand-Mixer/dp/B008C23,5,0,link
866,867,2024-12-31,04:06:21,Mastering Knife Skills: A Beginner's Guide,https://www.gourmetsleuth.com/articles/techniques/knife-skills,1,0,link
867,868,2024-12-31,03:57:15,Gmail: Inbox,https://mail.google.com/mail/u/0/#inbox,3,0,typed
868,869,2024-12-31,03:54:19,"Flour, Grains & Seeds | King Arthur Baking",https://www.kingarthurbaking.com/shop/ingredients/flour,3,0,link
869,870,2024-12-31,03:54:17,Best Thai Fusion Near Me - Yelp,https://www.yelp.com/search?find_desc=thai+fusion,2,0,link
870,871,2024-12-31,03:51:33,Best Thai Fusion Near Me - Yelp,https://www.yelp.com/search?find_desc=thai+fusion,1,0,link
871,872,2024-12-31,03:51:28,Best Local Farmers Market Schedule,https://www.google.com/search?q=best+local+farmers+market,5,0,link
872,873,2024-12-31,03:49:33,Bon Appétit | Cacio e Pepe Recipe,https://www.bonappetit.com/recipe/cacio-e-pepe,1,0,link
873,874,2024-12-31,03:49:23,Best Local Farmers Market Schedule,https://www.google.com/search?q=best+local+farmers+market,2,0,link
874,875,2024-12-31,03:50:38,MICHELIN Guide New York Restaurants,https://guide.michelin.com/us/en/restaurants,5,0,link
875,876,2024-12-31,03:44:39,Chopped TV Show - Food Network,https://www.foodnetwork.com/shows/chopped,3,0,link
876,877,2024-12-31,03:37:08,The Weather Channel - Weather.com,https://www.weather.com/,3,0,link
877,878,2024-12-31,03:43:42,CNN Breaking News and Video,https://www.cnn.com/,3,0,link
878,879,2024-12-31,03:39:44,The Best Chocolate Chip Cookies Recipe - Allrecipes,https://www.allrecipes.com/recipe/best-chocolate-chip-cookies/,5,0,link
879,880,2024-12-31,03:37:22,The Best Chocolate Chip Cookies Recipe - Allrecipes,https://www.allrecipes.com/recipe/best-chocolate-chip-cookies/,1,0,reload
880,881,2024-12-31,03:38:16,The Best Chocolate Chip Cookies Recipe - Allrecipes,https://www.allrecipes.com/recipe/best-chocolate-chip-cookies/,5,0,link
881,882,2024-12-31,03:33:49,CNN Breaking News and Video,https://www.cnn.com/,2,0,link
882,883,2024-12-31,03:29:28,X (Twitter): Home,https://twitter.com/home,4,0,generated
883,884,2024-12-31,03:25:10,Amazon.com: Online Shopping,https://www.amazon.com/,1,0,link
884,885,2024-12-31,03:21:10,"Flour, Grains & Seeds | King Arthur Baking",https://www.kingarthurbaking.com/shop/ingredients/flour,5,0,link
885,886,2024-12-31,03:21:27,Main Dish Recipes - Epicurious,https://www.epicurious.com/recipes/main-dishes,3,0,link
886,887,2024-12-31,03:24:12,Best Local Farmers Market Schedule,https://www.google.com/search?q=best+local+farmers+market,3,0,link
887,888,2024-12-31,03:19:32,Mastering Knife Skills: A Beginner's Guide,https://www.gourmetsleuth.com/articles/techniques/knife-skills,1,0,generated
888,889,2024-12-31,03:16:24,Amazon.com: Online Shopping,https://www.amazon.com/,5,0,link
889,890,2024-12-31,03:12:09,"Flour, Grains & Seeds | King Arthur Baking",https://www.kingarthurbaking.com/shop/ingredients/flour,2,0,link
890,891,2024-12-31,03:17:55,Best Thai Fusion Near Me - Yelp,https://www.yelp.com/search?find_desc=thai+fusion,3,0,link
891,892,2024-12-31,03:15:46,Mastering Knife Skills: A Beginner's Guide,https://www.gourmetsleuth.com/articles/techniques/knife-skills,2,0,link
892,893,2024-12-31,03:13:28,Chopped TV Show - Food Network,https://www.foodnetwork.com/shows/chopped,1,0,link
893,894,2024-12-31,03:04:36,The Best Chocolate Chip Cookies Recipe - Allrecipes,https://www.allrecipes.com/recipe/best-chocolate-chip-cookies/,4,0,link
894,895,2024-12-31,03:04:52,Main Dish Recipes - Epicurious,https://www.epicurious.com/recipes/main-dishes,4,0,typed
895,896,2024-12-31,03:04:13,Amazon.com: Online Shopping,https://www.amazon.com/,4,0,link
896,897,2024-12-31,03:02:08,X (Twitter): Home,https://twitter.com/home,4,0,form_submit
897,898,2024-12-31,03:00:40,The Best Chocolate Chip Cookies Recipe - Allrecipes,https://www.allrecipes.com/recipe/best-chocolate-chip-cookies/,4,0,link
898,899,2024-12-31,03:02:31,Chopped TV Show - Food Network,https://www.foodnetwork.com/shows/chopped,1,0,link
899,900,2024-12-31,02:53:44,The Food Lab's Guide to Sous Vide Steak - Serious Eats,https://www.seriouseats.com/how-to-sous-vide-steak,1,0,typed
900,901,2024-12-31,02:58:19,Best Thai Fusion Near Me - Yelp,https://www.yelp.com/search?find_desc=thai+fusion,1,0,link
901,902,2024-12-31,02:53:10,X (Twitter): Home,https://twitter.com/home,1,0,generated
902,903,2024-12-31,02:49:17,Bon Appétit | Cacio e Pepe Recipe,https://www.bonappetit.com/recipe/cacio-e-pepe,2,0,link
903,904,2024-12-31,02:44:48,CNN Breaking News and Video,https://www.cnn.com/,5,0,typed
904,905,2024-12-31,02:44:33,Chopped TV Show - Food Network,https://www.foodnetwork.com/shows/chopped,4,0,link
905,906,2024-12-31,02:45:08,"Flour, Grains & Seeds | King Arthur Baking",https://www.kingarthurbaking.com/shop/ingredients/flour,3,0,link
906,907,2024-12-31,02:46:52,Amazon.com: Online Shopping,https://www.amazon.com/,1,0,generated
907,908,2024-12-31,02:37:09,The Best Chocolate Chip Cookies Recipe - Allrecipes,https://www.allrecipes.com/recipe/best-chocolate-chip-cookies/,5,0,typed
908,909,2024-12-31,02:40:57,The Weather Channel - Weather.com,https://www.weather.com/,5,0,link
909,910,2024-12-31,02:39:15,Gmail: Inbox,https://mail.google.com/mail/u/0/#inbox,4,0,link
910,911,2024-12-31,02:37:57,KitchenAid Stand Mixer - Amazon.com,https://www.amazon.com/KitchenAid-Stand-Mixer/dp/B008C23,4,0,form_submit
911,912,2024-12-31,02:28:04,"Flour, Grains & Seeds | King Arthur Baking",https://www.kingarthurbaking.com/shop/ingredients/flour,3,0,link
912,913,2024-12-31,02:30:50,Best Local Farmers Market Schedule,https://www.google.com/search?q=best+local+farmers+market,3,0,link
913,914,2024-12-31,02:24:15,"Flour, Grains & Seeds | King Arthur Baking",https://www.kingarthurbaking.com/shop/ingredients/flour,1,0,generated
914,915,2024-12-31,02:23:29,"Flour, Grains & Seeds | King Arthur Baking",https://www.kingarthurbaking.com/shop/ingredients/flour,4,0,typed
915,916,2024-12-31,02:25:30,Main Dish Recipes - Epicurious,https://www.epicurious.com/recipes/main-dishes,2,0,typed
916,917,2024-12-31,02:19:32,Mastering Knife Skills: A Beginner's Guide,https://www.gourmetsleuth.com/articles/techniques/knife-skills,1,0,link
917,918,2024-12-31,02:17:20,Main Dish Recipes - Epicurious,https://www.epicurious.com/recipes/main-dishes,3,0,link
918,919,2024-12-31,02:18:40,Chopped TV Show - Food Network,https://www.foodnetwork.com/shows/chopped,3,0,link
919,920,2024-12-31,02:16:01,Best Local Farmers Market Schedule,https://www.google.com/search?q=best+local+farmers+market,1,0,link
920,921,2024-12-31,02:09:01,Mastering Knife Skills: A Beginner's Guide,https://www.gourmetsleuth.com/articles/techniques/knife-skills,2,0,link
921,922,2024-12-31,02:12:04,Best Thai Fusion Near Me - Yelp,https://www.yelp.com/search?find_desc=thai+fusion,4,0,link
922,923,2024-12-31,02:14:58,The Weather Channel - Weather.com,https://www.weather.com/,2,0,typed
923,924,2024-12-31,02:06:12,The Weather Channel - Weather.com,https://www.weather.com/,3,0,link
924,925,2024-12-31,02:07:39,"Flour, Grains & Seeds | King Arthur Baking",https://www.kingarthurbaking.com/shop/ingredients/flour,3,0,typed
925,926,2024-12-31,02:06:02,Best Local Farmers Market Schedule,https://www.google.com/search?q=best+local+farmers+market,3,0,typed
926,927,2024-12-31,02:02:47,X (Twitter): Home,https://twitter.com/home,3,0,link
927,928,2024-12-31,02:04:12,Gmail: Inbox,https://mail.google.com/mail/u/0/#inbox,5,0,link
928,929,2024-12-31,01:56:26,KitchenAid Stand Mixer - Amazon.com,https://www.amazon.com/KitchenAid-Stand-Mixer/dp/B008C23,4,0,link
929,930,2024-12-31,01:59:07,Bon Appétit | Cacio e Pepe Recipe,https://www.bonappetit.com/recipe/cacio-e-pepe,3,0,link
930,931,2024-12-31,01:50:57,Amazon.com: Online Shopping,https://www.amazon.com/,5,0,link
931,932,2024-12-31,01:50:02,X (Twitter): Home,https://twitter.com/home,3,0,link
932,933,2024-12-31,01:47:00,MICHELIN Guide New York Restaurants,https://guide.michelin.com/us/en/restaurants,5,0,link
933,934,2024-12-31,01:45:07,Chopped TV Show - Food Network,https://www.foodnetwork.com/shows/chopped,1,0,link
934,935,2024-12-31,01:41:25,Gmail: Inbox,https://mail.google.com/mail/u/0/#inbox,2,0,link
935,936,2024-12-31,01:43:21,Bon Appétit | Cacio e Pepe Recipe,https://www.bonappetit.com/recipe/cacio-e-pepe,4,0,link
936,937,2024-12-31,01:44:56,CNN Breaking News and Video,https://www.cnn.com/,1,0,link
937,938,2024-12-31,01:37:50,CNN Breaking News and Video,https://www.cnn.com/,5,0,typed
938,939,2024-12-31,01:40:53,Best Local Farmers Market Schedule,https://www.google.com/search?q=best+local+farmers+market,3,0,link
939,940,2024-12-31,01:40:23,"Flour, Grains & Seeds | King Arthur Baking",https://www.kingarthurbaking.com/shop/ingredients/flour,4,0,link
940,941,2024-12-31,01:38:52,Best Thai Fusion Near Me - Yelp,https://www.yelp.com/search?find_desc=thai+fusion,1,0,form_submit
941,942,2024-12-31,01:29:25,Amazon.com: Online Shopping,https://www.amazon.com/,2,0,link
942,943,2024-12-31,01:25:44,MICHELIN Guide New York Restaurants,https://guide.michelin.com/us/en/restaurants,4,0,typed
943,944,2024-12-31,01:30:06,X (Twitter): Home,https://twitter.com/home,2,0,link
944,945,2024-12-31,01:28:54,Bon Appétit | Cacio e Pepe Recipe,https://www.bonappetit.com/recipe/cacio-e-pepe,3,0,generated
945,946,2024-12-31,01:25:14,Gmail: Inbox,https://mail.google.com/mail/u/0/#inbox,1,0,generated
946,947,2024-12-31,01:19:29,Best Thai Fusion Near Me - Yelp,https://www.yelp.com/search?find_desc=thai+fusion,4,0,form_submit
947,948,2024-12-31,01:24:47,The Weather Channel - Weather.com,https://www.weather.com/,3,0,typed
948,949,2024-12-31,01:15:41,Main Dish Recipes - Epicurious,https://www.epicurious.com/recipes/main-dishes,4,0,link
949,950,2024-12-31,01:17:52,The Best Chocolate Chip Cookies Recipe - Allrecipes,https://www.allrecipes.com/recipe/best-chocolate-chip-cookies/,4,0,link
950,951,2024-12-31,01:09:11,CNN Breaking News and Video,https://www.cnn.com/,1,0,generated
951,952,2024-12-31,01:08:20,Amazon.com: Online Shopping,https://www.amazon.com/,2,0,link
952,953,2024-12-31,01:08:38,X (Twitter): Home,https://twitter.com/home,3,0,link
953,954,2024-12-31,01:11:25,The Weather Channel - Weather.com,https://www.weather.com/,4,0,link
954,955,2024-12-31,01:06:44,Main Dish Recipes - Epicurious,https://www.epicurious.com/recipes/main-dishes,5,0,link
955,956,2024-12-31,01:02:04,KitchenAid Stand Mixer - Amazon.com,https://www.amazon.com/KitchenAid-Stand-Mixer/dp/B008C23,4,0,typed
956,957,2024-12-31,00:58:35,"Flour, Grains & Seeds | King Arthur Baking",https://www.kingarthurbaking.com/shop/ingredients/flour,5,0,link
957,958,2024-12-31,00:59:39,KitchenAid Stand Mixer - Amazon.com,https://www.amazon.com/KitchenAid-Stand-Mixer/dp/B008C23,1,0,generated
958,959,2024-12-31,00:53:23,Mastering Knife Skills: A Beginner's Guide,https://www.gourmetsleuth.com/articles/techniques/knife-skills,3,0,link
959,960,2024-12-31,00:53:22,Chopped TV Show - Food Network,https://www.foodnetwork.com/shows/chopped,5,0,link
960,961,2024-12-31,00:49:57,Mastering Knife Skills: A Beginner's Guide,https://www.gourmetsleuth.com/articles/techniques/knife-skills,3,0,link
961,962,2024-12-31,00:50:04,Best Thai Fusion Near Me - Yelp,https://www.yelp.com/search?find_desc=thai+fusion,2,0,link
962,963,2024-12-31,00:46:30,Main Dish Recipes - Epicurious,https://www.epicurious.com/recipes/main-dishes,3,0,link
963,964,2024-12-31,00:43:49,Best Local Farmers Market Schedule,https://www.google.com/search?q=best+local+farmers+market,1,0,typed
964,965,2024-12-31,00:50:11,Main Dish Recipes - Epicurious,https://www.epicurious.com/recipes/main-dishes,4,0,link
965,966,2024-12-31,00:41:30,MICHELIN Guide New York Restaurants,https://guide.michelin.com/us/en/restaurants,2,0,link
966,967,2024-12-31,00:37:31,Mastering Knife Skills: A Beginner's Guide,https://www.gourmetsleuth.com/articles/techniques/knife-skills,1,0,typed
967,968,2024-12-31,00:44:04,MICHELIN Guide New York Restaurants,https://guide.michelin.com/us/en/restaurants,2,0,generated
968,969,2024-12-31,00:42:49,KitchenAid Stand Mixer - Amazon.com,https://www.amazon.com/KitchenAid-Stand-Mixer/dp/B008C23,5,0,link
969,970,2024-12-31,00:34:36,Gmail: Inbox,https://mail.google.com/mail/u/0/#inbox,5,0,link
970,971,2024-12-31,00:36:38,The Food Lab's Guide to Sous Vide Steak - Serious Eats,https://www.seriouseats.com/how-to-sous-vide-steak,1,0,generated
971,972,2024-12-31,00:36:55,Mastering Knife Skills: A Beginner's Guide,https://www.gourmetsleuth.com/articles/techniques/knife-skills,1,0,link
972,973,2024-12-31,00:27:12,Mastering Knife Skills: A Beginner's Guide,https://www.gourmetsleuth.com/articles/techniques/knife-skills,3,0,link
973,974,2024-12-31,00:24:06,Chopped TV Show - Food Network,https://www.foodnetwork.com/shows/chopped,4,0,typed
974,975,2024-12-31,00:27:05,KitchenAid Stand Mixer - Amazon.com,https://www.amazon.com/KitchenAid-Stand-Mixer/dp/B008C23,5,0,reload
975,976,2024-12-31,00:24:24,Bon Appétit | Cacio e Pepe Recipe,https://www.bonappetit.com/recipe/cacio-e-pepe,4,0,link
976,977,2024-12-31,00:25:37,The Weather Channel - Weather.com,https://www.weather.com/,2,0,link
977,978,2024-12-31,00:21:58,"Flour, Grains & Seeds | King Arthur Baking",https://www.kingarthurbaking.com/shop/ingredients/flour,2,0,link
978,979,2024-12-31,00:14:50,Best Local Farmers Market Schedule,https://www.google.com/search?q=best+local+farmers+market,2,0,link
979,980,2024-12-31,00:15:30,Bon Appétit | Cacio e Pepe Recipe,https://www.bonappetit.com/recipe/cacio-e-pepe,4,0,link
980,981,2024-12-31,00:13:59,MICHELIN Guide New York Restaurants,https://guide.michelin.com/us/en/restaurants,2,0,link
981,982,2024-12-31,00:09:17,Gmail: Inbox,https://mail.google.com/mail/u/0/#inbox,1,0,link
982,983,2024-12-31,00:14:22,Bon Appétit | Cacio e Pepe Recipe,https://www.bonappetit.com/recipe/cacio-e-pepe,4,0,link
983,984,2024-12-31,00:03:06,Main Dish Recipes - Epicurious,https://www.epicurious.com/recipes/main-dishes,3,0,typed
984,985,2024-12-31,00:07:20,Main Dish Recipes - Epicurious,https://www.epicurious.com/recipes/main-dishes,1,0,generated
985,986,2024-12-31,00:04:23,Bon Appétit | Cacio e Pepe Recipe,https://www.bonappetit.com/recipe/cacio-e-pepe,2,0,link
986,987,2024-12-31,00:04:43,CNN Breaking News and Video,https://www.cnn.com/,5,0,link
987,988,2024-12-31,00:00:36,CNN Breaking News and Video,https://www.cnn.com/,3,0,generated
988,989,2024-12-30,23:54:48,X (Twitter): Home,https://twitter.com/home,4,0,generated
989,990,2024-12-31,00:00:09,Bon Appétit | Cacio e Pepe Recipe,https://www.bonappetit.com/recipe/cacio-e-pepe,2,0,generated
990,991,2024-12-30,23:52:50,The Food Lab's Guide to Sous Vide Steak - Serious Eats,https://www.seriouseats.com/how-to-sous-vide-steak,2,0,link
991,992,2024-12-30,23:55:37,Amazon.com: Online Shopping,https://www.amazon.com/,3,0,form_submit
992,993,2024-12-30,23:48:57,Main Dish Recipes - Epicurious,https://www.epicurious.com/recipes/main-dishes,5,0,link
993,994,2024-12-30,23:43:37,CNN Breaking News and Video,https://www.cnn.com/,3,0,link
994,995,2024-12-30,23:50:16,The Best Chocolate Chip Cookies Recipe - Allrecipes,https://www.allrecipes.com/recipe/best-chocolate-chip-cookies/,4,0,typed
995,996,2024-12-30,23:43:15,The Weather Channel - Weather.com,https://www.weather.com/,3,0,link
996,997,2024-12-30,23:39:22,CNN Breaking News and Video,https://www.cnn.com/,1,0,link
997,998,2024-12-30,23:43:50,Best Local Farmers Market Schedule,https://www.google.com/search?q=best+local+farmers+market,1,0,link
998,999,2024-12-30,23:37:14,Main Dish Recipes - Epicurious,https://www.epicurious.com/recipes/main-dishes,3,0,link
999,1000,2024-12-30,23:39:27,Gmail: Inbox,https://mail.google.com/mail/u/0/#inbox,3,0,link
1000,1001,2024-12-30,23:29:45,Best Thai Fusion Near Me - Yelp,https://www.yelp.com/search?find_desc=thai+fusion,3,0,link
1001,1002,2024-12-30,23:31:41,"Flour, Grains & Seeds | King Arthur Baking",https://www.kingarthurbaking.com/shop/ingredients/flour,3,0,link
1002,1003,2024-12-30,23:27:31,MICHELIN Guide New York Restaurants,https://guide.michelin.com/us/en/restaurants,3,0,generated
1003,1004,2024-12-30,23:24:30,Mastering Knife Skills: A Beginner's Guide,https://www.gourmetsleuth.com/articles/techniques/knife-skills,5,0,link
1004,1005,2024-12-30,23:22:41,CNN Breaking News and Video,https://www.cnn.com/,4,0,link
1005,1006,2024-12-30,23:28:31,The Food Lab's Guide to Sous Vide Steak - Serious Eats,https://www.seriouseats.com/how-to-sous-vide-steak,3,0,typed
1006,1007,2024-12-30,23:21:48,X (Twitter): Home,https://twitter.com/home,5,0,link
1007,1008,2024-12-30,23:19:22,KitchenAid Stand Mixer - Amazon.com,https://www.amazon.com/KitchenAid-Stand-Mixer/dp/B008C23,1,0,link
1008,1009,2024-12-30,23:20:45,KitchenAid Stand Mixer - Amazon.com,https://www.amazon.com/KitchenAid-Stand-Mixer/dp/B008C23,4,0,link
1009,1010,2024-12-30,23:20:03,Bon Appétit | Cacio e Pepe Recipe,https://www.bonappetit.com/recipe/cacio-e-pepe,3,0,link
1010,1011,2024-12-30,23:14:22,Gmail: Inbox,https://mail.google.com/mail/u/0/#inbox,5,0,typed
1011,1012,2024-12-30,23:14:15,The Best Chocolate Chip Cookies Recipe - Allrecipes,https://www.allrecipes.com/recipe/best-chocolate-chip-cookies/,2,0,link
1012,1013,2024-12-30,23:06:41,Best Thai Fusion Near Me - Yelp,https://www.yelp.com/search?find_desc=thai+fusion,5,0,link
1013,1014,2024-12-30,23:04:09,Best Local Farmers Market Schedule,https://www.google.com/search?q=best+local+farmers+market,1,0,generated
1014,1015,2024-12-30,23:08:20,Main Dish Recipes - Epicurious,https://www.epicurious.com/recipes/main-dishes,4,0,reload
1015,1016,2024-12-30,23:02:22,The Best Chocolate Chip Cookies Recipe - Allrecipes,https://www.allrecipes.com/recipe/best-chocolate-chip-cookies/,4,0,typed
1016,1017,2024-12-30,22:57:07,Mastering Knife Skills: A Beginner's Guide,https://www.gourmetsleuth.com/articles/techniques/knife-skills,3,0,typed
1017,1018,2024-12-30,22:57:38,The Food Lab's Guide to Sous Vide Steak - Serious Eats,https://www.seriouseats.com/how-to-sous-vide-steak,5,0,generated
1018,1019,2024-12-30,22:57:38,Chopped TV Show - Food Network,https://www.foodnetwork.com/shows/chopped,1,0,link
1019,1020,2024-12-30,22:59:23,Best Thai Fusion Near Me - Yelp,https://www.yelp.com/search?find_desc=thai+fusion,5,0,link
1020,1021,2024-12-30,22:53:07,The Food Lab's Guide to Sous Vide Steak - Serious Eats,https://www.seriouseats.com/how-to-sous-vide-steak,3,0,link
1021,1022,2024-12-30,22:54:25,MICHELIN Guide New York Restaurants,https://guide.michelin.com/us/en/restaurants,2,0,link
1022,1023,2024-12-30,22:47:09,Amazon.com: Online Shopping,https://www.amazon.com/,2,0,typed
1023,1024,2024-12-30,22:44:57,KitchenAid Stand Mixer - Amazon.com,https://www.amazon.com/KitchenAid-Stand-Mixer/dp/B008C23,3,0,link
1024,1025,2024-12-30,22:50:15,The Best Chocolate Chip Cookies Recipe - Allrecipes,https://www.allrecipes.com/recipe/best-chocolate-chip-cookies/,4,0,link
1025,1026,2024-12-30,22:43:47,Gmail: Inbox,https://mail.google.com/mail/u/0/#inbox,1,0,link
1026,1027,2024-12-30,22:42:10,The Best Chocolate Chip Cookies Recipe - Allrecipes,https://www.allrecipes.com/recipe/best-chocolate-chip-cookies/,3,0,link
1027,1028,2024-12-30,22:42:23,X (Twitter): Home,https://twitter.com/home,1,0,link
1028,1029,2024-12-30,22:42:49,KitchenAid Stand Mixer - Amazon.com,https://www.amazon.com/KitchenAid-Stand-Mixer/dp/B008C23,4,0,link
1029,1030,2024-12-30,22:35:14,CNN Breaking News and Video,https://www.cnn.com/,4,0,typed
1030,1031,2024-12-30,22:29:27,The Weather Channel - Weather.com,https://www.weather.com/,3,0,link
1031,1032,2024-12-30,22:28:12,Bon Appétit | Cacio e Pepe Recipe,https://www.bonappetit.com/recipe/cacio-e-pepe,5,0,generated
1032,1033,2024-12-30,22:27:46,Chopped TV Show - Food Network,https://www.foodnetwork.com/shows/chopped,4,0,link
1033,1034,2024-12-30,22:31:39,MICHELIN Guide New York Restaurants,https://guide.michelin.com/us/en/restaurants,4,0,link
1034,1035,2024-12-30,22:24:24,Chopped TV Show - Food Network,https://www.foodnetwork.com/shows/chopped,3,0,link
1035,1036,2024-12-30,22:27:47,Gmail: Inbox,https://mail.google.com/mail/u/0/#inbox,1,0,link
1036,1037,2024-12-30,22:25:58,Amazon.com: Online Shopping,https://www.amazon.com/,4,0,link
1037,1038,2024-12-30,22:21:23,X (Twitter): Home,https://twitter.com/home,5,0,link
1038,1039,2024-12-30,22:20:33,Best Thai Fusion Near Me - Yelp,https://www.yelp.com/search?find_desc=thai+fusion,1,0,generated
1039,1040,2024-12-30,22:16:18,Best Local Farmers Market Schedule,https://www.google.com/search?q=best+local+farmers+market,3,0,generated
1040,1041,2024-12-30,22:16:12,Bon Appétit | Cacio e Pepe Recipe,https://www.bonappetit.com/recipe/cacio-e-pepe,4,0,link
1041,1042,2024-12-30,22:12:47,"Flour, Grains & Seeds | King Arthur Baking",https://www.kingarthurbaking.com/shop/ingredients/flour,3,0,link
1042,1043,2024-12-30,22:10:53,KitchenAid Stand Mixer - Amazon.com,https://www.amazon.com/KitchenAid-Stand-Mixer/dp/B008C23,5,0,link
1043,1044,2024-12-30,22:12:20,X (Twitter): Home,https://twitter.com/home,4,0,typed
1044,1045,2024-12-30,22:05:07,Chopped TV Show - Food Network,https://www.foodnetwork.com/shows/chopped,3,0,typed
1045,1046,2024-12-30,22:07:29,Bon Appétit | Cacio e Pepe Recipe,https://www.bonappetit.com/recipe/cacio-e-pepe,2,0,link
1046,1047,2024-12-30,22:05:53,The Best Chocolate Chip Cookies Recipe - Allrecipes,https://www.allrecipes.com/recipe/best-chocolate-chip-cookies/,5,0,link
1047,1048,2024-12-30,22:00:57,Gmail: Inbox,https://mail.google.com/mail/u/0/#inbox,5,0,link
1048,1049,2024-12-30,22:02:54,Chopped TV Show - Food Network,https://www.foodnetwork.com/shows/chopped,4,0,link
1049,1050,2024-12-30,21:53:05,The Weather Channel - Weather.com,https://www.weather.com/,1,0,link
1050,1051,2024-12-30,21:51:05,Mastering Knife Skills: A Beginner's Guide,https://www.gourmetsleuth.com/articles/techniques/knife-skills,3,0,link
1051,1052,2024-12-30,21:55:44,KitchenAid Stand Mixer - Amazon.com,https://www.amazon.com/KitchenAid-Stand-Mixer/dp/B008C23,2,0,link
1052,1053,2024-12-30,21:47:50,The Food Lab's Guide to Sous Vide Steak - Serious Eats,https://www.seriouseats.com/how-to-sous-vide-steak,1,0,typed
1053,1054,2024-12-30,21:46:04,"Flour, Grains & Seeds | King Arthur Baking",https://www.kingarthurbaking.com/shop/ingredients/flour,3,0,typed
1054,1055,2024-12-30,21:43:31,Amazon.com: Online Shopping,https://www.amazon.com/,3,0,link
1055,1056,2024-12-30,21:45:56,Bon Appétit | Cacio e Pepe Recipe,https://www.bonappetit.com/recipe/cacio-e-pepe,4,0,typed
1056,1057,2024-12-30,21:43:37,Best Local Farmers Market Schedule,https://www.google.com/search?q=best+local+farmers+market,5,0,generated
1057,1058,2024-12-30,21:44:55,The Best Chocolate Chip Cookies Recipe - Allrecipes,https://www.allrecipes.com/recipe/best-chocolate-chip-cookies/,2,0,form_submit
1058,1059,2024-12-30,21:35:17,X (Twitter): Home,https://twitter.com/home,1,0,typed
1059,1060,2024-12-30,21:37:14,Mastering Knife Skills: A Beginner's Guide,https://www.gourmetsleuth.com/articles/techniques/knife-skills,4,0,generated
1060,1061,2024-12-30,21:33:03,Best Local Farmers Market Schedule,https://www.google.com/search?q=best+local+farmers+market,4,0,link
1061,1062,2024-12-30,21:36:52,Main Dish Recipes - Epicurious,https://www.epicurious.com/recipes/main-dishes,1,0,typed
1062,1063,2024-12-30,21:26:00,Amazon.com: Online Shopping,https://www.amazon.com/,4,0,generated
1063,1064,2024-12-30,21:29:32,MICHELIN Guide New York Restaurants,https://guide.michelin.com/us/en/restaurants,4,0,link
1064,1065,2024-12-30,21:29:01,Mastering Knife Skills: A Beginner's Guide,https://www.gourmetsleuth.com/articles/techniques/knife-skills,5,0,link
1065,1066,2024-12-30,21:25:24,Main Dish Recipes - Epicurious,https://www.epicurious.com/recipes/main-dishes,2,0,link
1066,1067,2024-12-30,21:25:04,Gmail: Inbox,https://mail.google.com/mail/u/0/#inbox,2,0,typed
1067,1068,2024-12-30,21:23:27,X (Twitter): Home,https://twitter.com/home,1,0,link
1068,1069,2024-12-30,21:17:34,The Weather Channel - Weather.com,https://www.weather.com/,3,0,link
1069,1070,2024-12-30,21:13:21,Chopped TV Show - Food Network,https://www.foodnetwork.com/shows/chopped,4,0,reload
1070,1071,2024-12-30,21:11:15,Best Thai Fusion Near Me - Yelp,https://www.yelp.com/search?find_desc=thai+fusion,1,0,link
1071,1072,2024-12-30,21:10:46,Best Thai Fusion Near Me - Yelp,https://www.yelp.com/search?find_desc=thai+fusion,5,0,link
1072,1073,2024-12-30,21:12:07,Best Local Farmers Market Schedule,https://www.google.com/search?q=best+local+farmers+market,5,0,link
1073,1074,2024-12-30,21:05:12,"Flour, Grains & Seeds | King Arthur Baking",https://www.kingarthurbaking.com/shop/ingredients/flour,4,0,reload
1074,1075,2024-12-30,21:01:54,Main Dish Recipes - Epicurious,https://www.epicurious.com/recipes/main-dishes,2,0,link
1075,1076,2024-12-30,21:00:41,The Best Chocolate Chip Cookies Recipe - Allrecipes,https://www.allrecipes.com/recipe/best-chocolate-chip-cookies/,4,0,link
1076,1077,2024-12-30,20:59:52,X (Twitter): Home,https://twitter.com/home,4,0,link
1077,1078,2024-12-30,20:57:37,MICHELIN Guide New York Restaurants,https://guide.michelin.com/us/en/restaurants,3,0,link
1078,1079,2024-12-30,20:58:10,Main Dish Recipes - Epicurious,https://www.epicurious.com/recipes/main-dishes,5,0,typed
1079,1080,2024-12-30,20:53:52,The Best Chocolate Chip Cookies Recipe - Allrecipes,https://www.allrecipes.com/recipe/best-chocolate-chip-cookies/,2,0,link
1080,1081,2024-12-30,20:55:26,CNN Breaking News and Video,https://www.cnn.com/,3,0,typed
1081,1082,2024-12-30,20:52:44,Bon Appétit | Cacio e Pepe Recipe,https://www.bonappetit.com/recipe/cacio-e-pepe,3,0,link
1082,1083,2024-12-30,20:46:23,KitchenAid Stand Mixer - Amazon.com,https://www.amazon.com/KitchenAid-Stand-Mixer/dp/B008C23,5,0,link
1083,1084,2024-12-30,20:48:27,The Weather Channel - Weather.com,https://www.weather.com/,3,0,link
1084,1085,2024-12-30,20:47:21,Bon Appétit | Cacio e Pepe Recipe,https://www.bonappetit.com/recipe/cacio-e-pepe,4,0,link
1085,1086,2024-12-30,20:48:14,Best Local Farmers Market Schedule,https://www.google.com/search?q=best+local+farmers+market,3,0,link
1086,1087,2024-12-30,20:43:42,Mastering Knife Skills: A Beginner's Guide,https://www.gourmetsleuth.com/articles/techniques/knife-skills,3,0,link
1087,1088,2024-12-30,20:40:01,The Best Chocolate Chip Cookies Recipe - Allrecipes,https://www.allrecipes.com/recipe/best-chocolate-chip-cookies/,4,0,link
1088,1089,2024-12-30,20:41:28,MICHELIN Guide New York Restaurants,https://guide.michelin.com/us/en/restaurants,2,0,link
1089,1090,2024-12-30,20:33:12,Gmail: Inbox,https://mail.google.com/mail/u/0/#inbox,4,0,link
1090,1091,2024-12-30,20:32:16,The Weather Channel - Weather.com,https://www.weather.com/,1,0,form_submit
1091,1092,2024-12-30,20:28:12,The Food Lab's Guide to Sous Vide Steak - Serious Eats,https://www.seriouseats.com/how-to-sous-vide-steak,4,0,link
1092,1093,2024-12-30,20:31:53,CNN Breaking News and Video,https://www.cnn.com/,3,0,link
1093,1094,2024-12-30,20:28:15,Gmail: Inbox,https://mail.google.com/mail/u/0/#inbox,5,0,link
1094,1095,2024-12-30,20:26:18,MICHELIN Guide New York Restaurants,https://guide.michelin.com/us/en/restaurants,2,0,link
1095,1096,2024-12-30,20:23:53,Gmail: Inbox,https://mail.google.com/mail/u/0/#inbox,3,0,form_submit
1096,1097,2024-12-30,20:20:28,Chopped TV Show - Food Network,https://www.foodnetwork.com/shows/chopped,5,0,link
1097,1098,2024-12-30,20:15:26,The Food Lab's Guide to Sous Vide Steak - Serious Eats,https://www.seriouseats.com/how-to-sous-vide-steak,5,0,typed
1098,1099,2024-12-30,20:16:31,Amazon.com: Online Shopping,https://www.amazon.com/,5,0,link
1099,1100,2024-12-30,20:19:59,Amazon.com: Online Shopping,https://www.amazon.com/,2,0,reload
1100,1101,2024-12-30,20:11:03,CNN Breaking News and Video,https://www.cnn.com/,4,0,link
1101,1102,2024-12-30,20:16:03,"Flour, Grains & Seeds | King Arthur Baking",https://www.kingarthurbaking.com/shop/ingredients/flour,4,0,link
1102,1103,2024-12-30,20:05:21,Gmail: Inbox,https://mail.google.com/mail/u/0/#inbox,2,0,typed
1103,1104,2024-12-30,20:09:09,The Weather Channel - Weather.com,https://www.weather.com/,1,0,link
1104,1105,2024-12-30,20:04:57,Bon Appétit | Cacio e Pepe Recipe,https://www.bonappetit.com/recipe/cacio-e-pepe,2,0,typed
1105,1106,2024-12-30,20:03:50,The Best Chocolate Chip Cookies Recipe - Allrecipes,https://www.allrecipes.com/recipe/best-chocolate-chip-cookies/,2,0,generated
1106,1107,2024-12-30,20:03:29,Main Dish Recipes - Epicurious,https://www.epicurious.com/recipes/main-dishes,5,0,link
1107,1108,2024-12-30,19:59:27,Mastering Knife Skills: A Beginner's Guide,https://www.gourmetsleuth.com/articles/techniques/knife-skills,5,0,link
1108,1109,2024-12-30,19:56:08,Gmail: Inbox,https://mail.google.com/mail/u/0/#inbox,5,0,link
1109,1110,2024-12-30,19:59:39,The Best Chocolate Chip Cookies Recipe - Allrecipes,https://www.allrecipes.com/recipe/best-chocolate-chip-cookies/,4,0,link
1110,1111,2024-12-30,19:51:05,CNN Breaking News and Video,https://www.cnn.com/,1,0,link
1111,1112,2024-12-30,19:56:52,X (Twitter): Home,https://twitter.com/home,5,0,link
1112,1113,2024-12-30,19:53:13,MICHELIN Guide New York Restaurants,https://guide.michelin.com/us/en/restaurants,5,0,link
1113,1114,2024-12-30,19:48:34,X (Twitter): Home,https://twitter.com/home,3,0,link
1114,1115,2024-12-30,19:43:52,X (Twitter): Home,https://twitter.com/home,3,0,link
1115,1116,2024-12-30,19:40:42,The Weather Channel - Weather.com,https://www.weather.com/,3,0,link
1116,1117,2024-12-30,19:44:27,Best Thai Fusion Near Me - Yelp,https://www.yelp.com/search?find_desc=thai+fusion,5,0,reload
1117,1118,2024-12-30,19:37:09,Amazon.com: Online Shopping,https://www.amazon.com/,4,0,link
1118,1119,2024-12-30,19:34:13,Mastering Knife Skills: A Beginner's Guide,https://www.gourmetsleuth.com/articles/techniques/knife-skills,4,0,typed
1119,1120,2024-12-30,19:39:36,Main Dish Recipes - Epicurious,https://www.epicurious.com/recipes/main-dishes,3,0,generated
1120,1121,2024-12-30,19:38:40,Best Thai Fusion Near Me - Yelp,https://www.yelp.com/search?find_desc=thai+fusion,1,0,link
1121,1122,2024-12-30,19:28:55,The Best Chocolate Chip Cookies Recipe - Allrecipes,https://www.allrecipes.com/recipe/best-chocolate-chip-cookies/,1,0,link
1122,1123,2024-12-30,19:34:58,KitchenAid Stand Mixer - Amazon.com,https://www.amazon.com/KitchenAid-Stand-Mixer/dp/B008C23,4,0,generated
1123,1124,2024-12-30,19:27:18,"Flour, Grains & Seeds | King Arthur Baking",https://www.kingarthurbaking.com/shop/ingredients/flour,2,0,link
1124,1125,2024-12-30,19:29:02,CNN Breaking News and Video,https://www.cnn.com/,2,0,typed
1125,1126,2024-12-30,19:20:31,Best Local Farmers Market Schedule,https://www.google.com/search?q=best+local+farmers+market,1,0,link
1126,1127,2024-12-30,19:24:08,"Flour, Grains & Seeds | King Arthur Baking",https://www.kingarthurbaking.com/shop/ingredients/flour,3,0,link
1127,1128,2024-12-30,19:24:49,Chopped TV Show - Food Network,https://www.foodnetwork.com/shows/chopped,3,0,link
1128,1129,2024-12-30,19:15:41,Best Thai Fusion Near Me - Yelp,https://www.yelp.com/search?find_desc=thai+fusion,4,0,link
1129,1130,2024-12-30,19:11:41,X (Twitter): Home,https://twitter.com/home,4,0,link
1130,1131,2024-12-30,19:09:49,Main Dish Recipes - Epicurious,https://www.epicurious.com/recipes/main-dishes,3,0,link
1131,1132,2024-12-30,19:08:38,Chopped TV Show - Food Network,https://www.foodnetwork.com/shows/chopped,2,0,link
1132,1133,2024-12-30,19:14:43,CNN Breaking News and Video,https://www.cnn.com/,1,0,form_submit
1133,1134,2024-12-30,19:12:27,Amazon.com: Online Shopping,https://www.amazon.com/,4,0,link
1134,1135,2024-12-30,19:06:30,MICHELIN Guide New York Restaurants,https://guide.michelin.com/us/en/restaurants,4,0,generated
1135,1136,2024-12-30,19:05:01,Chopped TV Show - Food Network,https://www.foodnetwork.com/shows/chopped,2,0,link
1136,1137,2024-12-30,19:01:23,Main Dish Recipes - Epicurious,https://www.epicurious.com/recipes/main-dishes,2,0,link
1137,1138,2024-12-30,19:01:52,Bon Appétit | Cacio e Pepe Recipe,https://www.bonappetit.com/recipe/cacio-e-pepe,5,0,link
1138,1139,2024-12-30,18:58:26,The Best Chocolate Chip Cookies Recipe - Allrecipes,https://www.allrecipes.com/recipe/best-chocolate-chip-cookies/,4,0,link
1139,1140,2024-12-30,18:56:45,Gmail: Inbox,https://mail.google.com/mail/u/0/#inbox,2,0,link
1140,1141,2024-12-30,18:56:20,Best Thai Fusion Near Me - Yelp,https://www.yelp.com/search?find_desc=thai+fusion,2,0,link
1141,1142,2024-12-30,18:55:57,Mastering Knife Skills: A Beginner's Guide,https://www.gourmetsleuth.com/articles/techniques/knife-skills,3,0,link
1142,1143,2024-12-30,18:49:56,CNN Breaking News and Video,https://www.cnn.com/,2,0,generated
1143,1144,2024-12-30,18:50:13,CNN Breaking News and Video,https://www.cnn.com/,2,0,typed
1144,1145,2024-12-30,18:44:48,Amazon.com: Online Shopping,https://www.amazon.com/,1,0,typed
1145,1146,2024-12-30,18:41:26,Chopped TV Show - Food Network,https://www.foodnetwork.com/shows/chopped,4,0,link
1146,1147,2024-12-30,18:42:35,Mastering Knife Skills: A Beginner's Guide,https://www.gourmetsleuth.com/articles/techniques/knife-skills,1,0,typed
1147,1148,2024-12-30,18:44:16,"Flour, Grains & Seeds | King Arthur Baking",https://www.kingarthurbaking.com/shop/ingredients/flour,2,0,link
1148,1149,2024-12-30,18:34:05,"Flour, Grains & Seeds | King Arthur Baking",https://www.kingarthurbaking.com/shop/ingredients/flour,2,0,link
1149,1150,2024-12-30,18:34:39,X (Twitter): Home,https://twitter.com/home,2,0,link
1150,1151,2024-12-30,18:34:39,The Weather Channel - Weather.com,https://www.weather.com/,4,0,link
1151,1152,2024-12-30,18:34:09,KitchenAid Stand Mixer - Amazon.com,https://www.amazon.com/KitchenAid-Stand-Mixer/dp/B008C23,4,0,link
1152,1153,2024-12-30,18:31:16,X (Twitter): Home,https://twitter.com/home,4,0,link
1153,1154,2024-12-30,18:28:04,The Food Lab's Guide to Sous Vide Steak - Serious Eats,https://www.seriouseats.com/how-to-sous-vide-steak,2,0,link
1154,1155,2024-12-30,18:27:06,The Food Lab's Guide to Sous Vide Steak - Serious Eats,https://www.seriouseats.com/how-to-sous-vide-steak,4,0,link
1155,1156,2024-12-30,18:19:04,The Best Chocolate Chip Cookies Recipe - Allrecipes,https://www.allrecipes.com/recipe/best-chocolate-chip-cookies/,3,0,link
1156,1157,2024-12-30,18:23:10,Gmail: Inbox,https://mail.google.com/mail/u/0/#inbox,5,0,link
1157,1158,2024-12-30,18:24:05,Mastering Knife Skills: A Beginner's Guide,https://www.gourmetsleuth.com/articles/techniques/knife-skills,1,0,link
1158,1159,2024-12-30,18:13:48,Best Thai Fusion Near Me - Yelp,https://www.yelp.com/search?find_desc=thai+fusion,1,0,link
1159,1160,2024-12-30,18:17:46,The Weather Channel - Weather.com,https://www.weather.com/,3,0,link
1160,1161,2024-12-30,18:14:52,Chopped TV Show - Food Network,https://www.foodnetwork.com/shows/chopped,1,0,link
1161,1162,2024-12-30,18:08:09,KitchenAid Stand Mixer - Amazon.com,https://www.amazon.com/KitchenAid-Stand-Mixer/dp/B008C23,4,0,form_submit
1162,1163,2024-12-30,18:10:43,Mastering Knife Skills: A Beginner's Guide,https://www.gourmetsleuth.com/articles/techniques/knife-skills,5,0,generated
1163,1164,2024-12-30,18:12:11,The Food Lab's Guide to Sous Vide Steak - Serious Eats,https://www.seriouseats.com/how-to-sous-vide-steak,3,0,typed
1164,1165,2024-12-30,18:10:57,KitchenAid Stand Mixer - Amazon.com,https://www.amazon.com/KitchenAid-Stand-Mixer/dp/B008C23,4,0,generated
1165,1166,2024-12-30,17:59:48,The Food Lab's Guide to Sous Vide Steak - Serious Eats,https://www.seriouseats.com/how-to-sous-vide-steak,2,0,link
1166,1167,2024-12-30,18:04:37,CNN Breaking News and Video,https://www.cnn.com/,5,0,link
1167,1168,2024-12-30,18:00:13,Chopped TV Show - Food Network,https://www.foodnetwork.com/shows/chopped,4,0,link
1168,1169,2024-12-30,17:58:23,Chopped TV Show - Food Network,https://www.foodnetwork.com/shows/chopped,5,0,link
1169,1170,2024-12-30,17:54:07,Gmail: Inbox,https://mail.google.com/mail/u/0/#inbox,5,0,link
1170,1171,2024-12-30,17:50:17,The Weather Channel - Weather.com,https://www.weather.com/,5,0,generated
1171,1172,2024-12-30,17:47:37,X (Twitter): Home,https://twitter.com/home,4,0,generated
1172,1173,2024-12-30,17:50:59,Gmail: Inbox,https://mail.google.com/mail/u/0/#inbox,4,0,generated
1173,1174,2024-12-30,17:51:58,Best Thai Fusion Near Me - Yelp,https://www.yelp.com/search?find_desc=thai+fusion,4,0,link
1174,1175,2024-12-30,17:50:08,Amazon.com: Online Shopping,https://www.amazon.com/,2,0,form_submit
1175,1176,2024-12-30,17:48:03,The Food Lab's Guide to Sous Vide Steak - Serious Eats,https://www.seriouseats.com/how-to-sous-vide-steak,5,0,typed
1176,1177,2024-12-30,17:46:40,CNN Breaking News and Video,https://www.cnn.com/,5,0,link
1177,1178,2024-12-30,17:40:02,MICHELIN Guide New York Restaurants,https://guide.michelin.com/us/en/restaurants,1,0,link
1178,1179,2024-12-30,17:37:57,Mastering Knife Skills: A Beginner's Guide,https://www.gourmetsleuth.com/articles/techniques/knife-skills,5,0,typed
1179,1180,2024-12-30,17:31:20,CNN Breaking News and Video,https://www.cnn.com/,3,0,link
1180,1181,2024-12-30,17:38:32,MICHELIN Guide New York Restaurants,https://guide.michelin.com/us/en/restaurants,2,0,link
1181,1182,2024-12-30,17:32:43,X (Twitter): Home,https://twitter.com/home,4,0,link
1182,1183,2024-12-30,17:31:19,The Best Chocolate Chip Cookies Recipe - Allrecipes,https://www.allrecipes.com/recipe/best-chocolate-chip-cookies/,1,0,link
1183,1184,2024-12-30,17:32:48,Best Local Farmers Market Schedule,https://www.google.com/search?q=best+local+farmers+market,2,0,typed
1184,1185,2024-12-30,17:27:49,Mastering Knife Skills: A Beginner's Guide,https://www.gourmetsleuth.com/articles/techniques/knife-skills,4,0,generated
1185,1186,2024-12-30,17:21:52,Best Local Farmers Market Schedule,https://www.google.com/search?q=best+local+farmers+market,3,0,typed
1186,1187,2024-12-30,17:25:28,KitchenAid Stand Mixer - Amazon.com,https://www.amazon.com/KitchenAid-Stand-Mixer/dp/B008C23,4,0,link
1187,1188,2024-12-30,17:16:25,Amazon.com: Online Shopping,https://www.amazon.com/,5,0,link
1188,1189,2024-12-30,17:19:21,The Weather Channel - Weather.com,https://www.weather.com/,5,0,link
1189,1190,2024-12-30,17:18:05,Mastering Knife Skills: A Beginner's Guide,https://www.gourmetsleuth.com/articles/techniques/knife-skills,4,0,link
1190,1191,2024-12-30,17:11:17,Chopped TV Show - Food Network,https://www.foodnetwork.com/shows/chopped,3,0,typed
1191,1192,2024-12-30,17:08:11,Best Thai Fusion Near Me - Yelp,https://www.yelp.com/search?find_desc=thai+fusion,4,0,generated
1192,1193,2024-12-30,17:05:23,MICHELIN Guide New York Restaurants,https://guide.michelin.com/us/en/restaurants,5,0,link
1193,1194,2024-12-30,17:08:19,The Best Chocolate Chip Cookies Recipe - Allrecipes,https://www.allrecipes.com/recipe/best-chocolate-chip-cookies/,1,0,link
1194,1195,2024-12-30,17:08:02,Amazon.com: Online Shopping,https://www.amazon.com/,2,0,typed
1195,1196,2024-12-30,17:08:42,The Weather Channel - Weather.com,https://www.weather.com/,5,0,link
1196,1197,2024-12-30,17:00:12,"Flour, Grains & Seeds | King Arthur Baking",https://www.kingarthurbaking.com/shop/ingredients/flour,4,0,generated
1197,1198,2024-12-30,16:59:05,Best Local Farmers Market Schedule,https://www.google.com/search?q=best+local+farmers+market,5,0,link
1198,1199,2024-12-30,16:56:48,Amazon.com: Online Shopping,https://www.amazon.com/,1,0,link
1199,1200,2024-12-30,17:00:57,Main Dish Recipes - Epicurious,https://www.epicurious.com/recipes/main-dishes,4,0,typed
1200,1201,2024-12-30,16:54:26,The Best Chocolate Chip Cookies Recipe - Allrecipes,https://www.allrecipes.com/recipe/best-chocolate-chip-cookies/,2,0,generated
1201,1202,2024-12-30,16:53:21,MICHELIN Guide New York Restaurants,https://guide.michelin.com/us/en/restaurants,5,0,link
1202,1203,2024-12-30,16:47:16,CNN Breaking News and Video,https://www.cnn.com/,2,0,link
1203,1204,2024-12-30,16:51:41,Bon Appétit | Cacio e Pepe Recipe,https://www.bonappetit.com/recipe/cacio-e-pepe,1,0,typed
1204,1205,2024-12-30,16:46:05,Main Dish Recipes - Epicurious,https://www.epicurious.com/recipes/main-dishes,4,0,link
1205,1206,2024-12-30,16:47:30,Amazon.com: Online Shopping,https://www.amazon.com/,5,0,typed
1206,1207,2024-12-30,16:38:01,Gmail: Inbox,https://mail.google.com/mail/u/0/#inbox,1,0,link
1207,1208,2024-12-30,16:36:08,The Weather Channel - Weather.com,https://www.weather.com/,3,0,link
1208,1209,2024-12-30,16:42:44,KitchenAid Stand Mixer - Amazon.com,https://www.amazon.com/KitchenAid-Stand-Mixer/dp/B008C23,5,0,link
1209,1210,2024-12-30,16:34:08,The Weather Channel - Weather.com,https://www.weather.com/,2,0,link
1210,1211,2024-12-30,16:33:53,X (Twitter): Home,https://twitter.com/home,2,0,form_submit
1211,1212,2024-12-30,16:35:16,Main Dish Recipes - Epicurious,https://www.epicurious.com/recipes/main-dishes,3,0,link
1212,1213,2024-12-30,16:28:44,Best Thai Fusion Near Me - Yelp,https://www.yelp.com/search?find_desc=thai+fusion,2,0,link
1213,1214,2024-12-30,16:27:20,The Weather Channel - Weather.com,https://www.weather.com/,1,0,typed
1214,1215,2024-12-30,16:21:01,Gmail: Inbox,https://mail.google.com/mail/u/0/#inbox,1,0,link
1215,1216,2024-12-30,16:27:38,KitchenAid Stand Mixer - Amazon.com,https://www.amazon.com/KitchenAid-Stand-Mixer/dp/B008C23,4,0,link
1216,1217,2024-12-30,16:17:17,CNN Breaking News and Video,https://www.cnn.com/,5,0,reload
1217,1218,2024-12-30,16:21:20,Chopped TV Show - Food Network,https://www.foodnetwork.com/shows/chopped,2,0,link
1218,1219,2024-12-30,16:15:23,KitchenAid Stand Mixer - Amazon.com,https://www.amazon.com/KitchenAid-Stand-Mixer/dp/B008C23,5,0,reload
1219,1220,2024-12-30,16:20:15,Mastering Knife Skills: A Beginner's Guide,https://www.gourmetsleuth.com/articles/techniques/knife-skills,3,0,typed
1220,1221,2024-12-30,16:10:55,The Weather Channel - Weather.com,https://www.weather.com/,1,0,link
1221,1222,2024-12-30,16:11:43,The Food Lab's Guide to Sous Vide Steak - Serious Eats,https://www.seriouseats.com/how-to-sous-vide-steak,4,0,link
1222,1223,2024-12-30,16:09:21,Main Dish Recipes - Epicurious,https://www.epicurious.com/recipes/main-dishes,2,0,link
1223,1224,2024-12-30,16:12:27,Main Dish Recipes - Epicurious,https://www.epicurious.com/recipes/main-dishes,2,0,link
1224,1225,2024-12-30,16:04:22,CNN Breaking News and Video,https://www.cnn.com/,1,0,typed
1225,1226,2024-12-30,16:03:55,Best Local Farmers Market Schedule,https://www.google.com/search?q=best+local+farmers+market,3,0,generated
1226,1227,2024-12-30,16:04:33,Best Local Farmers Market Schedule,https://www.google.com/search?q=best+local+farmers+market,5,0,typed
1227,1228,2024-12-30,16:00:56,Best Thai Fusion Near Me - Yelp,https://www.yelp.com/search?find_desc=thai+fusion,4,0,link
1228,1229,2024-12-30,16:01:27,The Weather Channel - Weather.com,https://www.weather.com/,3,0,typed
1229,1230,2024-12-30,15:54:45,The Food Lab's Guide to Sous Vide Steak - Serious Eats,https://www.seriouseats.com/how-to-sous-vide-steak,1,0,link
1230,1231,2024-12-30,15:54:34,"Flour, Grains & Seeds | King Arthur Baking",https://www.kingarthurbaking.com/shop/ingredients/flour,2,0,link
1231,1232,2024-12-30,15:51:47,Mastering Knife Skills: A Beginner's Guide,https://www.gourmetsleuth.com/articles/techniques/knife-skills,1,0,link
1232,1233,2024-12-30,15:48:36,The Food Lab's Guide to Sous Vide Steak - Serious Eats,https://www.seriouseats.com/how-to-sous-vide-steak,2,0,link
1233,1234,2024-12-30,15:44:17,CNN Breaking News and Video,https://www.cnn.com/,3,0,link
1234,1235,2024-12-30,15:48:51,X (Twitter): Home,https://twitter.com/home,2,0,link
1235,1236,2024-12-30,15:46:49,"Flour, Grains & Seeds | King Arthur Baking",https://www.kingarthurbaking.com/shop/ingredients/flour,1,0,link
1236,1237,2024-12-30,15:44:51,The Weather Channel - Weather.com,https://www.weather.com/,1,0,typed
1237,1238,2024-12-30,15:36:43,The Food Lab's Guide to Sous Vide Steak - Serious Eats,https://www.seriouseats.com/how-to-sous-vide-steak,2,0,typed
1238,1239,2024-12-30,15:41:19,Main Dish Recipes - Epicurious,https://www.epicurious.com/recipes/main-dishes,5,0,link
1239,1240,2024-12-30,15:35:13,Main Dish Recipes - Epicurious,https://www.epicurious.com/recipes/main-dishes,1,0,link
1240,1241,2024-12-30,15:36:33,MICHELIN Guide New York Restaurants,https://guide.michelin.com/us/en/restaurants,1,0,link
1241,1242,2024-12-30,15:35:26,X (Twitter): Home,https://twitter.com/home,1,0,link
1242,1243,2024-12-30,15:26:38,Amazon.com: Online Shopping,https://www.amazon.com/,5,0,typed
1243,1244,2024-12-30,15:32:45,Best Local Farmers Market Schedule,https://www.google.com/search?q=best+local+farmers+market,1,0,link
1244,1245,2024-12-30,15:26:04,Gmail: Inbox,https://mail.google.com/mail/u/0/#inbox,4,0,generated
1245,1246,2024-12-30,15:22:45,KitchenAid Stand Mixer - Amazon.com,https://www.amazon.com/KitchenAid-Stand-Mixer/dp/B008C23,2,0,link
1246,1247,2024-12-30,15:26:26,MICHELIN Guide New York Restaurants,https://guide.michelin.com/us/en/restaurants,2,0,reload
1247,1248,2024-12-30,15:17:27,Chopped TV Show - Food Network,https://www.foodnetwork.com/shows/chopped,4,0,link
1248,1249,2024-12-30,15:19:54,Chopped TV Show - Food Network,https://www.foodnetwork.com/shows/chopped,5,0,link
1249,1250,2024-12-30,15:16:25,"Flour, Grains & Seeds | King Arthur Baking",https://www.kingarthurbaking.com/shop/ingredients/flour,5,0,link
1250,1251,2024-12-30,15:16:02,The Food Lab's Guide to Sous Vide Steak - Serious Eats,https://www.seriouseats.com/how-to-sous-vide-steak,4,0,link
1251,1252,2024-12-30,15:09:32,Amazon.com: Online Shopping,https://www.amazon.com/,3,0,link
1252,1253,2024-12-30,15:06:16,Best Thai Fusion Near Me - Yelp,https://www.yelp.com/search?find_desc=thai+fusion,2,0,generated
1253,1254,2024-12-30,15:06:09,Main Dish Recipes - Epicurious,https://www.epicurious.com/recipes/main-dishes,2,0,link
1254,1255,2024-12-30,15:06:08,"Flour, Grains & Seeds | King Arthur Baking",https://www.kingarthurbaking.com/shop/ingredients/flour,5,0,link
1255,1256,2024-12-30,15:05:09,Amazon.com: Online Shopping,https://www.amazon.com/,4,0,generated
1256,1257,2024-12-30,15:04:15,CNN Breaking News and Video,https://www.cnn.com/,1,0,link
1257,1258,2024-12-30,14:55:43,The Best Chocolate Chip Cookies Recipe - Allrecipes,https://www.allrecipes.com/recipe/best-chocolate-chip-cookies/,2,0,typed
1258,1259,2024-12-30,14:56:40,KitchenAid Stand Mixer - Amazon.com,https://www.amazon.com/KitchenAid-Stand-Mixer/dp/B008C23,1,0,generated
1259,1260,2024-12-30,14:56:43,KitchenAid Stand Mixer - Amazon.com,https://www.amazon.com/KitchenAid-Stand-Mixer/dp/B008C23,3,0,typed
1260,1261,2024-12-30,14:53:19,Best Thai Fusion Near Me - Yelp,https://www.yelp.com/search?find_desc=thai+fusion,2,0,link
1261,1262,2024-12-30,14:51:09,Best Local Farmers Market Schedule,https://www.google.com/search?q=best+local+farmers+market,5,0,link
1262,1263,2024-12-30,14:53:59,The Weather Channel - Weather.com,https://www.weather.com/,4,0,link
1263,1264,2024-12-30,14:49:50,Best Thai Fusion Near Me - Yelp,https://www.yelp.com/search?find_desc=thai+fusion,5,0,link
1264,1265,2024-12-30,14:43:13,MICHELIN Guide New York Restaurants,https://guide.michelin.com/us/en/restaurants,4,0,typed
1265,1266,2024-12-30,14:39:58,Main Dish Recipes - Epicurious,https://www.epicurious.com/recipes/main-dishes,3,0,link
1266,1267,2024-12-30,14:37:43,Mastering Knife Skills: A Beginner's Guide,https://www.gourmetsleuth.com/articles/techniques/knife-skills,2,0,link
1267,1268,2024-12-30,14:35:37,MICHELIN Guide New York Restaurants,https://guide.michelin.com/us/en/restaurants,5,0,link
1268,1269,2024-12-30,14:36:06,Best Local Farmers Market Schedule,https://www.google.com/search?q=best+local+farmers+market,5,0,link
1269,1270,2024-12-30,14:39:36,CNN Breaking News and Video,https://www.cnn.com/,3,0,generated
1270,1271,2024-12-30,14:31:37,Best Local Farmers Market Schedule,https://www.google.com/search?q=best+local+farmers+market,4,0,link
1271,1272,2024-12-30,14:30:20,Best Local Farmers Market Schedule,https://www.google.com/search?q=best+local+farmers+market,1,0,link
1272,1273,2024-12-30,14:30:01,X (Twitter): Home,https://twitter.com/home,1,0,link
1273,1274,2024-12-30,14:30:14,Main Dish Recipes - Epicurious,https://www.epicurious.com/recipes/main-dishes,5,0,link
1274,1275,2024-12-30,14:30:41,CNN Breaking News and Video,https://www.cnn.com/,2,0,link
1275,1276,2024-12-30,14:23:23,CNN Breaking News and Video,https://www.cnn.com/,2,0,typed
1276,1277,2024-12-30,14:25:38,Bon Appétit | Cacio e Pepe Recipe,https://www.bonappetit.com/recipe/cacio-e-pepe,2,0,link
1277,1278,2024-12-30,14:19:16,KitchenAid Stand Mixer - Amazon.com,https://www.amazon.com/KitchenAid-Stand-Mixer/dp/B008C23,1,0,link
1278,1279,2024-12-30,14:20:22,Bon Appétit | Cacio e Pepe Recipe,https://www.bonappetit.com/recipe/cacio-e-pepe,2,0,typed
1279,1280,2024-12-30,14:18:52,Chopped TV Show - Food Network,https://www.foodnetwork.com/shows/chopped,5,0,typed
1280,1281,2024-12-30,14:10:22,Gmail: Inbox,https://mail.google.com/mail/u/0/#inbox,1,0,link
1281,1282,2024-12-30,14:15:26,Main Dish Recipes - Epicurious,https://www.epicurious.com/recipes/main-dishes,5,0,link
1282,1283,2024-12-30,14:10:15,Amazon.com: Online Shopping,https://www.amazon.com/,3,0,link
1283,1284,2024-12-30,14:10:34,Amazon.com: Online Shopping,https://www.amazon.com/,3,0,link
1284,1285,2024-12-30,14:09:02,The Weather Channel - Weather.com,https://www.weather.com/,5,0,typed
1285,1286,2024-12-30,14:03:06,KitchenAid Stand Mixer - Amazon.com,https://www.amazon.com/KitchenAid-Stand-Mixer/dp/B008C23,4,0,typed
1286,1287,2024-12-30,14:03:48,Best Thai Fusion Near Me - Yelp,https://www.yelp.com/search?find_desc=thai+fusion,2,0,link
1287,1288,2024-12-30,13:59:04,CNN Breaking News and Video,https://www.cnn.com/,1,0,link
1288,1289,2024-12-30,13:58:21,Best Local Farmers Market Schedule,https://www.google.com/search?q=best+local+farmers+market,4,0,link
1289,1290,2024-12-30,13:52:05,Gmail: Inbox,https://mail.google.com/mail/u/0/#inbox,5,0,typed
1290,1291,2024-12-30,13:52:39,Bon Appétit | Cacio e Pepe Recipe,https://www.bonappetit.com/recipe/cacio-e-pepe,3,0,generated
1291,1292,2024-12-30,13:54:31,The Food Lab's Guide to Sous Vide Steak - Serious Eats,https://www.seriouseats.com/how-to-sous-vide-steak,4,0,generated
1292,1293,2024-12-30,13:50:00,Bon Appétit | Cacio e Pepe Recipe,https://www.bonappetit.com/recipe/cacio-e-pepe,4,0,link
1293,1294,2024-12-30,13:50:18,"Flour, Grains & Seeds | King Arthur Baking",https://www.kingarthurbaking.com/shop/ingredients/flour,1,0,link
1294,1295,2024-12-30,13:44:56,"Flour, Grains & Seeds | King Arthur Baking",https://www.kingarthurbaking.com/shop/ingredients/flour,5,0,link
1295,1296,2024-12-30,13:46:46,MICHELIN Guide New York Restaurants,https://guide.michelin.com/us/en/restaurants,4,0,typed
1296,1297,2024-12-30,13:37:18,Gmail: Inbox,https://mail.google.com/mail/u/0/#inbox,5,0,link
1297,1298,2024-12-30,13:42:53,Gmail: Inbox,https://mail.google.com/mail/u/0/#inbox,3,0,generated
1298,1299,2024-12-30,13:37:30,Amazon.com: Online Shopping,https://www.amazon.com/,2,0,link
1299,1300,2024-12-30,13:40:06,Main Dish Recipes - Epicurious,https://www.epicurious.com/recipes/main-dishes,5,0,link
1300,1301,2024-12-30,13:31:03,Best Thai Fusion Near Me - Yelp,https://www.yelp.com/search?find_desc=thai+fusion,4,0,typed
1301,1302,2024-12-30,13:27:08,Amazon.com: Online Shopping,https://www.amazon.com/,1,0,generated
1302,1303,2024-12-30,13:28:18,CNN Breaking News and Video,https://www.cnn.com/,5,0,generated
1303,1304,2024-12-30,13:29:04,KitchenAid Stand Mixer - Amazon.com,https://www.amazon.com/KitchenAid-Stand-Mixer/dp/B008C23,3,0,link
1304,1305,2024-12-30,13:30:41,KitchenAid Stand Mixer - Amazon.com,https://www.amazon.com/KitchenAid-Stand-Mixer/dp/B008C23,5,0,reload
1305,1306,2024-12-30,13:20:36,Mastering Knife Skills: A Beginner's Guide,https://www.gourmetsleuth.com/articles/techniques/knife-skills,5,0,link
1306,1307,2024-12-30,13:24:46,Amazon.com: Online Shopping,https://www.amazon.com/,2,0,link
1307,1308,2024-12-30,13:20:42,Best Thai Fusion Near Me - Yelp,https://www.yelp.com/search?find_desc=thai+fusion,5,0,link
1308,1309,2024-12-30,13:22:37,Gmail: Inbox,https://mail.google.com/mail/u/0/#inbox,5,0,generated
1309,1310,2024-12-30,13:18:54,KitchenAid Stand Mixer - Amazon.com,https://www.amazon.com/KitchenAid-Stand-Mixer/dp/B008C23,2,0,link
1310,1311,2024-12-30,13:16:52,KitchenAid Stand Mixer - Amazon.com,https://www.amazon.com/KitchenAid-Stand-Mixer/dp/B008C23,3,0,typed
1311,1312,2024-12-30,13:10:07,Best Thai Fusion Near Me - Yelp,https://www.yelp.com/search?find_desc=thai+fusion,4,0,link
1312,1313,2024-12-30,13:05:19,Best Thai Fusion Near Me - Yelp,https://www.yelp.com/search?find_desc=thai+fusion,4,0,link
1313,1314,2024-12-30,13:05:13,Bon Appétit | Cacio e Pepe Recipe,https://www.bonappetit.com/recipe/cacio-e-pepe,3,0,link
1314,1315,2024-12-30,13:06:59,Chopped TV Show - Food Network,https://www.foodnetwork.com/shows/chopped,3,0,link
1315,1316,2024-12-30,13:07:52,CNN Breaking News and Video,https://www.cnn.com/,1,0,link
1316,1317,2024-12-30,13:01:48,KitchenAid Stand Mixer - Amazon.com,https://www.amazon.com/KitchenAid-Stand-Mixer/dp/B008C23,1,0,link
1317,1318,2024-12-30,13:01:42,The Best Chocolate Chip Cookies Recipe - Allrecipes,https://www.allrecipes.com/recipe/best-chocolate-chip-cookies/,5,0,link
1318,1319,2024-12-30,12:58:13,Chopped TV Show - Food Network,https://www.foodnetwork.com/shows/chopped,3,0,generated
1319,1320,2024-12-30,12:55:09,Amazon.com: Online Shopping,https://www.amazon.com/,2,0,link
1320,1321,2024-12-30,12:54:20,MICHELIN Guide New York Restaurants,https://guide.michelin.com/us/en/restaurants,4,0,typed
1321,1322,2024-12-30,12:52:20,Amazon.com: Online Shopping,https://www.amazon.com/,4,0,link
1322,1323,2024-12-30,12:51:18,The Best Chocolate Chip Cookies Recipe - Allrecipes,https://www.allrecipes.com/recipe/best-chocolate-chip-cookies/,1,0,link
1323,1324,2024-12-30,12:52:32,KitchenAid Stand Mixer - Amazon.com,https://www.amazon.com/KitchenAid-Stand-Mixer/dp/B008C23,3,0,generated
1324,1325,2024-12-30,12:47:33,CNN Breaking News and Video,https://www.cnn.com/,3,0,typed
1325,1326,2024-12-30,12:42:43,Amazon.com: Online Shopping,https://www.amazon.com/,2,0,reload
1326,1327,2024-12-30,12:43:32,The Food Lab's Guide to Sous Vide Steak - Serious Eats,https://www.seriouseats.com/how-to-sous-vide-steak,1,0,link
1327,1328,2024-12-30,12:44:56,The Food Lab's Guide to Sous Vide Steak - Serious Eats,https://www.seriouseats.com/how-to-sous-vide-steak,2,0,typed
1328,1329,2024-12-30,12:37:15,The Weather Channel - Weather.com,https://www.weather.com/,1,0,link
1329,1330,2024-12-30,12:32:42,Main Dish Recipes - Epicurious,https://www.epicurious.com/recipes/main-dishes,4,0,link
1330,1331,2024-12-30,12:37:04,Best Thai Fusion Near Me - Yelp,https://www.yelp.com/search?find_desc=thai+fusion,3,0,link
1331,1332,2024-12-30,12:31:46,X (Twitter): Home,https://twitter.com/home,3,0,typed
1332,1333,2024-12-30,12:33:27,Best Local Farmers Market Schedule,https://www.google.com/search?q=best+local+farmers+market,5,0,link
1333,1334,2024-12-30,12:27:20,Main Dish Recipes - Epicurious,https://www.epicurious.com/recipes/main-dishes,5,0,typed
1334,1335,2024-12-30,12:21:12,The Food Lab's Guide to Sous Vide Steak - Serious Eats,https://www.seriouseats.com/how-to-sous-vide-steak,2,0,link
1335,1336,2024-12-30,12:26:35,Mastering Knife Skills: A Beginner's Guide,https://www.gourmetsleuth.com/articles/techniques/knife-skills,5,0,link
1336,1337,2024-12-30,12:20:58,KitchenAid Stand Mixer - Amazon.com,https://www.amazon.com/KitchenAid-Stand-Mixer/dp/B008C23,2,0,link
1337,1338,2024-12-30,12:21:00,Bon Appétit | Cacio e Pepe Recipe,https://www.bonappetit.com/recipe/cacio-e-pepe,3,0,link
1338,1339,2024-12-30,12:15:38,Best Local Farmers Market Schedule,https://www.google.com/search?q=best+local+farmers+market,3,0,link
1339,1340,2024-12-30,12:17:48,Gmail: Inbox,https://mail.google.com/mail/u/0/#inbox,5,0,typed
1340,1341,2024-12-30,12:12:04,MICHELIN Guide New York Restaurants,https://guide.michelin.com/us/en/restaurants,3,0,link
1341,1342,2024-12-30,12:11:17,KitchenAid Stand Mixer - Amazon.com,https://www.amazon.com/KitchenAid-Stand-Mixer/dp/B008C23,4,0,link
1342,1343,2024-12-30,12:05:53,Bon Appétit | Cacio e Pepe Recipe,https://www.bonappetit.com/recipe/cacio-e-pepe,2,0,link
1343,1344,2024-12-30,12:05:03,Main Dish Recipes - Epicurious,https://www.epicurious.com/recipes/main-dishes,1,0,link
1344,1345,2024-12-30,12:08:08,Main Dish Recipes - Epicurious,https://www.epicurious.com/recipes/main-dishes,4,0,link
1345,1346,2024-12-30,12:03:26,Chopped TV Show - Food Network,https://www.foodnetwork.com/shows/chopped,5,0,link
1346,1347,2024-12-30,12:00:57,Bon Appétit | Cacio e Pepe Recipe,https://www.bonappetit.com/recipe/cacio-e-pepe,2,0,link
1347,1348,2024-12-30,12:04:01,Amazon.com: Online Shopping,https://www.amazon.com/,1,0,link
1348,1349,2024-12-30,12:00:41,Chopped TV Show - Food Network,https://www.foodnetwork.com/shows/chopped,3,0,generated
1349,1350,2024-12-30,11:58:15,Bon Appétit | Cacio e Pepe Recipe,https://www.bonappetit.com/recipe/cacio-e-pepe,2,0,link
1350,1351,2024-12-30,11:49:40,Gmail: Inbox,https://mail.google.com/mail/u/0/#inbox,5,0,link
1351,1352,2024-12-30,11:48:12,Best Thai Fusion Near Me - Yelp,https://www.yelp.com/search?find_desc=thai+fusion,4,0,link
1352,1353,2024-12-30,11:49:45,The Best Chocolate Chip Cookies Recipe - Allrecipes,https://www.allrecipes.com/recipe/best-chocolate-chip-cookies/,1,0,link
1353,1354,2024-12-30,11:51:03,Mastering Knife Skills: A Beginner's Guide,https://www.gourmetsleuth.com/articles/techniques/knife-skills,4,0,link
1354,1355,2024-12-30,11:49:48,Mastering Knife Skills: A Beginner's Guide,https://www.gourmetsleuth.com/articles/techniques/knife-skills,1,0,generated
1355,1356,2024-12-30,11:42:10,Mastering Knife Skills: A Beginner's Guide,https://www.gourmetsleuth.com/articles/techniques/knife-skills,1,0,link
1356,1357,2024-12-30,11:45:40,Best Thai Fusion Near Me - Yelp,https://www.yelp.com/search?find_desc=thai+fusion,4,0,link
1357,1358,2024-12-30,11:38:12,Best Thai Fusion Near Me - Yelp,https://www.yelp.com/search?find_desc=thai+fusion,3,0,generated
1358,1359,2024-12-30,11:33:12,Chopped TV Show - Food Network,https://www.foodnetwork.com/shows/chopped,1,0,typed
1359,1360,2024-12-30,11:36:14,Amazon.com: Online Shopping,https://www.amazon.com/,1,0,link
1360,1361,2024-12-30,11:29:58,Best Local Farmers Market Schedule,https://www.google.com/search?q=best+local+farmers+market,1,0,link
1361,1362,2024-12-30,11:30:21,Mastering Knife Skills: A Beginner's Guide,https://www.gourmetsleuth.com/articles/techniques/knife-skills,4,0,typed
1362,1363,2024-12-30,11:34:23,Mastering Knife Skills: A Beginner's Guide,https://www.gourmetsleuth.com/articles/techniques/knife-skills,5,0,link
1363,1364,2024-12-30,11:26:39,Mastering Knife Skills: A Beginner's Guide,https://www.gourmetsleuth.com/articles/techniques/knife-skills,5,0,typed
1364,1365,2024-12-30,11:22:15,CNN Breaking News and Video,https://www.cnn.com/,4,0,link
1365,1366,2024-12-30,11:23:28,The Weather Channel - Weather.com,https://www.weather.com/,2,0,link
1366,1367,2024-12-30,11:26:25,Best Thai Fusion Near Me - Yelp,https://www.yelp.com/search?find_desc=thai+fusion,2,0,link
1367,1368,2024-12-30,11:15:04,Bon Appétit | Cacio e Pepe Recipe,https://www.bonappetit.com/recipe/cacio-e-pepe,4,0,link
1368,1369,2024-12-30,11:22:29,The Best Chocolate Chip Cookies Recipe - Allrecipes,https://www.allrecipes.com/recipe/best-chocolate-chip-cookies/,1,0,link
1369,1370,2024-12-30,11:15:29,"Flour, Grains & Seeds | King Arthur Baking",https://www.kingarthurbaking.com/shop/ingredients/flour,2,0,link
1370,1371,2024-12-30,11:18:56,Bon Appétit | Cacio e Pepe Recipe,https://www.bonappetit.com/recipe/cacio-e-pepe,4,0,link
1371,1372,2024-12-30,11:15:18,X (Twitter): Home,https://twitter.com/home,4,0,link
1372,1373,2024-12-30,11:05:49,The Best Chocolate Chip Cookies Recipe - Allrecipes,https://www.allrecipes.com/recipe/best-chocolate-chip-cookies/,5,0,link
1373,1374,2024-12-30,11:03:46,The Best Chocolate Chip Cookies Recipe - Allrecipes,https://www.allrecipes.com/recipe/best-chocolate-chip-cookies/,5,0,link
1374,1375,2024-12-30,11:10:10,Amazon.com: Online Shopping,https://www.amazon.com/,3,0,typed
1375,1376,2024-12-30,10:59:27,Chopped TV Show - Food Network,https://www.foodnetwork.com/shows/chopped,3,0,link
1376,1377,2024-12-30,10:58:07,Best Thai Fusion Near Me - Yelp,https://www.yelp.com/search?find_desc=thai+fusion,4,0,typed
1377,1378,2024-12-30,11:00:05,CNN Breaking News and Video,https://www.cnn.com/,1,0,typed
1378,1379,2024-12-30,10:54:16,Amazon.com: Online Shopping,https://www.amazon.com/,3,0,typed
1379,1380,2024-12-30,10:59:25,The Food Lab's Guide to Sous Vide Steak - Serious Eats,https://www.seriouseats.com/how-to-sous-vide-steak,4,0,link
1380,1381,2024-12-30,10:58:26,Best Local Farmers Market Schedule,https://www.google.com/search?q=best+local+farmers+market,5,0,link
1381,1382,2024-12-30,10:55:41,The Food Lab's Guide to Sous Vide Steak - Serious Eats,https://www.seriouseats.com/how-to-sous-vide-steak,1,0,reload
1382,1383,2024-12-30,10:45:48,The Weather Channel - Weather.com,https://www.weather.com/,1,0,link
1383,1384,2024-12-30,10:46:28,CNN Breaking News and Video,https://www.cnn.com/,3,0,typed
1384,1385,2024-12-30,10:50:24,X (Twitter): Home,https://twitter.com/home,1,0,typed
1385,1386,2024-12-30,10:45:23,"Flour, Grains & Seeds | King Arthur Baking",https://www.kingarthurbaking.com/shop/ingredients/flour,5,0,link
1386,1387,2024-12-30,10:37:31,Main Dish Recipes - Epicurious,https://www.epicurious.com/recipes/main-dishes,5,0,link
1387,1388,2024-12-30,10:37:00,The Food Lab's Guide to Sous Vide Steak - Serious Eats,https://www.seriouseats.com/how-to-sous-vide-steak,2,0,link
1388,1389,2024-12-30,10:41:09,"Flour, Grains & Seeds | King Arthur Baking",https://www.kingarthurbaking.com/shop/ingredients/flour,3,0,link
1389,1390,2024-12-30,10:32:28,Best Local Farmers Market Schedule,https://www.google.com/search?q=best+local+farmers+market,1,0,link
1390,1391,2024-12-30,10:30:51,The Food Lab's Guide to Sous Vide Steak - Serious Eats,https://www.seriouseats.com/how-to-sous-vide-steak,4,0,link
1391,1392,2024-12-30,10:28:02,The Best Chocolate Chip Cookies Recipe - Allrecipes,https://www.allrecipes.com/recipe/best-chocolate-chip-cookies/,2,0,typed
1392,1393,2024-12-30,10:30:53,Mastering Knife Skills: A Beginner's Guide,https://www.gourmetsleuth.com/articles/techniques/knife-skills,5,0,form_submit
1393,1394,2024-12-30,10:27:09,Chopped TV Show - Food Network,https://www.foodnetwork.com/shows/chopped,1,0,typed
1394,1395,2024-12-30,10:28:28,CNN Breaking News and Video,https://www.cnn.com/,1,0,link
1395,1396,2024-12-30,10:24:31,KitchenAid Stand Mixer - Amazon.com,https://www.amazon.com/KitchenAid-Stand-Mixer/dp/B008C23,1,0,link
1396,1397,2024-12-30,10:20:47,Best Local Farmers Market Schedule,https://www.google.com/search?q=best+local+farmers+market,1,0,link
1397,1398,2024-12-30,10:24:50,KitchenAid Stand Mixer - Amazon.com,https://www.amazon.com/KitchenAid-Stand-Mixer/dp/B008C23,2,0,generated
1398,1399,2024-12-30,10:16:48,KitchenAid Stand Mixer - Amazon.com,https://www.amazon.com/KitchenAid-Stand-Mixer/dp/B008C23,2,0,typed
1399,1400,2024-12-30,10:16:43,Best Thai Fusion Near Me - Yelp,https://www.yelp.com/search?find_desc=thai+fusion,2,0,link
1400,1401,2024-12-30,10:15:08,Mastering Knife Skills: A Beginner's Guide,https://www.gourmetsleuth.com/articles/techniques/knife-skills,3,0,link
1401,1402,2024-12-30,10:07:32,Bon Appétit | Cacio e Pepe Recipe,https://www.bonappetit.com/recipe/cacio-e-pepe,1,0,generated
1402,1403,2024-12-30,10:12:18,Gmail: Inbox,https://mail.google.com/mail/u/0/#inbox,5,0,link
1403,1404,2024-12-30,10:09:48,Gmail: Inbox,https://mail.google.com/mail/u/0/#inbox,3,0,link
1404,1405,2024-12-30,10:01:17,Best Local Farmers Market Schedule,https://www.google.com/search?q=best+local+farmers+market,5,0,link
1405,1406,2024-12-30,10:02:06,Bon Appétit | Cacio e Pepe Recipe,https://www.bonappetit.com/recipe/cacio-e-pepe,2,0,link
1406,1407,2024-12-30,09:57:45,Best Local Farmers Market Schedule,https://www.google.com/search?q=best+local+farmers+market,2,0,link
1407,1408,2024-12-30,09:56:20,Best Thai Fusion Near Me - Yelp,https://www.yelp.com/search?find_desc=thai+fusion,1,0,link
1408,1409,2024-12-30,10:01:43,KitchenAid Stand Mixer - Amazon.com,https://www.amazon.com/KitchenAid-Stand-Mixer/dp/B008C23,2,0,link
1409,1410,2024-12-30,09:54:52,MICHELIN Guide New York Restaurants,https://guide.michelin.com/us/en/restaurants,4,0,link
1410,1411,2024-12-30,09:58:57,Main Dish Recipes - Epicurious,https://www.epicurious.com/recipes/main-dishes,3,0,link
1411,1412,2024-12-30,09:55:58,Chopped TV Show - Food Network,https://www.foodnetwork.com/shows/chopped,3,0,link
1412,1413,2024-12-30,09:49:50,KitchenAid Stand Mixer - Amazon.com,https://www.amazon.com/KitchenAid-Stand-Mixer/dp/B008C23,3,0,link
1413,1414,2024-12-30,09:48:41,Gmail: Inbox,https://mail.google.com/mail/u/0/#inbox,3,0,link
1414,1415,2024-12-30,09:49:27,Best Local Farmers Market Schedule,https://www.google.com/search?q=best+local+farmers+market,5,0,link
1415,1416,2024-12-30,09:40:08,Bon Appétit | Cacio e Pepe Recipe,https://www.bonappetit.com/recipe/cacio-e-pepe,5,0,link
1416,1417,2024-12-30,09:45:12,The Best Chocolate Chip Cookies Recipe - Allrecipes,https://www.allrecipes.com/recipe/best-chocolate-chip-cookies/,5,0,link
1417,1418,2024-12-30,09:40:16,The Weather Channel - Weather.com,https://www.weather.com/,3,0,link
1418,1419,2024-12-30,09:37:49,"Flour, Grains & Seeds | King Arthur Baking",https://www.kingarthurbaking.com/shop/ingredients/flour,4,0,typed
1419,1420,2024-12-30,09:33:33,The Best Chocolate Chip Cookies Recipe - Allrecipes,https://www.allrecipes.com/recipe/best-chocolate-chip-cookies/,4,0,link
1420,1421,2024-12-30,09:34:15,Best Local Farmers Market Schedule,https://www.google.com/search?q=best+local+farmers+market,1,0,link
1421,1422,2024-12-30,09:29:22,CNN Breaking News and Video,https://www.cnn.com/,2,0,link
1422,1423,2024-12-30,09:30:02,Mastering Knife Skills: A Beginner's Guide,https://www.gourmetsleuth.com/articles/techniques/knife-skills,4,0,generated
1423,1424,2024-12-30,09:23:37,The Food Lab's Guide to Sous Vide Steak - Serious Eats,https://www.seriouseats.com/how-to-sous-vide-steak,3,0,link
1424,1425,2024-12-30,09:27:43,Amazon.com: Online Shopping,https://www.amazon.com/,3,0,link
1425,1426,2024-12-30,09:24:35,Amazon.com: Online Shopping,https://www.amazon.com/,4,0,generated
1426,1427,2024-12-30,09:22:24,Main Dish Recipes - Epicurious,https://www.epicurious.com/recipes/main-dishes,3,0,link
1427,1428,2024-12-30,09:16:24,Bon Appétit | Cacio e Pepe Recipe,https://www.bonappetit.com/recipe/cacio-e-pepe,4,0,link
1428,1429,2024-12-30,09:13:47,Amazon.com: Online Shopping,https://www.amazon.com/,3,0,link
1429,1430,2024-12-30,09:11:51,KitchenAid Stand Mixer - Amazon.com,https://www.amazon.com/KitchenAid-Stand-Mixer/dp/B008C23,5,0,link
1430,1431,2024-12-30,09:13:39,X (Twitter): Home,https://twitter.com/home,2,0,generated
1431,1432,2024-12-30,09:08:00,Gmail: Inbox,https://mail.google.com/mail/u/0/#inbox,5,0,typed
1432,1433,2024-12-30,09:12:21,The Best Chocolate Chip Cookies Recipe - Allrecipes,https://www.allrecipes.com/recipe/best-chocolate-chip-cookies/,5,0,typed
1433,1434,2024-12-30,09:03:46,"Flour, Grains & Seeds | King Arthur Baking",https://www.kingarthurbaking.com/shop/ingredients/flour,4,0,link
1434,1435,2024-12-30,09:03:54,Main Dish Recipes - Epicurious,https://www.epicurious.com/recipes/main-dishes,3,0,generated
1435,1436,2024-12-30,09:07:19,Main Dish Recipes - Epicurious,https://www.epicurious.com/recipes/main-dishes,3,0,link
1436,1437,2024-12-30,09:01:29,Chopped TV Show - Food Network,https://www.foodnetwork.com/shows/chopped,4,0,link
1437,1438,2024-12-30,09:00:26,CNN Breaking News and Video,https://www.cnn.com/,5,0,link
1438,1439,2024-12-30,08:56:56,The Best Chocolate Chip Cookies Recipe - Allrecipes,https://www.allrecipes.com/recipe/best-chocolate-chip-cookies/,2,0,reload
1439,1440,2024-12-30,08:56:31,X (Twitter): Home,https://twitter.com/home,4,0,link
1440,1441,2024-12-30,08:52:00,Bon Appétit | Cacio e Pepe Recipe,https://www.bonappetit.com/recipe/cacio-e-pepe,4,0,link
1441,1442,2024-12-30,08:50:20,KitchenAid Stand Mixer - Amazon.com,https://www.amazon.com/KitchenAid-Stand-Mixer/dp/B008C23,2,0,link
1442,1443,2024-12-30,08:50:04,MICHELIN Guide New York Restaurants,https://guide.michelin.com/us/en/restaurants,1,0,link
1443,1444,2024-12-30,08:49:57,MICHELIN Guide New York Restaurants,https://guide.michelin.com/us/en/restaurants,2,0,link
1444,1445,2024-12-30,08:49:41,Mastering Knife Skills: A Beginner's Guide,https://www.gourmetsleuth.com/articles/techniques/knife-skills,3,0,link
1445,1446,2024-12-30,08:48:43,Best Local Farmers Market Schedule,https://www.google.com/search?q=best+local+farmers+market,1,0,link
1446,1447,2024-12-30,08:37:43,Mastering Knife Skills: A Beginner's Guide,https://www.gourmetsleuth.com/articles/techniques/knife-skills,4,0,link
1447,1448,2024-12-30,08:41:00,CNN Breaking News and Video,https://www.cnn.com/,4,0,link
1448,1449,2024-12-30,08:39:25,Chopped TV Show - Food Network,https://www.foodnetwork.com/shows/chopped,4,0,link
1449,1450,2024-12-30,08:39:46,X (Twitter): Home,https://twitter.com/home,2,0,link
1450,1451,2024-12-30,08:31:55,Bon Appétit | Cacio e Pepe Recipe,https://www.bonappetit.com/recipe/cacio-e-pepe,1,0,link
1451,1452,2024-12-30,08:30:47,Best Thai Fusion Near Me - Yelp,https://www.yelp.com/search?find_desc=thai+fusion,3,0,typed
1452,1453,2024-12-30,08:31:59,MICHELIN Guide New York Restaurants,https://guide.michelin.com/us/en/restaurants,2,0,link
1453,1454,2024-12-30,08:29:43,Amazon.com: Online Shopping,https://www.amazon.com/,1,0,link
1454,1455,2024-12-30,08:24:25,Best Thai Fusion Near Me - Yelp,https://www.yelp.com/search?find_desc=thai+fusion,3,0,typed
1455,1456,2024-12-30,08:19:39,Main Dish Recipes - Epicurious,https://www.epicurious.com/recipes/main-dishes,1,0,link
1456,1457,2024-12-30,08:18:48,MICHELIN Guide New York Restaurants,https://guide.michelin.com/us/en/restaurants,1,0,link
1457,1458,2024-12-30,08:15:16,X (Twitter): Home,https://twitter.com/home,2,0,link
1458,1459,2024-12-30,08:22:39,The Best Chocolate Chip Cookies Recipe - Allrecipes,https://www.allrecipes.com/recipe/best-chocolate-chip-cookies/,4,0,typed
1459,1460,2024-12-30,08:12:56,Amazon.com: Online Shopping,https://www.amazon.com/,5,0,link
1460,1461,2024-12-30,08:13:14,The Food Lab's Guide to Sous Vide Steak - Serious Eats,https://www.seriouseats.com/how-to-sous-vide-steak,1,0,link
1461,1462,2024-12-30,08:10:40,The Best Chocolate Chip Cookies Recipe - Allrecipes,https://www.allrecipes.com/recipe/best-chocolate-chip-cookies/,2,0,link
1462,1463,2024-12-30,08:05:02,The Best Chocolate Chip Cookies Recipe - Allrecipes,https://www.allrecipes.com/recipe/best-chocolate-chip-cookies/,1,0,link
1463,1464,2024-12-30,08:09:05,The Food Lab's Guide to Sous Vide Steak - Serious Eats,https://www.seriouseats.com/how-to-sous-vide-steak,3,0,link
1464,1465,2024-12-30,08:07:54,The Food Lab's Guide to Sous Vide Steak - Serious Eats,https://www.seriouseats.com/how-to-sous-vide-steak,3,0,link
1465,1466,2024-12-30,07:59:55,KitchenAid Stand Mixer - Amazon.com,https://www.amazon.com/KitchenAid-Stand-Mixer/dp/B008C23,1,0,link
1466,1467,2024-12-30,07:58:48,Bon Appétit | Cacio e Pepe Recipe,https://www.bonappetit.com/recipe/cacio-e-pepe,4,0,typed
1467,1468,2024-12-30,07:55:05,MICHELIN Guide New York Restaurants,https://guide.michelin.com/us/en/restaurants,3,0,link
1468,1469,2024-12-30,08:01:02,Best Local Farmers Market Schedule,https://www.google.com/search?q=best+local+farmers+market,3,0,link
1469,1470,2024-12-30,07:57:19,The Best Chocolate Chip Cookies Recipe - Allrecipes,https://www.allrecipes.com/recipe/best-chocolate-chip-cookies/,1,0,link
1470,1471,2024-12-30,07:50:56,Gmail: Inbox,https://mail.google.com/mail/u/0/#inbox,3,0,link
1471,1472,2024-12-30,07:50:09,Best Thai Fusion Near Me - Yelp,https://www.yelp.com/search?find_desc=thai+fusion,5,0,link
1472,1473,2024-12-30,07:48:03,The Food Lab's Guide to Sous Vide Steak - Serious Eats,https://www.seriouseats.com/how-to-sous-vide-steak,1,0,link
1473,1474,2024-12-30,07:50:41,Amazon.com: Online Shopping,https://www.amazon.com/,4,0,link
1474,1475,2024-12-30,07:42:12,"Flour, Grains & Seeds | King Arthur Baking",https://www.kingarthurbaking.com/shop/ingredients/flour,3,0,link
1475,1476,2024-12-30,07:48:53,The Best Chocolate Chip Cookies Recipe - Allrecipes,https://www.allrecipes.com/recipe/best-chocolate-chip-cookies/,1,0,link
1476,1477,2024-12-30,07:42:39,The Best Chocolate Chip Cookies Recipe - Allrecipes,https://www.allrecipes.com/recipe/best-chocolate-chip-cookies/,3,0,link
1477,1478,2024-12-30,07:42:50,Chopped TV Show - Food Network,https://www.foodnetwork.com/shows/chopped,5,0,link
1478,1479,2024-12-30,07:41:32,Gmail: Inbox,https://mail.google.com/mail/u/0/#inbox,5,0,link
1479,1480,2024-12-30,07:39:38,Main Dish Recipes - Epicurious,https://www.epicurious.com/recipes/main-dishes,5,0,link
1480,1481,2024-12-30,07:29:25,MICHELIN Guide New York Restaurants,https://guide.michelin.com/us/en/restaurants,3,0,link
1481,1482,2024-12-30,07:27:06,Chopped TV Show - Food Network,https://www.foodnetwork.com/shows/chopped,4,0,link
1482,1483,2024-12-30,07:25:25,Mastering Knife Skills: A Beginner's Guide,https://www.gourmetsleuth.com/articles/techniques/knife-skills,2,0,link
1483,1484,2024-12-30,07:27:50,Bon Appétit | Cacio e Pepe Recipe,https://www.bonappetit.com/recipe/cacio-e-pepe,5,0,link
1484,1485,2024-12-30,07:25:47,Chopped TV Show - Food Network,https://www.foodnetwork.com/shows/chopped,1,0,link
1485,1486,2024-12-30,07:27:10,The Food Lab's Guide to Sous Vide Steak - Serious Eats,https://www.seriouseats.com/how-to-sous-vide-steak,4,0,link
1486,1487,2024-12-30,07:26:05,Main Dish Recipes - Epicurious,https://www.epicurious.com/recipes/main-dishes,1,0,link
1487,1488,2024-12-30,07:16:52,Mastering Knife Skills: A Beginner's Guide,https://www.gourmetsleuth.com/articles/techniques/knife-skills,1,0,generated
1488,1489,2024-12-30,07:17:08,Chopped TV Show - Food Network,https://www.foodnetwork.com/shows/chopped,3,0,generated
1489,1490,2024-12-30,07:18:54,Mastering Knife Skills: A Beginner's Guide,https://www.gourmetsleuth.com/articles/techniques/knife-skills,5,0,link
1490,1491,2024-12-30,07:13:32,Best Local Farmers Market Schedule,https://www.google.com/search?q=best+local+farmers+market,3,0,typed
1491,1492,2024-12-30,07:07:25,Mastering Knife Skills: A Beginner's Guide,https://www.gourmetsleuth.com/articles/techniques/knife-skills,4,0,link
1492,1493,2024-12-30,07:10:56,Amazon.com: Online Shopping,https://www.amazon.com/,3,0,generated
1493,1494,2024-12-30,07:09:03,Main Dish Recipes - Epicurious,https://www.epicurious.com/recipes/main-dishes,2,0,link
1494,1495,2024-12-30,07:10:14,The Food Lab's Guide to Sous Vide Steak - Serious Eats,https://www.seriouseats.com/how-to-sous-vide-steak,4,0,link
1495,1496,2024-12-30,07:02:10,MICHELIN Guide New York Restaurants,https://guide.michelin.com/us/en/restaurants,3,0,link
1496,1497,2024-12-30,07:00:51,CNN Breaking News and Video,https://www.cnn.com/,5,0,link
1497,1498,2024-12-30,07:01:31,The Best Chocolate Chip Cookies Recipe - Allrecipes,https://www.allrecipes.com/recipe/best-chocolate-chip-cookies/,1,0,link
1498,1499,2024-12-30,07:00:30,MICHELIN Guide New York Restaurants,https://guide.michelin.com/us/en/restaurants,1,0,link
1499,1500,2024-12-30,06:55:16,The Best Chocolate Chip Cookies Recipe - Allrecipes,https://www.allrecipes.com/recipe/best-chocolate-chip-cookies/,5,0,link
