order,id,date,time,title,url,visitCount,typedCount,transition
0,1,2025-01-01,08:50:42,Performance Suspension Kits | eBay,https://www.ebay.com/b/performance-suspension/33580,2,0,link
1,2,2025-01-01,08:54:34,Performance Suspension Kits | eBay,https://www.ebay.com/b/performance-suspension/33580,5,0,link
2,3,2025-01-01,08:51:49,"Motorsports News - F1, NASCAR, Le Mans - Autoblog",https://www.autoblog.com/motorsports/,3,0,link
3,4,2025-01-01,08:45:18,Formula 1 Official Site - Latest News,https://www.formula1.com/en/latest/headlines.html,5,0,link
4,5,2025-01-01,08:46:29,CNN Breaking News and Video,https://www.cnn.com/,2,0,link
5,6,2025-01-01,08:39:17,BMW M4 Competition Test Drive | Top Gear,https://www.youtube.com/watch?v=m4_comp_review,3,0,generated
6,7,2025-01-01,08:45:37,"Porsche 911 Review, Price, and Specs - Car and Driver",https://www.caranddriver.com/reviews/porsche-911-review,5,0,link
7,8,2025-01-01,08:44:37,Used BMW M3 for Sale - CarGurus,https://www.cargurus.com/Cars/forsale/bmw-m3-e46,5,0,link
8,9,2025-01-01,08:39:52,Shop and Repair Guides | AutoZone,https://www.autozone.com/shop-repair-guides,1,0,link
9,10,2025-01-01,08:36:50,"Porsche 911 Review, Price, and Specs - Car and Driver",https://www.caranddriver.com/reviews/porsche-911-review,5,0,link
10,11,2025-01-01,08:36:27,"Motorsports News - F1, NASCAR, Le Mans - Autoblog",https://www.autoblog.com/motorsports/,1,0,link
11,12,2025-01-01,08:34:53,"Motorsports News - F1, NASCAR, Le Mans - Autoblog",https://www.autoblog.com/motorsports/,3,0,link
12,13,2025-01-01,08:27:11,Edelbrock Performer RPM Intake Manifold,https://www.summitracing.com/parts/edl-2104,5,0,link
13,14,2025-01-01,08:28:34,Edelbrock Performer RPM Intake Manifold,https://www.summitracing.com/parts/edl-2104,1,0,generated
14,15,2025-01-01,08:29:57,BMW M4 Competition Test Drive | Top Gear,https://www.youtube.com/watch?v=m4_comp_review,5,0,typed
15,16,2025-01-01,08:22:52,Shop and Repair Guides | AutoZone,https://www.autozone.com/shop-repair-guides,4,0,link
16,17,2025-01-01,08:26:25,Formula 1 Official Site - Latest News,https://www.formula1.com/en/latest/headlines.html,2,0,link
17,18,2025-01-01,08:24:52,CNN Breaking News and Video,https://www.cnn.com/,3,0,link
18,19,2025-01-01,08:16:08,Edelbrock Performer RPM Intake Manifold,https://www.summitracing.com/parts/edl-2104,3,0,link
19,20,2025-01-01,08:16:43,Performance Suspension Kits | eBay,https://www.ebay.com/b/performance-suspension/33580,5,0,link
20,21,2025-01-01,08:18:33,Amazon.com: Online Shopping,https://www.amazon.com/,5,0,typed
21,22,2025-01-01,08:16:48,Shop and Repair Guides | AutoZone,https://www.autozone.com/shop-repair-guides,2,0,typed
22,23,2025-01-01,08:10:54,X (Twitter): Home,https://twitter.com/home,1,0,link
23,24,2025-01-01,08:03:46,The Weather Channel - Weather.com,https://www.weather.com/,2,0,link
24,25,2025-01-01,08:07:10,BMW M4 Competition Test Drive | Top Gear,https://www.youtube.com/watch?v=m4_comp_review,1,0,link
25,26,2025-01-01,08:01:01,Gmail: Inbox,https://mail.google.com/mail/u/0/#inbox,1,0,link
26,27,2025-01-01,07:57:35,Best Summer Tires for Track Days,https://www.google.com/search?q=best+track+day+tires,3,0,typed
27,28,2025-01-01,08:00:02,Best Summer Tires for Track Days,https://www.google.com/search?q=best+track+day+tires,4,0,link
28,29,2025-01-01,07:53:05,Edelbrock Performer RPM Intake Manifold,https://www.summitracing.com/parts/edl-2104,4,0,generated
29,30,2025-01-01,07:54:00,BMW M4 Competition Test Drive | Top Gear,https://www.youtube.com/watch?v=m4_comp_review,4,0,generated
30,31,2025-01-01,07:57:12,Amazon.com: Online Shopping,https://www.amazon.com/,3,0,form_submit
31,32,2025-01-01,07:55:54,Mechanic Advice Reddit - Rust repair tips,https://www.reddit.com/r/mechanicadvice/comments/abc_thread,4,0,reload
32,33,2025-01-01,07:48:54,Used BMW M3 for Sale - CarGurus,https://www.cargurus.com/Cars/forsale/bmw-m3-e46,1,0,generated
33,34,2025-01-01,07:43:58,Best Summer Tires for Track Days,https://www.google.com/search?q=best+track+day+tires,3,0,link
34,35,2025-01-01,07:41:14,Mechanic Advice Reddit - Rust repair tips,https://www.reddit.com/r/mechanicadvice/comments/abc_thread,4,0,link
35,36,2025-01-01,07:40:51,BMW M4 Competition Test Drive | Top Gear,https://www.youtube.com/watch?v=m4_comp_review,2,0,link
36,37,2025-01-01,07:40:54,Gmail: Inbox,https://mail.google.com/mail/u/0/#inbox,3,0,link
37,38,2025-01-01,07:35:48,The Weather Channel - Weather.com,https://www.weather.com/,4,0,link
38,39,2025-01-01,07:39:19,Performance Suspension Kits | eBay,https://www.ebay.com/b/performance-suspension/33580,4,0,link
39,40,2025-01-01,07:32:11,Edelbrock Performer RPM Intake Manifold,https://www.summitracing.com/parts/edl-2104,2,0,link
40,41,2025-01-01,07:34:30,"BMW M Models, Sedans, Coupes & SUVs | BMW USA",https://www.bmwusa.com/vehicles/m-series.html,1,0,reload
41,42,2025-01-01,07:35:12,Formula 1 Official Site - Latest News,https://www.formula1.com/en/latest/headlines.html,1,0,typed
42,43,2025-01-01,07:27:27,X (Twitter): Home,https://twitter.com/home,2,0,link
43,44,2025-01-01,07:28:12,Best Summer Tires for Track Days,https://www.google.com/search?q=best+track+day+tires,2,0,link
44,45,2025-01-01,07:27:48,Shop and Repair Guides | AutoZone,https://www.autozone.com/shop-repair-guides,2,0,link
45,46,2025-01-01,07:23:32,"BMW M Models, Sedans, Coupes & SUVs | BMW USA",https://www.bmwusa.com/vehicles/m-series.html,4,0,link
46,47,2025-01-01,07:26:57,The Weather Channel - Weather.com,https://www.weather.com/,2,0,link
47,48,2025-01-01,07:16:18,X (Twitter): Home,https://twitter.com/home,4,0,typed
48,49,2025-01-01,07:16:26,CNN Breaking News and Video,https://www.cnn.com/,5,0,form_submit
49,50,2025-01-01,07:19:45,Best Summer Tires for Track Days,https://www.google.com/search?q=best+track+day+tires,1,0,link
50,51,2025-01-01,07:16:22,BMW M4 Competition Test Drive | Top Gear,https://www.youtube.com/watch?v=m4_comp_review,5,0,link
51,52,2025-01-01,07:09:58,BMW M4 Competition Test Drive | Top Gear,https://www.youtube.com/watch?v=m4_comp_review,5,0,link
52,53,2025-01-01,07:11:30,Best Summer Tires for Track Days,https://www.google.com/search?q=best+track+day+tires,2,0,link
53,54,2025-01-01,07:05:45,Edelbrock Performer RPM Intake Manifold,https://www.summitracing.com/parts/edl-2104,4,0,typed
54,55,2025-01-01,07:08:21,The Weather Channel - Weather.com,https://www.weather.com/,2,0,reload
55,56,2025-01-01,06:59:27,Amazon.com: Online Shopping,https://www.amazon.com/,1,0,link
56,57,2025-01-01,07:03:16,BMW M4 Competition Test Drive | Top Gear,https://www.youtube.com/watch?v=m4_comp_review,3,0,link
57,58,2025-01-01,07:01:24,Edelbrock Performer RPM Intake Manifold,https://www.summitracing.com/parts/edl-2104,2,0,link
58,59,2025-01-01,06:56:57,The Weather Channel - Weather.com,https://www.weather.com/,4,0,link
59,60,2025-01-01,06:54:26,Shop and Repair Guides | AutoZone,https://www.autozone.com/shop-repair-guides,4,0,link
60,61,2025-01-01,06:53:53,BMW M4 Competition Test Drive | Top Gear,https://www.youtube.com/watch?v=m4_comp_review,1,0,link
61,62,2025-01-01,06:54:39,The Weather Channel - Weather.com,https://www.weather.com/,2,0,typed
62,63,2025-01-01,06:50:47,Formula 1 Official Site - Latest News,https://www.formula1.com/en/latest/headlines.html,2,0,generated
63,64,2025-01-01,06:49:04,CNN Breaking News and Video,https://www.cnn.com/,4,0,link
64,65,2025-01-01,06:47:06,X (Twitter): Home,https://twitter.com/home,2,0,link
65,66,2025-01-01,06:45:09,Best Summer Tires for Track Days,https://www.google.com/search?q=best+track+day+tires,1,0,link
66,67,2025-01-01,06:44:03,Shop and Repair Guides | AutoZone,https://www.autozone.com/shop-repair-guides,3,0,link
67,68,2025-01-01,06:39:09,CNN Breaking News and Video,https://www.cnn.com/,4,0,link
68,69,2025-01-01,06:35:51,The Weather Channel - Weather.com,https://www.weather.com/,4,0,typed
69,70,2025-01-01,06:36:07,Best Summer Tires for Track Days,https://www.google.com/search?q=best+track+day+tires,1,0,reload
70,71,2025-01-01,06:30:23,"BMW M Models, Sedans, Coupes & SUVs | BMW USA",https://www.bmwusa.com/vehicles/m-series.html,4,0,link
71,72,2025-01-01,06:36:03,"BMW M Models, Sedans, Coupes & SUVs | BMW USA",https://www.bmwusa.com/vehicles/m-series.html,2,0,generated
72,73,2025-01-01,06:29:03,Formula 1 Official Site - Latest News,https://www.formula1.com/en/latest/headlines.html,2,0,link
73,74,2025-01-01,06:29:37,Formula 1 Official Site - Latest News,https://www.formula1.com/en/latest/headlines.html,1,0,link
74,75,2025-01-01,06:24:11,The Weather Channel - Weather.com,https://www.weather.com/,3,0,link
75,76,2025-01-01,06:19:53,Best Summer Tires for Track Days,https://www.google.com/search?q=best+track+day+tires,2,0,link
76,77,2025-01-01,06:26:16,The Weather Channel - Weather.com,https://www.weather.com/,4,0,link
77,78,2025-01-01,06:17:42,Shop and Repair Guides | AutoZone,https://www.autozone.com/shop-repair-guides,5,0,typed
78,79,2025-01-01,06:20:35,Formula 1 Official Site - Latest News,https://www.formula1.com/en/latest/headlines.html,2,0,link
79,80,2025-01-01,06:18:58,Used BMW M3 for Sale - CarGurus,https://www.cargurus.com/Cars/forsale/bmw-m3-e46,4,0,link
80,81,2025-01-01,06:10:46,Shop and Repair Guides | AutoZone,https://www.autozone.com/shop-repair-guides,4,0,link
81,82,2025-01-01,06:09:28,CNN Breaking News and Video,https://www.cnn.com/,4,0,typed
82,83,2025-01-01,06:09:19,The Weather Channel - Weather.com,https://www.weather.com/,2,0,link
83,84,2025-01-01,06:11:31,"BMW M Models, Sedans, Coupes & SUVs | BMW USA",https://www.bmwusa.com/vehicles/m-series.html,2,0,generated
84,85,2025-01-01,06:07:59,X (Twitter): Home,https://twitter.com/home,2,0,link
85,86,2025-01-01,06:00:01,Edelbrock Performer RPM Intake Manifold,https://www.summitracing.com/parts/edl-2104,1,0,link
86,87,2025-01-01,06:05:07,Used BMW M3 for Sale - CarGurus,https://www.cargurus.com/Cars/forsale/bmw-m3-e46,4,0,typed
87,88,2025-01-01,05:55:22,"Porsche 911 Review, Price, and Specs - Car and Driver",https://www.caranddriver.com/reviews/porsche-911-review,4,0,link
88,89,2025-01-01,06:02:43,Edelbrock Performer RPM Intake Manifold,https://www.summitracing.com/parts/edl-2104,4,0,generated
89,90,2025-01-01,06:00:59,Best Summer Tires for Track Days,https://www.google.com/search?q=best+track+day+tires,2,0,typed
90,91,2025-01-01,05:55:40,Used BMW M3 for Sale - CarGurus,https://www.cargurus.com/Cars/forsale/bmw-m3-e46,4,0,link
91,92,2025-01-01,05:49:08,CNN Breaking News and Video,https://www.cnn.com/,3,0,link
92,93,2025-01-01,05:51:28,The Weather Channel - Weather.com,https://www.weather.com/,5,0,link
93,94,2025-01-01,05:50:08,X (Twitter): Home,https://twitter.com/home,1,0,generated
94,95,2025-01-01,05:50:43,Edelbrock Performer RPM Intake Manifold,https://www.summitracing.com/parts/edl-2104,4,0,link
95,96,2025-01-01,05:46:03,Shop and Repair Guides | AutoZone,https://www.autozone.com/shop-repair-guides,2,0,link
96,97,2025-01-01,05:41:32,X (Twitter): Home,https://twitter.com/home,2,0,link
97,98,2025-01-01,05:41:35,Best Summer Tires for Track Days,https://www.google.com/search?q=best+track+day+tires,3,0,link
98,99,2025-01-01,05:39:37,Performance Suspension Kits | eBay,https://www.ebay.com/b/performance-suspension/33580,5,0,link
99,100,2025-01-01,05:36:41,Edelbrock Performer RPM Intake Manifold,https://www.summitracing.com/parts/edl-2104,4,0,form_submit
100,101,2025-01-01,05:30:11,Edelbrock Performer RPM Intake Manifold,https://www.summitracing.com/parts/edl-2104,1,0,link
101,102,2025-01-01,05:30:32,"Porsche 911 Review, Price, and Specs - Car and Driver",https://www.caranddriver.com/reviews/porsche-911-review,4,0,link
102,103,2025-01-01,05:25:12,X (Twitter): Home,https://twitter.com/home,5,0,link
103,104,2025-01-01,05:32:35,Best Summer Tires for Track Days,https://www.google.com/search?q=best+track+day+tires,5,0,typed
104,105,2025-01-01,05:26:27,Mechanic Advice Reddit - Rust repair tips,https://www.reddit.com/r/mechanicadvice/comments/abc_thread,1,0,typed
105,106,2025-01-01,05:20:05,The Weather Channel - Weather.com,https://www.weather.com/,3,0,link
106,107,2025-01-01,05:17:29,Amazon.com: Online Shopping,https://www.amazon.com/,1,0,generated
107,108,2025-01-01,05:24:21,Mechanic Advice Reddit - Rust repair tips,https://www.reddit.com/r/mechanicadvice/comments/abc_thread,1,0,link
108,109,2025-01-01,05:18:10,Best Summer Tires for Track Days,https://www.google.com/search?q=best+track+day+tires,3,0,link
109,110,2025-01-01,05:17:37,BMW M4 Competition Test Drive | Top Gear,https://www.youtube.com/watch?v=m4_comp_review,3,0,link
110,111,2025-01-01,05:11:21,Best Summer Tires for Track Days,https://www.google.com/search?q=best+track+day+tires,1,0,link
111,112,2025-01-01,05:09:56,"Motorsports News - F1, NASCAR, Le Mans - Autoblog",https://www.autoblog.com/motorsports/,4,0,typed
112,113,2025-01-01,05:07:38,Gmail: Inbox,https://mail.google.com/mail/u/0/#inbox,1,0,link
113,114,2025-01-01,05:10:29,X (Twitter): Home,https://twitter.com/home,1,0,generated
114,115,2025-01-01,05:10:59,BMW M4 Competition Test Drive | Top Gear,https://www.youtube.com/watch?v=m4_comp_review,1,0,link
115,116,2025-01-01,05:02:16,Formula 1 Official Site - Latest News,https://www.formula1.com/en/latest/headlines.html,5,0,typed
116,117,2025-01-01,05:00:08,"BMW M Models, Sedans, Coupes & SUVs | BMW USA",https://www.bmwusa.com/vehicles/m-series.html,1,0,link
117,118,2025-01-01,05:02:07,Gmail: Inbox,https://mail.google.com/mail/u/0/#inbox,3,0,typed
118,119,2025-01-01,04:53:02,"Porsche 911 Review, Price, and Specs - Car and Driver",https://www.caranddriver.com/reviews/porsche-911-review,5,0,link
119,120,2025-01-01,04:58:16,Used BMW M3 for Sale - CarGurus,https://www.cargurus.com/Cars/forsale/bmw-m3-e46,5,0,link
120,121,2025-01-01,04:52:05,Best Summer Tires for Track Days,https://www.google.com/search?q=best+track+day+tires,1,0,link
121,122,2025-01-01,04:49:44,"BMW M Models, Sedans, Coupes & SUVs | BMW USA",https://www.bmwusa.com/vehicles/m-series.html,5,0,generated
122,123,2025-01-01,04:51:16,X (Twitter): Home,https://twitter.com/home,2,0,link
123,124,2025-01-01,04:50:34,"Porsche 911 Review, Price, and Specs - Car and Driver",https://www.caranddriver.com/reviews/porsche-911-review,4,0,link
124,125,2025-01-01,04:41:26,Gmail: Inbox,https://mail.google.com/mail/u/0/#inbox,1,0,typed
125,126,2025-01-01,04:40:51,"Porsche 911 Review, Price, and Specs - Car and Driver",https://www.caranddriver.com/reviews/porsche-911-review,4,0,typed
126,127,2025-01-01,04:46:23,Mechanic Advice Reddit - Rust repair tips,https://www.reddit.com/r/mechanicadvice/comments/abc_thread,3,0,link
127,128,2025-01-01,04:36:06,Mechanic Advice Reddit - Rust repair tips,https://www.reddit.com/r/mechanicadvice/comments/abc_thread,5,0,link
128,129,2025-01-01,04:40:14,Shop and Repair Guides | AutoZone,https://www.autozone.com/shop-repair-guides,2,0,link
129,130,2025-01-01,04:31:52,"Porsche 911 Review, Price, and Specs - Car and Driver",https://www.caranddriver.com/reviews/porsche-911-review,3,0,link
130,131,2025-01-01,04:36:03,Shop and Repair Guides | AutoZone,https://www.autozone.com/shop-repair-guides,5,0,link
131,132,2025-01-01,04:35:48,BMW M4 Competition Test Drive | Top Gear,https://www.youtube.com/watch?v=m4_comp_review,3,0,link
132,133,2025-01-01,04:29:30,CNN Breaking News and Video,https://www.cnn.com/,5,0,link
133,134,2025-01-01,04:26:29,Formula 1 Official Site - Latest News,https://www.formula1.com/en/latest/headlines.html,4,0,link
134,135,2025-01-01,04:23:05,Shop and Repair Guides | AutoZone,https://www.autozone.com/shop-repair-guides,2,0,generated
135,136,2025-01-01,04:25:19,"Motorsports News - F1, NASCAR, Le Mans - Autoblog",https://www.autoblog.com/motorsports/,2,0,typed
136,137,2025-01-01,04:23:12,Best Summer Tires for Track Days,https://www.google.com/search?q=best+track+day+tires,2,0,link
137,138,2025-01-01,04:18:29,Edelbrock Performer RPM Intake Manifold,https://www.summitracing.com/parts/edl-2104,2,0,link
138,139,2025-01-01,04:13:06,Performance Suspension Kits | eBay,https://www.ebay.com/b/performance-suspension/33580,5,0,link
139,140,2025-01-01,04:12:08,X (Twitter): Home,https://twitter.com/home,4,0,typed
140,141,2025-01-01,04:10:21,Edelbrock Performer RPM Intake Manifold,https://www.summitracing.com/parts/edl-2104,2,0,typed
141,142,2025-01-01,04:08:58,Formula 1 Official Site - Latest News,https://www.formula1.com/en/latest/headlines.html,5,0,link
142,143,2025-01-01,04:06:43,Mechanic Advice Reddit - Rust repair tips,https://www.reddit.com/r/mechanicadvice/comments/abc_thread,2,0,link
143,144,2025-01-01,04:12:29,Formula 1 Official Site - Latest News,https://www.formula1.com/en/latest/headlines.html,5,0,link
144,145,2025-01-01,04:05:04,"Porsche 911 Review, Price, and Specs - Car and Driver",https://www.caranddriver.com/reviews/porsche-911-review,2,0,link
145,146,2025-01-01,04:07:40,Formula 1 Official Site - Latest News,https://www.formula1.com/en/latest/headlines.html,4,0,typed
146,147,2025-01-01,04:04:22,Amazon.com: Online Shopping,https://www.amazon.com/,4,0,reload
147,148,2025-01-01,04:03:54,Mechanic Advice Reddit - Rust repair tips,https://www.reddit.com/r/mechanicadvice/comments/abc_thread,3,0,link
148,149,2025-01-01,03:55:01,Used BMW M3 for Sale - CarGurus,https://www.cargurus.com/Cars/forsale/bmw-m3-e46,3,0,form_submit
149,150,2025-01-01,03:55:29,Amazon.com: Online Shopping,https://www.amazon.com/,1,0,link
150,151,2025-01-01,03:50:43,Best Summer Tires for Track Days,https://www.google.com/search?q=best+track+day+tires,5,0,link
151,152,2025-01-01,03:47:21,Best Summer Tires for Track Days,https://www.google.com/search?q=best+track+day+tires,3,0,link
152,153,2025-01-01,03:47:56,Mechanic Advice Reddit - Rust repair tips,https://www.reddit.com/r/mechanicadvice/comments/abc_thread,2,0,link
153,154,2025-01-01,03:51:21,"Motorsports News - F1, NASCAR, Le Mans - Autoblog",https://www.autoblog.com/motorsports/,3,0,typed
154,155,2025-01-01,03:49:19,CNN Breaking News and Video,https://www.cnn.com/,1,0,link
155,156,2025-01-01,03:44:24,Amazon.com: Online Shopping,https://www.amazon.com/,1,0,typed
156,157,2025-01-01,03:46:38,Used BMW M3 for Sale - CarGurus,https://www.cargurus.com/Cars/forsale/bmw-m3-e46,5,0,link
157,158,2025-01-01,03:42:06,Best Summer Tires for Track Days,https://www.google.com/search?q=best+track+day+tires,1,0,link
158,159,2025-01-01,03:34:21,Formula 1 Official Site - Latest News,https://www.formula1.com/en/latest/headlines.html,1,0,link
159,160,2025-01-01,03:39:04,X (Twitter): Home,https://twitter.com/home,4,0,link
160,161,2025-01-01,03:37:52,Amazon.com: Online Shopping,https://www.amazon.com/,3,0,link
161,162,2025-01-01,03:27:02,Performance Suspension Kits | eBay,https://www.ebay.com/b/performance-suspension/33580,3,0,generated
162,163,2025-01-01,03:34:53,CNN Breaking News and Video,https://www.cnn.com/,3,0,link
163,164,2025-01-01,03:27:30,Amazon.com: Online Shopping,https://www.amazon.com/,2,0,link
164,165,2025-01-01,03:21:46,"Porsche 911 Review, Price, and Specs - Car and Driver",https://www.caranddriver.com/reviews/porsche-911-review,2,0,link
165,166,2025-01-01,03:28:54,Used BMW M3 for Sale - CarGurus,https://www.cargurus.com/Cars/forsale/bmw-m3-e46,1,0,reload
166,167,2025-01-01,03:24:35,The Weather Channel - Weather.com,https://www.weather.com/,2,0,typed
167,168,2025-01-01,03:20:26,Gmail: Inbox,https://mail.google.com/mail/u/0/#inbox,4,0,link
168,169,2025-01-01,03:14:05,Shop and Repair Guides | AutoZone,https://www.autozone.com/shop-repair-guides,3,0,link
169,170,2025-01-01,03:17:48,Gmail: Inbox,https://mail.google.com/mail/u/0/#inbox,1,0,link
170,171,2025-01-01,03:16:33,Formula 1 Official Site - Latest News,https://www.formula1.com/en/latest/headlines.html,4,0,link
171,172,2025-01-01,03:07:35,The Weather Channel - Weather.com,https://www.weather.com/,4,0,link
172,173,2025-01-01,03:10:41,"Motorsports News - F1, NASCAR, Le Mans - Autoblog",https://www.autoblog.com/motorsports/,1,0,link
173,174,2025-01-01,03:06:48,Formula 1 Official Site - Latest News,https://www.formula1.com/en/latest/headlines.html,3,0,link
174,175,2025-01-01,03:05:48,X (Twitter): Home,https://twitter.com/home,5,0,link
175,176,2025-01-01,03:03:20,Amazon.com: Online Shopping,https://www.amazon.com/,5,0,link
176,177,2025-01-01,03:03:25,CNN Breaking News and Video,https://www.cnn.com/,3,0,typed
177,178,2025-01-01,03:02:35,X (Twitter): Home,https://twitter.com/home,4,0,link
178,179,2025-01-01,02:55:02,Gmail: Inbox,https://mail.google.com/mail/u/0/#inbox,2,0,typed
179,180,2025-01-01,02:52:07,Amazon.com: Online Shopping,https://www.amazon.com/,3,0,link
180,181,2025-01-01,02:57:38,Formula 1 Official Site - Latest News,https://www.formula1.com/en/latest/headlines.html,2,0,link
181,182,2025-01-01,02:51:32,"BMW M Models, Sedans, Coupes & SUVs | BMW USA",https://www.bmwusa.com/vehicles/m-series.html,4,0,typed
182,183,2025-01-01,02:45:57,"BMW M Models, Sedans, Coupes & SUVs | BMW USA",https://www.bmwusa.com/vehicles/m-series.html,5,0,link
183,184,2025-01-01,02:52:57,Shop and Repair Guides | AutoZone,https://www.autozone.com/shop-repair-guides,3,0,generated
184,185,2025-01-01,02:42:54,Mechanic Advice Reddit - Rust repair tips,https://www.reddit.com/r/mechanicadvice/comments/abc_thread,5,0,link
185,186,2025-01-01,02:46:08,Performance Suspension Kits | eBay,https://www.ebay.com/b/performance-suspension/33580,2,0,link
186,187,2025-01-01,02:44:29,X (Twitter): Home,https://twitter.com/home,3,0,link
187,188,2025-01-01,02:39:44,"Porsche 911 Review, Price, and Specs - Car and Driver",https://www.caranddriver.com/reviews/porsche-911-review,2,0,link
188,189,2025-01-01,02:39:37,"Motorsports News - F1, NASCAR, Le Mans - Autoblog",https://www.autoblog.com/motorsports/,4,0,link
189,190,2025-01-01,02:31:25,The Weather Channel - Weather.com,https://www.weather.com/,3,0,link
190,191,2025-01-01,02:31:11,Shop and Repair Guides | AutoZone,https://www.autozone.com/shop-repair-guides,5,0,link
191,192,2025-01-01,02:31:18,Mechanic Advice Reddit - Rust repair tips,https://www.reddit.com/r/mechanicadvice/comments/abc_thread,5,0,link
192,193,2025-01-01,02:29:11,Gmail: Inbox,https://mail.google.com/mail/u/0/#inbox,5,0,link
193,194,2025-01-01,02:30:13,X (Twitter): Home,https://twitter.com/home,2,0,link
194,195,2025-01-01,02:28:50,Used BMW M3 for Sale - CarGurus,https://www.cargurus.com/Cars/forsale/bmw-m3-e46,2,0,link
195,196,2025-01-01,02:24:48,"BMW M Models, Sedans, Coupes & SUVs | BMW USA",https://www.bmwusa.com/vehicles/m-series.html,4,0,generated
196,197,2025-01-01,02:23:56,Edelbrock Performer RPM Intake Manifold,https://www.summitracing.com/parts/edl-2104,4,0,link
197,198,2025-01-01,02:16:25,"Porsche 911 Review, Price, and Specs - Car and Driver",https://www.caranddriver.com/reviews/porsche-911-review,5,0,link
198,199,2025-01-01,02:13:03,Shop and Repair Guides | AutoZone,https://www.autozone.com/shop-repair-guides,2,0,link
199,200,2025-01-01,02:13:38,Mechanic Advice Reddit - Rust repair tips,https://www.reddit.com/r/mechanicadvice/comments/abc_thread,1,0,link
200,201,2025-01-01,02:12:05,Gmail: Inbox,https://mail.google.com/mail/u/0/#inbox,1,0,typed
201,202,2025-01-01,02:14:32,Gmail: Inbox,https://mail.google.com/mail/u/0/#inbox,4,0,generated
202,203,2025-01-01,02:06:00,Edelbrock Performer RPM Intake Manifold,https://www.summitracing.com/parts/edl-2104,4,0,link
203,204,2025-01-01,02:12:16,Used BMW M3 for Sale - CarGurus,https://www.cargurus.com/Cars/forsale/bmw-m3-e46,3,0,link
204,205,2025-01-01,02:10:36,X (Twitter): Home,https://twitter.com/home,2,0,link
205,206,2025-01-01,02:00:20,Edelbrock Performer RPM Intake Manifold,https://www.summitracing.com/parts/edl-2104,2,0,link
206,207,2025-01-01,02:01:18,Shop and Repair Guides | AutoZone,https://www.autozone.com/shop-repair-guides,5,0,generated
207,208,2025-01-01,02:00:17,Edelbrock Performer RPM Intake Manifold,https://www.summitracing.com/parts/edl-2104,2,0,link
208,209,2025-01-01,01:56:30,The Weather Channel - Weather.com,https://www.weather.com/,3,0,link
209,210,2025-01-01,01:52:13,Gmail: Inbox,https://mail.google.com/mail/u/0/#inbox,2,0,link
210,211,2025-01-01,01:53:22,Gmail: Inbox,https://mail.google.com/mail/u/0/#inbox,5,0,link
211,212,2025-01-01,01:47:56,X (Twitter): Home,https://twitter.com/home,1,0,link
212,213,2025-01-01,01:54:29,BMW M4 Competition Test Drive | Top Gear,https://www.youtube.com/watch?v=m4_comp_review,3,0,link
213,214,2025-01-01,01:49:46,Used BMW M3 for Sale - CarGurus,https://www.cargurus.com/Cars/forsale/bmw-m3-e46,3,0,typed
214,215,2025-01-01,01:45:40,Amazon.com: Online Shopping,https://www.amazon.com/,4,0,link
215,216,2025-01-01,01:42:53,BMW M4 Competition Test Drive | Top Gear,https://www.youtube.com/watch?v=m4_comp_review,4,0,typed
216,217,2025-01-01,01:44:48,CNN Breaking News and Video,https://www.cnn.com/,1,0,typed
217,218,2025-01-01,01:37:56,Gmail: Inbox,https://mail.google.com/mail/u/0/#inbox,5,0,link
218,219,2025-01-01,01:37:34,Edelbrock Performer RPM Intake Manifold,https://www.summitracing.com/parts/edl-2104,1,0,typed
219,220,2025-01-01,01:35:05,Best Summer Tires for Track Days,https://www.google.com/search?q=best+track+day+tires,2,0,link
220,221,2025-01-01,01:31:45,Edelbrock Performer RPM Intake Manifold,https://www.summitracing.com/parts/edl-2104,1,0,reload
221,222,2025-01-01,01:27:19,Amazon.com: Online Shopping,https://www.amazon.com/,1,0,link
222,223,2025-01-01,01:30:49,Amazon.com: Online Shopping,https://www.amazon.com/,5,0,link
223,224,2025-01-01,01:30:30,"BMW M Models, Sedans, Coupes & SUVs | BMW USA",https://www.bmwusa.com/vehicles/m-series.html,4,0,link
224,225,2025-01-01,01:23:25,Used BMW M3 for Sale - CarGurus,https://www.cargurus.com/Cars/forsale/bmw-m3-e46,4,0,generated
225,226,2025-01-01,01:22:34,Formula 1 Official Site - Latest News,https://www.formula1.com/en/latest/headlines.html,5,0,link
226,227,2025-01-01,01:20:22,"Porsche 911 Review, Price, and Specs - Car and Driver",https://www.caranddriver.com/reviews/porsche-911-review,1,0,link
227,228,2025-01-01,01:16:30,The Weather Channel - Weather.com,https://www.weather.com/,5,0,generated
228,229,2025-01-01,01:16:17,Shop and Repair Guides | AutoZone,https://www.autozone.com/shop-repair-guides,4,0,link
229,230,2025-01-01,01:12:41,The Weather Channel - Weather.com,https://www.weather.com/,4,0,link
230,231,2025-01-01,01:17:33,Best Summer Tires for Track Days,https://www.google.com/search?q=best+track+day+tires,4,0,link
231,232,2025-01-01,01:15:31,Mechanic Advice Reddit - Rust repair tips,https://www.reddit.com/r/mechanicadvice/comments/abc_thread,1,0,link
232,233,2025-01-01,01:13:57,CNN Breaking News and Video,https://www.cnn.com/,4,0,link
233,234,2025-01-01,01:10:08,Performance Suspension Kits | eBay,https://www.ebay.com/b/performance-suspension/33580,5,0,link
234,235,2025-01-01,01:02:56,Shop and Repair Guides | AutoZone,https://www.autozone.com/shop-repair-guides,1,0,link
235,236,2025-01-01,01:05:36,BMW M4 Competition Test Drive | Top Gear,https://www.youtube.com/watch?v=m4_comp_review,4,0,typed
236,237,2025-01-01,01:05:42,Amazon.com: Online Shopping,https://www.amazon.com/,4,0,link
237,238,2025-01-01,01:02:55,"BMW M Models, Sedans, Coupes & SUVs | BMW USA",https://www.bmwusa.com/vehicles/m-series.html,2,0,link
238,239,2025-01-01,01:02:18,"Porsche 911 Review, Price, and Specs - Car and Driver",https://www.caranddriver.com/reviews/porsche-911-review,1,0,link
239,240,2025-01-01,00:54:09,Best Summer Tires for Track Days,https://www.google.com/search?q=best+track+day+tires,3,0,typed
240,241,2025-01-01,00:53:09,Gmail: Inbox,https://mail.google.com/mail/u/0/#inbox,3,0,link
241,242,2025-01-01,00:56:02,Gmail: Inbox,https://mail.google.com/mail/u/0/#inbox,4,0,link
242,243,2025-01-01,00:46:34,Best Summer Tires for Track Days,https://www.google.com/search?q=best+track+day+tires,1,0,link
243,244,2025-01-01,00:49:50,Amazon.com: Online Shopping,https://www.amazon.com/,4,0,typed
244,245,2025-01-01,00:50:52,BMW M4 Competition Test Drive | Top Gear,https://www.youtube.com/watch?v=m4_comp_review,3,0,link
245,246,2025-01-01,00:47:08,X (Twitter): Home,https://twitter.com/home,1,0,typed
246,247,2025-01-01,00:37:52,Edelbrock Performer RPM Intake Manifold,https://www.summitracing.com/parts/edl-2104,5,0,typed
247,248,2025-01-01,00:40:41,Shop and Repair Guides | AutoZone,https://www.autozone.com/shop-repair-guides,1,0,typed
248,249,2025-01-01,00:38:24,"BMW M Models, Sedans, Coupes & SUVs | BMW USA",https://www.bmwusa.com/vehicles/m-series.html,3,0,link
249,250,2025-01-01,00:35:28,Used BMW M3 for Sale - CarGurus,https://www.cargurus.com/Cars/forsale/bmw-m3-e46,5,0,link
250,251,2025-01-01,00:32:27,BMW M4 Competition Test Drive | Top Gear,https://www.youtube.com/watch?v=m4_comp_review,5,0,link
251,252,2025-01-01,00:29:40,Shop and Repair Guides | AutoZone,https://www.autozone.com/shop-repair-guides,1,0,link
252,253,2025-01-01,00:34:39,X (Twitter): Home,https://twitter.com/home,5,0,link
253,254,2025-01-01,00:32:09,Shop and Repair Guides | AutoZone,https://www.autozone.com/shop-repair-guides,3,0,link
254,255,2025-01-01,00:23:44,Gmail: Inbox,https://mail.google.com/mail/u/0/#inbox,4,0,reload
255,256,2025-01-01,00:24:02,Mechanic Advice Reddit - Rust repair tips,https://www.reddit.com/r/mechanicadvice/comments/abc_thread,2,0,typed
256,257,2025-01-01,00:19:14,X (Twitter): Home,https://twitter.com/home,2,0,link
257,258,2025-01-01,00:22:01,Edelbrock Performer RPM Intake Manifold,https://www.summitracing.com/parts/edl-2104,5,0,generated
258,259,2025-01-01,00:21:43,Best Summer Tires for Track Days,https://www.google.com/search?q=best+track+day+tires,5,0,link
259,260,2025-01-01,00:19:43,Gmail: Inbox,https://mail.google.com/mail/u/0/#inbox,1,0,typed
260,261,2025-01-01,00:12:36,Mechanic Advice Reddit - Rust repair tips,https://www.reddit.com/r/mechanicadvice/comments/abc_thread,1,0,typed
261,262,2025-01-01,00:11:16,Gmail: Inbox,https://mail.google.com/mail/u/0/#inbox,4,0,link
262,263,2025-01-01,00:14:07,Gmail: Inbox,https://mail.google.com/mail/u/0/#inbox,1,0,link
263,264,2025-01-01,00:04:25,Mechanic Advice Reddit - Rust repair tips,https://www.reddit.com/r/mechanicadvice/comments/abc_thread,1,0,typed
264,265,2025-01-01,00:04:33,Gmail: Inbox,https://mail.google.com/mail/u/0/#inbox,5,0,link
265,266,2025-01-01,00:07:22,CNN Breaking News and Video,https://www.cnn.com/,1,0,link
266,267,2025-01-01,00:00:58,Used BMW M3 for Sale - CarGurus,https://www.cargurus.com/Cars/forsale/bmw-m3-e46,3,0,typed
267,268,2025-01-01,00:03:41,Gmail: Inbox,https://mail.google.com/mail/u/0/#inbox,4,0,link
268,269,2024-12-31,23:53:44,The Weather Channel - Weather.com,https://www.weather.com/,2,0,generated
269,270,2024-12-31,23:58:52,Amazon.com: Online Shopping,https://www.amazon.com/,2,0,link
270,271,2024-12-31,23:58:22,"Motorsports News - F1, NASCAR, Le Mans - Autoblog",https://www.autoblog.com/motorsports/,4,0,link
271,272,2024-12-31,23:48:54,Performance Suspension Kits | eBay,https://www.ebay.com/b/performance-suspension/33580,2,0,link
272,273,2024-12-31,23:45:45,"BMW M Models, Sedans, Coupes & SUVs | BMW USA",https://www.bmwusa.com/vehicles/m-series.html,1,0,link
273,274,2024-12-31,23:43:41,Mechanic Advice Reddit - Rust repair tips,https://www.reddit.com/r/mechanicadvice/comments/abc_thread,4,0,link
274,275,2024-12-31,23:46:28,Amazon.com: Online Shopping,https://www.amazon.com/,3,0,link
275,276,2024-12-31,23:47:36,Used BMW M3 for Sale - CarGurus,https://www.cargurus.com/Cars/forsale/bmw-m3-e46,4,0,typed
276,277,2024-12-31,23:42:49,The Weather Channel - Weather.com,https://www.weather.com/,4,0,link
277,278,2024-12-31,23:35:13,Performance Suspension Kits | eBay,https://www.ebay.com/b/performance-suspension/33580,5,0,link
278,279,2024-12-31,23:35:56,The Weather Channel - Weather.com,https://www.weather.com/,5,0,link
279,280,2024-12-31,23:33:51,Edelbrock Performer RPM Intake Manifold,https://www.summitracing.com/parts/edl-2104,1,0,link
280,281,2024-12-31,23:38:38,"BMW M Models, Sedans, Coupes & SUVs | BMW USA",https://www.bmwusa.com/vehicles/m-series.html,1,0,link
281,282,2024-12-31,23:30:25,"Motorsports News - F1, NASCAR, Le Mans - Autoblog",https://www.autoblog.com/motorsports/,3,0,generated
282,283,2024-12-31,23:33:23,Best Summer Tires for Track Days,https://www.google.com/search?q=best+track+day+tires,1,0,link
283,284,2024-12-31,23:31:38,Mechanic Advice Reddit - Rust repair tips,https://www.reddit.com/r/mechanicadvice/comments/abc_thread,2,0,link
284,285,2024-12-31,23:27:29,Performance Suspension Kits | eBay,https://www.ebay.com/b/performance-suspension/33580,3,0,link
285,286,2024-12-31,23:20:39,"Porsche 911 Review, Price, and Specs - Car and Driver",https://www.caranddriver.com/reviews/porsche-911-review,5,0,form_submit
286,287,2024-12-31,23:21:09,Mechanic Advice Reddit - Rust repair tips,https://www.reddit.com/r/mechanicadvice/comments/abc_thread,4,0,link
287,288,2024-12-31,23:22:20,Amazon.com: Online Shopping,https://www.amazon.com/,4,0,generated
288,289,2024-12-31,23:17:03,Formula 1 Official Site - Latest News,https://www.formula1.com/en/latest/headlines.html,3,0,typed
289,290,2024-12-31,23:17:11,Mechanic Advice Reddit - Rust repair tips,https://www.reddit.com/r/mechanicadvice/comments/abc_thread,5,0,link
290,291,2024-12-31,23:09:17,Formula 1 Official Site - Latest News,https://www.formula1.com/en/latest/headlines.html,4,0,typed
291,292,2024-12-31,23:15:50,BMW M4 Competition Test Drive | Top Gear,https://www.youtube.com/watch?v=m4_comp_review,2,0,link
292,293,2024-12-31,23:06:09,"Porsche 911 Review, Price, and Specs - Car and Driver",https://www.caranddriver.com/reviews/porsche-911-review,2,0,link
293,294,2024-12-31,23:07:45,Edelbrock Performer RPM Intake Manifold,https://www.summitracing.com/parts/edl-2104,4,0,typed
294,295,2024-12-31,23:05:32,X (Twitter): Home,https://twitter.com/home,5,0,link
295,296,2024-12-31,23:05:56,Edelbrock Performer RPM Intake Manifold,https://www.summitracing.com/parts/edl-2104,1,0,typed
296,297,2024-12-31,23:01:19,Edelbrock Performer RPM Intake Manifold,https://www.summitracing.com/parts/edl-2104,1,0,link
297,298,2024-12-31,22:58:03,Edelbrock Performer RPM Intake Manifold,https://www.summitracing.com/parts/edl-2104,4,0,typed
298,299,2024-12-31,22:59:01,Best Summer Tires for Track Days,https://www.google.com/search?q=best+track+day+tires,5,0,link
299,300,2024-12-31,23:00:07,Amazon.com: Online Shopping,https://www.amazon.com/,1,0,link
300,301,2024-12-31,22:54:31,"BMW M Models, Sedans, Coupes & SUVs | BMW USA",https://www.bmwusa.com/vehicles/m-series.html,4,0,link
301,302,2024-12-31,22:56:59,"Porsche 911 Review, Price, and Specs - Car and Driver",https://www.caranddriver.com/reviews/porsche-911-review,5,0,link
302,303,2024-12-31,22:49:54,"Motorsports News - F1, NASCAR, Le Mans - Autoblog",https://www.autoblog.com/motorsports/,2,0,form_submit
303,304,2024-12-31,22:51:36,Gmail: Inbox,https://mail.google.com/mail/u/0/#inbox,4,0,typed
304,305,2024-12-31,22:43:09,CNN Breaking News and Video,https://www.cnn.com/,5,0,typed
305,306,2024-12-31,22:41:54,Shop and Repair Guides | AutoZone,https://www.autozone.com/shop-repair-guides,1,0,link
306,307,2024-12-31,22:45:31,Edelbrock Performer RPM Intake Manifold,https://www.summitracing.com/parts/edl-2104,2,0,link
307,308,2024-12-31,22:36:44,Used BMW M3 for Sale - CarGurus,https://www.cargurus.com/Cars/forsale/bmw-m3-e46,3,0,typed
308,309,2024-12-31,22:39:36,The Weather Channel - Weather.com,https://www.weather.com/,1,0,typed
309,310,2024-12-31,22:33:58,Edelbrock Performer RPM Intake Manifold,https://www.summitracing.com/parts/edl-2104,1,0,link
310,311,2024-12-31,22:31:19,"Porsche 911 Review, Price, and Specs - Car and Driver",https://www.caranddriver.com/reviews/porsche-911-review,1,0,generated
311,312,2024-12-31,22:30:10,Used BMW M3 for Sale - CarGurus,https://www.cargurus.com/Cars/forsale/bmw-m3-e46,5,0,link
312,313,2024-12-31,22:34:53,Best Summer Tires for Track Days,https://www.google.com/search?q=best+track+day+tires,4,0,link
313,314,2024-12-31,22:31:03,Used BMW M3 for Sale - CarGurus,https://www.cargurus.com/Cars/forsale/bmw-m3-e46,1,0,link
314,315,2024-12-31,22:21:59,"Motorsports News - F1, NASCAR, Le Mans - Autoblog",https://www.autoblog.com/motorsports/,1,0,link
315,316,2024-12-31,22:19:50,The Weather Channel - Weather.com,https://www.weather.com/,4,0,link
316,317,2024-12-31,22:22:36,Gmail: Inbox,https://mail.google.com/mail/u/0/#inbox,4,0,reload
317,318,2024-12-31,22:17:15,"BMW M Models, Sedans, Coupes & SUVs | BMW USA",https://www.bmwusa.com/vehicles/m-series.html,4,0,generated
318,319,2024-12-31,22:19:54,CNN Breaking News and Video,https://www.cnn.com/,4,0,link
319,320,2024-12-31,22:11:14,"BMW M Models, Sedans, Coupes & SUVs | BMW USA",https://www.bmwusa.com/vehicles/m-series.html,4,0,link
320,321,2024-12-31,22:09:16,Performance Suspension Kits | eBay,https://www.ebay.com/b/performance-suspension/33580,4,0,link
321,322,2024-12-31,22:07:40,"BMW M Models, Sedans, Coupes & SUVs | BMW USA",https://www.bmwusa.com/vehicles/m-series.html,3,0,link
322,323,2024-12-31,22:14:08,CNN Breaking News and Video,https://www.cnn.com/,1,0,link
323,324,2024-12-31,22:11:00,The Weather Channel - Weather.com,https://www.weather.com/,2,0,link
324,325,2024-12-31,22:06:34,"Porsche 911 Review, Price, and Specs - Car and Driver",https://www.caranddriver.com/reviews/porsche-911-review,2,0,link
325,326,2024-12-31,22:00:59,"Motorsports News - F1, NASCAR, Le Mans - Autoblog",https://www.autoblog.com/motorsports/,2,0,link
326,327,2024-12-31,22:06:44,"BMW M Models, Sedans, Coupes & SUVs | BMW USA",https://www.bmwusa.com/vehicles/m-series.html,4,0,link
327,328,2024-12-31,22:01:21,CNN Breaking News and Video,https://www.cnn.com/,1,0,link
328,329,2024-12-31,21:55:26,Formula 1 Official Site - Latest News,https://www.formula1.com/en/latest/headlines.html,5,0,link
329,330,2024-12-31,21:51:20,"BMW M Models, Sedans, Coupes & SUVs | BMW USA",https://www.bmwusa.com/vehicles/m-series.html,1,0,link
330,331,2024-12-31,21:57:24,"Porsche 911 Review, Price, and Specs - Car and Driver",https://www.caranddriver.com/reviews/porsche-911-review,5,0,link
331,332,2024-12-31,21:51:32,X (Twitter): Home,https://twitter.com/home,2,0,typed
332,333,2024-12-31,21:48:58,"Motorsports News - F1, NASCAR, Le Mans - Autoblog",https://www.autoblog.com/motorsports/,2,0,generated
333,334,2024-12-31,21:43:44,Shop and Repair Guides | AutoZone,https://www.autozone.com/shop-repair-guides,1,0,typed
334,335,2024-12-31,21:42:57,BMW M4 Competition Test Drive | Top Gear,https://www.youtube.com/watch?v=m4_comp_review,3,0,typed
335,336,2024-12-31,21:43:06,Shop and Repair Guides | AutoZone,https://www.autozone.com/shop-repair-guides,5,0,link
336,337,2024-12-31,21:44:16,Used BMW M3 for Sale - CarGurus,https://www.cargurus.com/Cars/forsale/bmw-m3-e46,2,0,link
337,338,2024-12-31,21:37:38,"Porsche 911 Review, Price, and Specs - Car and Driver",https://www.caranddriver.com/reviews/porsche-911-review,1,0,link
338,339,2024-12-31,21:42:35,X (Twitter): Home,https://twitter.com/home,2,0,typed
339,340,2024-12-31,21:36:35,"BMW M Models, Sedans, Coupes & SUVs | BMW USA",https://www.bmwusa.com/vehicles/m-series.html,2,0,generated
340,341,2024-12-31,21:29:37,Performance Suspension Kits | eBay,https://www.ebay.com/b/performance-suspension/33580,1,0,link
341,342,2024-12-31,21:34:52,"Motorsports News - F1, NASCAR, Le Mans - Autoblog",https://www.autoblog.com/motorsports/,5,0,link
342,343,2024-12-31,21:34:41,Formula 1 Official Site - Latest News,https://www.formula1.com/en/latest/headlines.html,3,0,link
343,344,2024-12-31,21:26:48,"BMW M Models, Sedans, Coupes & SUVs | BMW USA",https://www.bmwusa.com/vehicles/m-series.html,1,0,reload
344,345,2024-12-31,21:22:05,Gmail: Inbox,https://mail.google.com/mail/u/0/#inbox,2,0,link
345,346,2024-12-31,21:26:44,"Porsche 911 Review, Price, and Specs - Car and Driver",https://www.caranddriver.com/reviews/porsche-911-review,5,0,link
346,347,2024-12-31,21:23:26,"Motorsports News - F1, NASCAR, Le Mans - Autoblog",https://www.autoblog.com/motorsports/,5,0,link
347,348,2024-12-31,21:15:37,Edelbrock Performer RPM Intake Manifold,https://www.summitracing.com/parts/edl-2104,1,0,link
348,349,2024-12-31,21:22:06,CNN Breaking News and Video,https://www.cnn.com/,1,0,generated
349,350,2024-12-31,21:14:06,CNN Breaking News and Video,https://www.cnn.com/,3,0,link
350,351,2024-12-31,21:13:56,Best Summer Tires for Track Days,https://www.google.com/search?q=best+track+day+tires,1,0,link
351,352,2024-12-31,21:12:15,Amazon.com: Online Shopping,https://www.amazon.com/,3,0,link
352,353,2024-12-31,21:07:10,Mechanic Advice Reddit - Rust repair tips,https://www.reddit.com/r/mechanicadvice/comments/abc_thread,5,0,link
353,354,2024-12-31,21:05:50,CNN Breaking News and Video,https://www.cnn.com/,3,0,link
354,355,2024-12-31,21:03:26,Amazon.com: Online Shopping,https://www.amazon.com/,1,0,link
355,356,2024-12-31,21:03:15,Gmail: Inbox,https://mail.google.com/mail/u/0/#inbox,5,0,typed
356,357,2024-12-31,21:02:10,Gmail: Inbox,https://mail.google.com/mail/u/0/#inbox,4,0,link
357,358,2024-12-31,20:59:54,Edelbrock Performer RPM Intake Manifold,https://www.summitracing.com/parts/edl-2104,4,0,generated
358,359,2024-12-31,20:53:07,CNN Breaking News and Video,https://www.cnn.com/,1,0,link
359,360,2024-12-31,20:56:30,Amazon.com: Online Shopping,https://www.amazon.com/,3,0,link
360,361,2024-12-31,20:56:11,Used BMW M3 for Sale - CarGurus,https://www.cargurus.com/Cars/forsale/bmw-m3-e46,5,0,link
361,362,2024-12-31,20:48:45,The Weather Channel - Weather.com,https://www.weather.com/,1,0,link
362,363,2024-12-31,20:46:38,Edelbrock Performer RPM Intake Manifold,https://www.summitracing.com/parts/edl-2104,2,0,link
363,364,2024-12-31,20:43:05,Shop and Repair Guides | AutoZone,https://www.autozone.com/shop-repair-guides,5,0,link
364,365,2024-12-31,20:49:27,"BMW M Models, Sedans, Coupes & SUVs | BMW USA",https://www.bmwusa.com/vehicles/m-series.html,4,0,link
365,366,2024-12-31,20:43:59,Formula 1 Official Site - Latest News,https://www.formula1.com/en/latest/headlines.html,4,0,link
366,367,2024-12-31,20:42:08,Best Summer Tires for Track Days,https://www.google.com/search?q=best+track+day+tires,5,0,generated
367,368,2024-12-31,20:39:42,Amazon.com: Online Shopping,https://www.amazon.com/,4,0,link
368,369,2024-12-31,20:37:08,"Porsche 911 Review, Price, and Specs - Car and Driver",https://www.caranddriver.com/reviews/porsche-911-review,1,0,link
369,370,2024-12-31,20:36:29,"BMW M Models, Sedans, Coupes & SUVs | BMW USA",https://www.bmwusa.com/vehicles/m-series.html,1,0,typed
370,371,2024-12-31,20:30:14,Performance Suspension Kits | eBay,https://www.ebay.com/b/performance-suspension/33580,5,0,link
371,372,2024-12-31,20:30:50,Formula 1 Official Site - Latest News,https://www.formula1.com/en/latest/headlines.html,2,0,typed
372,373,2024-12-31,20:26:32,Used BMW M3 for Sale - CarGurus,https://www.cargurus.com/Cars/forsale/bmw-m3-e46,4,0,link
373,374,2024-12-31,20:23:51,The Weather Channel - Weather.com,https://www.weather.com/,1,0,link
374,375,2024-12-31,20:29:41,Mechanic Advice Reddit - Rust repair tips,https://www.reddit.com/r/mechanicadvice/comments/abc_thread,5,0,link
375,376,2024-12-31,20:22:35,Gmail: Inbox,https://mail.google.com/mail/u/0/#inbox,2,0,link
376,377,2024-12-31,20:23:43,"Motorsports News - F1, NASCAR, Le Mans - Autoblog",https://www.autoblog.com/motorsports/,4,0,link
377,378,2024-12-31,20:21:14,Mechanic Advice Reddit - Rust repair tips,https://www.reddit.com/r/mechanicadvice/comments/abc_thread,1,0,form_submit
378,379,2024-12-31,20:18:18,"Motorsports News - F1, NASCAR, Le Mans - Autoblog",https://www.autoblog.com/motorsports/,2,0,typed
379,380,2024-12-31,20:18:56,The Weather Channel - Weather.com,https://www.weather.com/,4,0,form_submit
380,381,2024-12-31,20:17:12,CNN Breaking News and Video,https://www.cnn.com/,2,0,link
381,382,2024-12-31,20:10:52,The Weather Channel - Weather.com,https://www.weather.com/,3,0,generated
382,383,2024-12-31,20:08:14,BMW M4 Competition Test Drive | Top Gear,https://www.youtube.com/watch?v=m4_comp_review,2,0,typed
383,384,2024-12-31,20:03:47,Used BMW M3 for Sale - CarGurus,https://www.cargurus.com/Cars/forsale/bmw-m3-e46,2,0,link
384,385,2024-12-31,20:09:49,Edelbrock Performer RPM Intake Manifold,https://www.summitracing.com/parts/edl-2104,5,0,link
385,386,2024-12-31,19:59:16,Shop and Repair Guides | AutoZone,https://www.autozone.com/shop-repair-guides,2,0,link
386,387,2024-12-31,20:04:46,CNN Breaking News and Video,https://www.cnn.com/,5,0,link
387,388,2024-12-31,20:02:37,Formula 1 Official Site - Latest News,https://www.formula1.com/en/latest/headlines.html,1,0,link
388,389,2024-12-31,20:02:40,"BMW M Models, Sedans, Coupes & SUVs | BMW USA",https://www.bmwusa.com/vehicles/m-series.html,2,0,link
389,390,2024-12-31,19:53:48,Formula 1 Official Site - Latest News,https://www.formula1.com/en/latest/headlines.html,2,0,link
390,391,2024-12-31,19:58:45,"Porsche 911 Review, Price, and Specs - Car and Driver",https://www.caranddriver.com/reviews/porsche-911-review,2,0,typed
391,392,2024-12-31,19:47:49,"Porsche 911 Review, Price, and Specs - Car and Driver",https://www.caranddriver.com/reviews/porsche-911-review,4,0,link
392,393,2024-12-31,19:47:19,Performance Suspension Kits | eBay,https://www.ebay.com/b/performance-suspension/33580,4,0,link
393,394,2024-12-31,19:44:48,CNN Breaking News and Video,https://www.cnn.com/,5,0,link
394,395,2024-12-31,19:45:54,Performance Suspension Kits | eBay,https://www.ebay.com/b/performance-suspension/33580,2,0,link
395,396,2024-12-31,19:39:31,Performance Suspension Kits | eBay,https://www.ebay.com/b/performance-suspension/33580,2,0,link
396,397,2024-12-31,19:42:26,Best Summer Tires for Track Days,https://www.google.com/search?q=best+track+day+tires,2,0,typed
397,398,2024-12-31,19:37:21,X (Twitter): Home,https://twitter.com/home,2,0,generated
398,399,2024-12-31,19:34:25,Edelbrock Performer RPM Intake Manifold,https://www.summitracing.com/parts/edl-2104,2,0,link
399,400,2024-12-31,19:36:35,Amazon.com: Online Shopping,https://www.amazon.com/,1,0,reload
400,401,2024-12-31,19:33:19,Shop and Repair Guides | AutoZone,https://www.autozone.com/shop-repair-guides,1,0,link
401,402,2024-12-31,19:32:09,Formula 1 Official Site - Latest News,https://www.formula1.com/en/latest/headlines.html,3,0,link
402,403,2024-12-31,19:33:06,Gmail: Inbox,https://mail.google.com/mail/u/0/#inbox,4,0,reload
403,404,2024-12-31,19:24:35,X (Twitter): Home,https://twitter.com/home,5,0,generated
404,405,2024-12-31,19:25:05,Mechanic Advice Reddit - Rust repair tips,https://www.reddit.com/r/mechanicadvice/comments/abc_thread,3,0,link
405,406,2024-12-31,19:19:48,"Porsche 911 Review, Price, and Specs - Car and Driver",https://www.caranddriver.com/reviews/porsche-911-review,5,0,link
406,407,2024-12-31,19:18:35,X (Twitter): Home,https://twitter.com/home,2,0,link
407,408,2024-12-31,19:22:19,"BMW M Models, Sedans, Coupes & SUVs | BMW USA",https://www.bmwusa.com/vehicles/m-series.html,5,0,link
408,409,2024-12-31,19:17:12,Gmail: Inbox,https://mail.google.com/mail/u/0/#inbox,5,0,generated
409,410,2024-12-31,19:13:03,X (Twitter): Home,https://twitter.com/home,4,0,link
410,411,2024-12-31,19:11:36,BMW M4 Competition Test Drive | Top Gear,https://www.youtube.com/watch?v=m4_comp_review,4,0,form_submit
411,412,2024-12-31,19:15:28,"Motorsports News - F1, NASCAR, Le Mans - Autoblog",https://www.autoblog.com/motorsports/,5,0,link
412,413,2024-12-31,19:06:06,Edelbrock Performer RPM Intake Manifold,https://www.summitracing.com/parts/edl-2104,4,0,link
413,414,2024-12-31,19:04:46,BMW M4 Competition Test Drive | Top Gear,https://www.youtube.com/watch?v=m4_comp_review,5,0,generated
414,415,2024-12-31,19:03:09,CNN Breaking News and Video,https://www.cnn.com/,5,0,generated
415,416,2024-12-31,19:03:17,Mechanic Advice Reddit - Rust repair tips,https://www.reddit.com/r/mechanicadvice/comments/abc_thread,5,0,link
416,417,2024-12-31,19:04:13,Shop and Repair Guides | AutoZone,https://www.autozone.com/shop-repair-guides,5,0,generated
417,418,2024-12-31,19:02:07,"Motorsports News - F1, NASCAR, Le Mans - Autoblog",https://www.autoblog.com/motorsports/,4,0,generated
418,419,2024-12-31,18:55:05,Mechanic Advice Reddit - Rust repair tips,https://www.reddit.com/r/mechanicadvice/comments/abc_thread,2,0,reload
419,420,2024-12-31,19:00:28,Used BMW M3 for Sale - CarGurus,https://www.cargurus.com/Cars/forsale/bmw-m3-e46,5,0,link
420,421,2024-12-31,18:53:54,"BMW M Models, Sedans, Coupes & SUVs | BMW USA",https://www.bmwusa.com/vehicles/m-series.html,4,0,generated
421,422,2024-12-31,18:55:22,BMW M4 Competition Test Drive | Top Gear,https://www.youtube.com/watch?v=m4_comp_review,2,0,link
422,423,2024-12-31,18:50:15,BMW M4 Competition Test Drive | Top Gear,https://www.youtube.com/watch?v=m4_comp_review,1,0,generated
423,424,2024-12-31,18:46:06,Amazon.com: Online Shopping,https://www.amazon.com/,3,0,link
424,425,2024-12-31,18:41:46,BMW M4 Competition Test Drive | Top Gear,https://www.youtube.com/watch?v=m4_comp_review,1,0,link
425,426,2024-12-31,18:45:13,Best Summer Tires for Track Days,https://www.google.com/search?q=best+track+day+tires,5,0,link
426,427,2024-12-31,18:41:48,"Motorsports News - F1, NASCAR, Le Mans - Autoblog",https://www.autoblog.com/motorsports/,3,0,typed
427,428,2024-12-31,18:35:13,"BMW M Models, Sedans, Coupes & SUVs | BMW USA",https://www.bmwusa.com/vehicles/m-series.html,1,0,typed
428,429,2024-12-31,18:37:59,X (Twitter): Home,https://twitter.com/home,1,0,generated
429,430,2024-12-31,18:36:03,Mechanic Advice Reddit - Rust repair tips,https://www.reddit.com/r/mechanicadvice/comments/abc_thread,3,0,generated
430,431,2024-12-31,18:32:03,Edelbrock Performer RPM Intake Manifold,https://www.summitracing.com/parts/edl-2104,1,0,link
431,432,2024-12-31,18:33:15,Best Summer Tires for Track Days,https://www.google.com/search?q=best+track+day+tires,4,0,generated
432,433,2024-12-31,18:29:01,The Weather Channel - Weather.com,https://www.weather.com/,3,0,link
433,434,2024-12-31,18:30:36,The Weather Channel - Weather.com,https://www.weather.com/,5,0,link
434,435,2024-12-31,18:29:58,Gmail: Inbox,https://mail.google.com/mail/u/0/#inbox,5,0,typed
435,436,2024-12-31,18:24:50,"Motorsports News - F1, NASCAR, Le Mans - Autoblog",https://www.autoblog.com/motorsports/,2,0,link
436,437,2024-12-31,18:22:58,Performance Suspension Kits | eBay,https://www.ebay.com/b/performance-suspension/33580,2,0,link
437,438,2024-12-31,18:19:26,Formula 1 Official Site - Latest News,https://www.formula1.com/en/latest/headlines.html,5,0,link
438,439,2024-12-31,18:16:50,Edelbrock Performer RPM Intake Manifold,https://www.summitracing.com/parts/edl-2104,3,0,link
439,440,2024-12-31,18:16:54,CNN Breaking News and Video,https://www.cnn.com/,2,0,typed
440,441,2024-12-31,18:18:25,X (Twitter): Home,https://twitter.com/home,2,0,link
441,442,2024-12-31,18:14:38,Shop and Repair Guides | AutoZone,https://www.autozone.com/shop-repair-guides,1,0,link
442,443,2024-12-31,18:14:38,"Porsche 911 Review, Price, and Specs - Car and Driver",https://www.caranddriver.com/reviews/porsche-911-review,2,0,link
443,444,2024-12-31,18:06:31,Edelbrock Performer RPM Intake Manifold,https://www.summitracing.com/parts/edl-2104,2,0,generated
444,445,2024-12-31,18:05:05,The Weather Channel - Weather.com,https://www.weather.com/,2,0,link
445,446,2024-12-31,18:03:54,"Porsche 911 Review, Price, and Specs - Car and Driver",https://www.caranddriver.com/reviews/porsche-911-review,1,0,link
446,447,2024-12-31,18:04:21,BMW M4 Competition Test Drive | Top Gear,https://www.youtube.com/watch?v=m4_comp_review,4,0,link
447,448,2024-12-31,18:02:25,Edelbrock Performer RPM Intake Manifold,https://www.summitracing.com/parts/edl-2104,5,0,link
448,449,2024-12-31,18:00:06,Shop and Repair Guides | AutoZone,https://www.autozone.com/shop-repair-guides,5,0,link
449,450,2024-12-31,17:51:51,Gmail: Inbox,https://mail.google.com/mail/u/0/#inbox,1,0,link
450,451,2024-12-31,17:52:12,Used BMW M3 for Sale - CarGurus,https://www.cargurus.com/Cars/forsale/bmw-m3-e46,4,0,link
451,452,2024-12-31,17:56:55,BMW M4 Competition Test Drive | Top Gear,https://www.youtube.com/watch?v=m4_comp_review,1,0,link
452,453,2024-12-31,17:51:31,X (Twitter): Home,https://twitter.com/home,3,0,link
453,454,2024-12-31,17:45:29,Edelbrock Performer RPM Intake Manifold,https://www.summitracing.com/parts/edl-2104,1,0,generated
454,455,2024-12-31,17:43:17,Used BMW M3 for Sale - CarGurus,https://www.cargurus.com/Cars/forsale/bmw-m3-e46,5,0,link
455,456,2024-12-31,17:43:55,The Weather Channel - Weather.com,https://www.weather.com/,5,0,typed
456,457,2024-12-31,17:39:56,CNN Breaking News and Video,https://www.cnn.com/,5,0,form_submit
457,458,2024-12-31,17:43:50,Performance Suspension Kits | eBay,https://www.ebay.com/b/performance-suspension/33580,1,0,link
458,459,2024-12-31,17:39:50,Gmail: Inbox,https://mail.google.com/mail/u/0/#inbox,1,0,typed
459,460,2024-12-31,17:32:38,Best Summer Tires for Track Days,https://www.google.com/search?q=best+track+day+tires,2,0,link
460,461,2024-12-31,17:30:08,Amazon.com: Online Shopping,https://www.amazon.com/,2,0,link
461,462,2024-12-31,17:28:04,CNN Breaking News and Video,https://www.cnn.com/,2,0,link
462,463,2024-12-31,17:29:22,Shop and Repair Guides | AutoZone,https://www.autozone.com/shop-repair-guides,1,0,link
463,464,2024-12-31,17:23:04,Shop and Repair Guides | AutoZone,https://www.autozone.com/shop-repair-guides,3,0,link
464,465,2024-12-31,17:27:39,Shop and Repair Guides | AutoZone,https://www.autozone.com/shop-repair-guides,3,0,link
465,466,2024-12-31,17:19:38,Formula 1 Official Site - Latest News,https://www.formula1.com/en/latest/headlines.html,5,0,link
466,467,2024-12-31,17:26:39,Formula 1 Official Site - Latest News,https://www.formula1.com/en/latest/headlines.html,4,0,link
467,468,2024-12-31,17:24:12,"Porsche 911 Review, Price, and Specs - Car and Driver",https://www.caranddriver.com/reviews/porsche-911-review,4,0,typed
468,469,2024-12-31,17:14:39,"Motorsports News - F1, NASCAR, Le Mans - Autoblog",https://www.autoblog.com/motorsports/,3,0,link
469,470,2024-12-31,17:17:30,"Motorsports News - F1, NASCAR, Le Mans - Autoblog",https://www.autoblog.com/motorsports/,5,0,typed
470,471,2024-12-31,17:15:00,CNN Breaking News and Video,https://www.cnn.com/,4,0,link
471,472,2024-12-31,17:12:18,Amazon.com: Online Shopping,https://www.amazon.com/,5,0,link
472,473,2024-12-31,17:09:24,"Porsche 911 Review, Price, and Specs - Car and Driver",https://www.caranddriver.com/reviews/porsche-911-review,1,0,reload
473,474,2024-12-31,17:09:18,"BMW M Models, Sedans, Coupes & SUVs | BMW USA",https://www.bmwusa.com/vehicles/m-series.html,5,0,link
474,475,2024-12-31,17:05:32,Performance Suspension Kits | eBay,https://www.ebay.com/b/performance-suspension/33580,4,0,link
475,476,2024-12-31,17:08:27,"BMW M Models, Sedans, Coupes & SUVs | BMW USA",https://www.bmwusa.com/vehicles/m-series.html,5,0,link
476,477,2024-12-31,17:06:09,The Weather Channel - Weather.com,https://www.weather.com/,5,0,form_submit
477,478,2024-12-31,17:02:33,The Weather Channel - Weather.com,https://www.weather.com/,2,0,link
478,479,2024-12-31,17:01:33,X (Twitter): Home,https://twitter.com/home,4,0,form_submit
479,480,2024-12-31,16:55:52,Best Summer Tires for Track Days,https://www.google.com/search?q=best+track+day+tires,5,0,link
480,481,2024-12-31,16:57:08,Best Summer Tires for Track Days,https://www.google.com/search?q=best+track+day+tires,4,0,link
481,482,2024-12-31,16:55:43,"Porsche 911 Review, Price, and Specs - Car and Driver",https://www.caranddriver.com/reviews/porsche-911-review,2,0,link
482,483,2024-12-31,16:47:21,Formula 1 Official Site - Latest News,https://www.formula1.com/en/latest/headlines.html,2,0,link
483,484,2024-12-31,16:50:51,Mechanic Advice Reddit - Rust repair tips,https://www.reddit.com/r/mechanicadvice/comments/abc_thread,4,0,typed
484,485,2024-12-31,16:44:46,Performance Suspension Kits | eBay,https://www.ebay.com/b/performance-suspension/33580,3,0,link
485,486,2024-12-31,16:47:10,Gmail: Inbox,https://mail.google.com/mail/u/0/#inbox,2,0,link
486,487,2024-12-31,16:39:36,"BMW M Models, Sedans, Coupes & SUVs | BMW USA",https://www.bmwusa.com/vehicles/m-series.html,4,0,link
487,488,2024-12-31,16:42:42,The Weather Channel - Weather.com,https://www.weather.com/,4,0,generated
488,489,2024-12-31,16:39:37,BMW M4 Competition Test Drive | Top Gear,https://www.youtube.com/watch?v=m4_comp_review,5,0,link
489,490,2024-12-31,16:36:53,CNN Breaking News and Video,https://www.cnn.com/,3,0,typed
490,491,2024-12-31,16:31:02,Amazon.com: Online Shopping,https://www.amazon.com/,5,0,link
491,492,2024-12-31,16:29:33,Shop and Repair Guides | AutoZone,https://www.autozone.com/shop-repair-guides,4,0,link
492,493,2024-12-31,16:27:49,Gmail: Inbox,https://mail.google.com/mail/u/0/#inbox,4,0,link
493,494,2024-12-31,16:25:53,BMW M4 Competition Test Drive | Top Gear,https://www.youtube.com/watch?v=m4_comp_review,5,0,link
494,495,2024-12-31,16:30:30,BMW M4 Competition Test Drive | Top Gear,https://www.youtube.com/watch?v=m4_comp_review,3,0,link
495,496,2024-12-31,16:24:17,Performance Suspension Kits | eBay,https://www.ebay.com/b/performance-suspension/33580,5,0,link
496,497,2024-12-31,16:24:44,The Weather Channel - Weather.com,https://www.weather.com/,5,0,link
497,498,2024-12-31,16:22:19,X (Twitter): Home,https://twitter.com/home,5,0,link
498,499,2024-12-31,16:14:45,"BMW M Models, Sedans, Coupes & SUVs | BMW USA",https://www.bmwusa.com/vehicles/m-series.html,5,0,link
499,500,2024-12-31,16:20:18,Best Summer Tires for Track Days,https://www.google.com/search?q=best+track+day+tires,4,0,typed
500,501,2024-12-31,16:19:00,Mechanic Advice Reddit - Rust repair tips,https://www.reddit.com/r/mechanicadvice/comments/abc_thread,5,0,generated
501,502,2024-12-31,16:08:07,BMW M4 Competition Test Drive | Top Gear,https://www.youtube.com/watch?v=m4_comp_review,4,0,typed
502,503,2024-12-31,16:14:50,BMW M4 Competition Test Drive | Top Gear,https://www.youtube.com/watch?v=m4_comp_review,4,0,link
503,504,2024-12-31,16:03:18,Gmail: Inbox,https://mail.google.com/mail/u/0/#inbox,2,0,link
504,505,2024-12-31,16:04:19,Edelbrock Performer RPM Intake Manifold,https://www.summitracing.com/parts/edl-2104,4,0,typed
505,506,2024-12-31,16:08:30,Mechanic Advice Reddit - Rust repair tips,https://www.reddit.com/r/mechanicadvice/comments/abc_thread,5,0,link
506,507,2024-12-31,16:05:00,"Motorsports News - F1, NASCAR, Le Mans - Autoblog",https://www.autoblog.com/motorsports/,1,0,typed
507,508,2024-12-31,16:01:14,BMW M4 Competition Test Drive | Top Gear,https://www.youtube.com/watch?v=m4_comp_review,2,0,link
508,509,2024-12-31,16:01:12,"Motorsports News - F1, NASCAR, Le Mans - Autoblog",https://www.autoblog.com/motorsports/,2,0,link
509,510,2024-12-31,15:57:15,X (Twitter): Home,https://twitter.com/home,4,0,link
510,511,2024-12-31,15:52:08,The Weather Channel - Weather.com,https://www.weather.com/,3,0,generated
511,512,2024-12-31,15:55:49,Used BMW M3 for Sale - CarGurus,https://www.cargurus.com/Cars/forsale/bmw-m3-e46,4,0,link
512,513,2024-12-31,15:53:22,Used BMW M3 for Sale - CarGurus,https://www.cargurus.com/Cars/forsale/bmw-m3-e46,4,0,typed
513,514,2024-12-31,15:48:33,"Motorsports News - F1, NASCAR, Le Mans - Autoblog",https://www.autoblog.com/motorsports/,5,0,link
514,515,2024-12-31,15:41:23,Used BMW M3 for Sale - CarGurus,https://www.cargurus.com/Cars/forsale/bmw-m3-e46,4,0,generated
515,516,2024-12-31,15:39:25,CNN Breaking News and Video,https://www.cnn.com/,5,0,link
516,517,2024-12-31,15:37:47,"Motorsports News - F1, NASCAR, Le Mans - Autoblog",https://www.autoblog.com/motorsports/,1,0,typed
517,518,2024-12-31,15:43:17,Best Summer Tires for Track Days,https://www.google.com/search?q=best+track+day+tires,1,0,link
518,519,2024-12-31,15:38:09,X (Twitter): Home,https://twitter.com/home,5,0,link
519,520,2024-12-31,15:36:25,Formula 1 Official Site - Latest News,https://www.formula1.com/en/latest/headlines.html,2,0,reload
520,521,2024-12-31,15:38:22,Performance Suspension Kits | eBay,https://www.ebay.com/b/performance-suspension/33580,5,0,link
521,522,2024-12-31,15:31:30,"BMW M Models, Sedans, Coupes & SUVs | BMW USA",https://www.bmwusa.com/vehicles/m-series.html,1,0,link
522,523,2024-12-31,15:32:05,"Porsche 911 Review, Price, and Specs - Car and Driver",https://www.caranddriver.com/reviews/porsche-911-review,5,0,link
523,524,2024-12-31,15:25:56,Best Summer Tires for Track Days,https://www.google.com/search?q=best+track+day+tires,1,0,typed
524,525,2024-12-31,15:28:23,X (Twitter): Home,https://twitter.com/home,3,0,link
525,526,2024-12-31,15:25:30,Used BMW M3 for Sale - CarGurus,https://www.cargurus.com/Cars/forsale/bmw-m3-e46,3,0,link
526,527,2024-12-31,15:17:53,BMW M4 Competition Test Drive | Top Gear,https://www.youtube.com/watch?v=m4_comp_review,1,0,link
527,528,2024-12-31,15:18:45,"Porsche 911 Review, Price, and Specs - Car and Driver",https://www.caranddriver.com/reviews/porsche-911-review,2,0,link
528,529,2024-12-31,15:14:58,Amazon.com: Online Shopping,https://www.amazon.com/,4,0,typed
529,530,2024-12-31,15:13:22,Shop and Repair Guides | AutoZone,https://www.autozone.com/shop-repair-guides,1,0,link
530,531,2024-12-31,15:09:57,Mechanic Advice Reddit - Rust repair tips,https://www.reddit.com/r/mechanicadvice/comments/abc_thread,4,0,link
531,532,2024-12-31,15:10:50,Amazon.com: Online Shopping,https://www.amazon.com/,4,0,link
532,533,2024-12-31,15:09:17,Mechanic Advice Reddit - Rust repair tips,https://www.reddit.com/r/mechanicadvice/comments/abc_thread,2,0,link
533,534,2024-12-31,15:05:29,BMW M4 Competition Test Drive | Top Gear,https://www.youtube.com/watch?v=m4_comp_review,1,0,generated
534,535,2024-12-31,15:02:43,Shop and Repair Guides | AutoZone,https://www.autozone.com/shop-repair-guides,4,0,link
535,536,2024-12-31,14:59:54,Gmail: Inbox,https://mail.google.com/mail/u/0/#inbox,3,0,link
536,537,2024-12-31,15:03:52,Performance Suspension Kits | eBay,https://www.ebay.com/b/performance-suspension/33580,1,0,typed
537,538,2024-12-31,15:01:33,Best Summer Tires for Track Days,https://www.google.com/search?q=best+track+day+tires,3,0,link
538,539,2024-12-31,15:00:42,The Weather Channel - Weather.com,https://www.weather.com/,5,0,link
539,540,2024-12-31,15:01:00,Performance Suspension Kits | eBay,https://www.ebay.com/b/performance-suspension/33580,5,0,link
540,541,2024-12-31,14:54:11,Best Summer Tires for Track Days,https://www.google.com/search?q=best+track+day+tires,2,0,link
541,542,2024-12-31,14:55:41,Formula 1 Official Site - Latest News,https://www.formula1.com/en/latest/headlines.html,1,0,link
542,543,2024-12-31,14:51:10,Amazon.com: Online Shopping,https://www.amazon.com/,5,0,link
543,544,2024-12-31,14:50:48,Used BMW M3 for Sale - CarGurus,https://www.cargurus.com/Cars/forsale/bmw-m3-e46,4,0,link
544,545,2024-12-31,14:50:15,Edelbrock Performer RPM Intake Manifold,https://www.summitracing.com/parts/edl-2104,1,0,link
545,546,2024-12-31,14:46:03,CNN Breaking News and Video,https://www.cnn.com/,4,0,link
546,547,2024-12-31,14:44:48,The Weather Channel - Weather.com,https://www.weather.com/,4,0,link
547,548,2024-12-31,14:44:52,CNN Breaking News and Video,https://www.cnn.com/,3,0,link
548,549,2024-12-31,14:38:08,Mechanic Advice Reddit - Rust repair tips,https://www.reddit.com/r/mechanicadvice/comments/abc_thread,3,0,generated
549,550,2024-12-31,14:31:42,Edelbrock Performer RPM Intake Manifold,https://www.summitracing.com/parts/edl-2104,4,0,generated
550,551,2024-12-31,14:30:00,"Motorsports News - F1, NASCAR, Le Mans - Autoblog",https://www.autoblog.com/motorsports/,5,0,link
551,552,2024-12-31,14:31:38,Gmail: Inbox,https://mail.google.com/mail/u/0/#inbox,3,0,link
552,553,2024-12-31,14:33:54,"BMW M Models, Sedans, Coupes & SUVs | BMW USA",https://www.bmwusa.com/vehicles/m-series.html,4,0,reload
553,554,2024-12-31,14:32:44,Best Summer Tires for Track Days,https://www.google.com/search?q=best+track+day+tires,5,0,link
554,555,2024-12-31,14:21:13,Formula 1 Official Site - Latest News,https://www.formula1.com/en/latest/headlines.html,4,0,link
555,556,2024-12-31,14:24:21,X (Twitter): Home,https://twitter.com/home,2,0,link
556,557,2024-12-31,14:25:03,Formula 1 Official Site - Latest News,https://www.formula1.com/en/latest/headlines.html,4,0,generated
557,558,2024-12-31,14:21:10,Edelbrock Performer RPM Intake Manifold,https://www.summitracing.com/parts/edl-2104,1,0,link
558,559,2024-12-31,14:16:41,Shop and Repair Guides | AutoZone,https://www.autozone.com/shop-repair-guides,3,0,link
559,560,2024-12-31,14:14:46,Mechanic Advice Reddit - Rust repair tips,https://www.reddit.com/r/mechanicadvice/comments/abc_thread,1,0,link
560,561,2024-12-31,14:12:45,Edelbrock Performer RPM Intake Manifold,https://www.summitracing.com/parts/edl-2104,3,0,link
561,562,2024-12-31,14:15:41,Performance Suspension Kits | eBay,https://www.ebay.com/b/performance-suspension/33580,4,0,link
562,563,2024-12-31,14:08:32,"Motorsports News - F1, NASCAR, Le Mans - Autoblog",https://www.autoblog.com/motorsports/,2,0,link
563,564,2024-12-31,14:04:46,Mechanic Advice Reddit - Rust repair tips,https://www.reddit.com/r/mechanicadvice/comments/abc_thread,5,0,link
564,565,2024-12-31,14:01:47,Used BMW M3 for Sale - CarGurus,https://www.cargurus.com/Cars/forsale/bmw-m3-e46,2,0,link
565,566,2024-12-31,14:05:00,BMW M4 Competition Test Drive | Top Gear,https://www.youtube.com/watch?v=m4_comp_review,4,0,link
566,567,2024-12-31,14:04:41,Edelbrock Performer RPM Intake Manifold,https://www.summitracing.com/parts/edl-2104,2,0,link
567,568,2024-12-31,13:58:36,Mechanic Advice Reddit - Rust repair tips,https://www.reddit.com/r/mechanicadvice/comments/abc_thread,3,0,typed
568,569,2024-12-31,13:56:05,Gmail: Inbox,https://mail.google.com/mail/u/0/#inbox,3,0,typed
569,570,2024-12-31,13:54:09,The Weather Channel - Weather.com,https://www.weather.com/,5,0,link
570,571,2024-12-31,13:57:06,Mechanic Advice Reddit - Rust repair tips,https://www.reddit.com/r/mechanicadvice/comments/abc_thread,2,0,link
571,572,2024-12-31,13:54:14,CNN Breaking News and Video,https://www.cnn.com/,5,0,form_submit
572,573,2024-12-31,13:54:56,X (Twitter): Home,https://twitter.com/home,5,0,typed
573,574,2024-12-31,13:43:41,"BMW M Models, Sedans, Coupes & SUVs | BMW USA",https://www.bmwusa.com/vehicles/m-series.html,4,0,link
574,575,2024-12-31,13:41:40,Best Summer Tires for Track Days,https://www.google.com/search?q=best+track+day+tires,1,0,link
575,576,2024-12-31,13:45:38,"Porsche 911 Review, Price, and Specs - Car and Driver",https://www.caranddriver.com/reviews/porsche-911-review,1,0,link
576,577,2024-12-31,13:37:50,BMW M4 Competition Test Drive | Top Gear,https://www.youtube.com/watch?v=m4_comp_review,5,0,link
577,578,2024-12-31,13:42:59,Gmail: Inbox,https://mail.google.com/mail/u/0/#inbox,2,0,link
578,579,2024-12-31,13:33:02,Formula 1 Official Site - Latest News,https://www.formula1.com/en/latest/headlines.html,1,0,link
579,580,2024-12-31,13:36:22,"Motorsports News - F1, NASCAR, Le Mans - Autoblog",https://www.autoblog.com/motorsports/,4,0,typed
580,581,2024-12-31,13:31:58,Performance Suspension Kits | eBay,https://www.ebay.com/b/performance-suspension/33580,3,0,link
581,582,2024-12-31,13:34:34,The Weather Channel - Weather.com,https://www.weather.com/,4,0,typed
582,583,2024-12-31,13:34:51,Best Summer Tires for Track Days,https://www.google.com/search?q=best+track+day+tires,4,0,form_submit
583,584,2024-12-31,13:30:03,"Motorsports News - F1, NASCAR, Le Mans - Autoblog",https://www.autoblog.com/motorsports/,1,0,link
584,585,2024-12-31,13:26:57,Best Summer Tires for Track Days,https://www.google.com/search?q=best+track+day+tires,4,0,link
585,586,2024-12-31,13:21:46,Mechanic Advice Reddit - Rust repair tips,https://www.reddit.com/r/mechanicadvice/comments/abc_thread,5,0,link
586,587,2024-12-31,13:22:28,Shop and Repair Guides | AutoZone,https://www.autozone.com/shop-repair-guides,2,0,typed
587,588,2024-12-31,13:23:55,Mechanic Advice Reddit - Rust repair tips,https://www.reddit.com/r/mechanicadvice/comments/abc_thread,3,0,link
588,589,2024-12-31,13:16:48,Shop and Repair Guides | AutoZone,https://www.autozone.com/shop-repair-guides,5,0,link
589,590,2024-12-31,13:12:53,BMW M4 Competition Test Drive | Top Gear,https://www.youtube.com/watch?v=m4_comp_review,4,0,link
590,591,2024-12-31,13:18:52,"BMW M Models, Sedans, Coupes & SUVs | BMW USA",https://www.bmwusa.com/vehicles/m-series.html,5,0,link
591,592,2024-12-31,13:09:24,BMW M4 Competition Test Drive | Top Gear,https://www.youtube.com/watch?v=m4_comp_review,5,0,link
592,593,2024-12-31,13:06:41,The Weather Channel - Weather.com,https://www.weather.com/,5,0,link
593,594,2024-12-31,13:04:53,"Porsche 911 Review, Price, and Specs - Car and Driver",https://www.caranddriver.com/reviews/porsche-911-review,1,0,link
594,595,2024-12-31,13:04:29,"Motorsports News - F1, NASCAR, Le Mans - Autoblog",https://www.autoblog.com/motorsports/,4,0,link
595,596,2024-12-31,13:07:54,Formula 1 Official Site - Latest News,https://www.formula1.com/en/latest/headlines.html,4,0,link
596,597,2024-12-31,13:05:14,BMW M4 Competition Test Drive | Top Gear,https://www.youtube.com/watch?v=m4_comp_review,4,0,typed
597,598,2024-12-31,12:58:39,Formula 1 Official Site - Latest News,https://www.formula1.com/en/latest/headlines.html,1,0,typed
598,599,2024-12-31,12:55:16,"BMW M Models, Sedans, Coupes & SUVs | BMW USA",https://www.bmwusa.com/vehicles/m-series.html,4,0,typed
599,600,2024-12-31,12:56:05,The Weather Channel - Weather.com,https://www.weather.com/,2,0,link
600,601,2024-12-31,12:58:03,Formula 1 Official Site - Latest News,https://www.formula1.com/en/latest/headlines.html,5,0,link
601,602,2024-12-31,12:56:34,BMW M4 Competition Test Drive | Top Gear,https://www.youtube.com/watch?v=m4_comp_review,2,0,link
602,603,2024-12-31,12:46:57,Amazon.com: Online Shopping,https://www.amazon.com/,3,0,typed
603,604,2024-12-31,12:50:15,CNN Breaking News and Video,https://www.cnn.com/,5,0,typed
604,605,2024-12-31,12:41:14,Best Summer Tires for Track Days,https://www.google.com/search?q=best+track+day+tires,5,0,typed
605,606,2024-12-31,12:44:16,Used BMW M3 for Sale - CarGurus,https://www.cargurus.com/Cars/forsale/bmw-m3-e46,1,0,link
606,607,2024-12-31,12:43:09,"Porsche 911 Review, Price, and Specs - Car and Driver",https://www.caranddriver.com/reviews/porsche-911-review,1,0,link
607,608,2024-12-31,12:36:18,BMW M4 Competition Test Drive | Top Gear,https://www.youtube.com/watch?v=m4_comp_review,2,0,form_submit
608,609,2024-12-31,12:38:58,Edelbrock Performer RPM Intake Manifold,https://www.summitracing.com/parts/edl-2104,1,0,typed
609,610,2024-12-31,12:33:25,Formula 1 Official Site - Latest News,https://www.formula1.com/en/latest/headlines.html,5,0,generated
610,611,2024-12-31,12:34:08,Edelbrock Performer RPM Intake Manifold,https://www.summitracing.com/parts/edl-2104,4,0,link
611,612,2024-12-31,12:27:15,X (Twitter): Home,https://twitter.com/home,1,0,link
612,613,2024-12-31,12:30:37,Formula 1 Official Site - Latest News,https://www.formula1.com/en/latest/headlines.html,1,0,link
613,614,2024-12-31,12:26:22,"BMW M Models, Sedans, Coupes & SUVs | BMW USA",https://www.bmwusa.com/vehicles/m-series.html,1,0,link
614,615,2024-12-31,12:21:23,Edelbrock Performer RPM Intake Manifold,https://www.summitracing.com/parts/edl-2104,1,0,link
615,616,2024-12-31,12:20:35,"Porsche 911 Review, Price, and Specs - Car and Driver",https://www.caranddriver.com/reviews/porsche-911-review,4,0,form_submit
616,617,2024-12-31,12:19:04,Shop and Repair Guides | AutoZone,https://www.autozone.com/shop-repair-guides,1,0,link
617,618,2024-12-31,12:21:59,Used BMW M3 for Sale - CarGurus,https://www.cargurus.com/Cars/forsale/bmw-m3-e46,4,0,link
618,619,2024-12-31,12:15:16,BMW M4 Competition Test Drive | Top Gear,https://www.youtube.com/watch?v=m4_comp_review,5,0,link
619,620,2024-12-31,12:20:05,BMW M4 Competition Test Drive | Top Gear,https://www.youtube.com/watch?v=m4_comp_review,3,0,link
620,621,2024-12-31,12:17:41,X (Twitter): Home,https://twitter.com/home,1,0,typed
621,622,2024-12-31,12:10:09,"Motorsports News - F1, NASCAR, Le Mans - Autoblog",https://www.autoblog.com/motorsports/,2,0,form_submit
622,623,2024-12-31,12:06:46,Best Summer Tires for Track Days,https://www.google.com/search?q=best+track+day+tires,1,0,link
623,624,2024-12-31,12:05:10,Formula 1 Official Site - Latest News,https://www.formula1.com/en/latest/headlines.html,4,0,link
624,625,2024-12-31,12:06:23,Mechanic Advice Reddit - Rust repair tips,https://www.reddit.com/r/mechanicadvice/comments/abc_thread,1,0,link
625,626,2024-12-31,12:04:57,"Motorsports News - F1, NASCAR, Le Mans - Autoblog",https://www.autoblog.com/motorsports/,4,0,link
626,627,2024-12-31,11:58:54,Amazon.com: Online Shopping,https://www.amazon.com/,3,0,link
627,628,2024-12-31,12:01:02,"Porsche 911 Review, Price, and Specs - Car and Driver",https://www.caranddriver.com/reviews/porsche-911-review,3,0,typed
628,629,2024-12-31,11:57:41,Mechanic Advice Reddit - Rust repair tips,https://www.reddit.com/r/mechanicadvice/comments/abc_thread,5,0,link
629,630,2024-12-31,11:58:07,The Weather Channel - Weather.com,https://www.weather.com/,4,0,link
630,631,2024-12-31,11:50:13,Mechanic Advice Reddit - Rust repair tips,https://www.reddit.com/r/mechanicadvice/comments/abc_thread,1,0,link
631,632,2024-12-31,11:50:40,Gmail: Inbox,https://mail.google.com/mail/u/0/#inbox,5,0,link
632,633,2024-12-31,11:52:02,CNN Breaking News and Video,https://www.cnn.com/,5,0,link
633,634,2024-12-31,11:51:33,"Motorsports News - F1, NASCAR, Le Mans - Autoblog",https://www.autoblog.com/motorsports/,5,0,link
634,635,2024-12-31,11:50:59,Formula 1 Official Site - Latest News,https://www.formula1.com/en/latest/headlines.html,4,0,link
635,636,2024-12-31,11:47:33,Amazon.com: Online Shopping,https://www.amazon.com/,3,0,generated
636,637,2024-12-31,11:38:12,Formula 1 Official Site - Latest News,https://www.formula1.com/en/latest/headlines.html,4,0,link
637,638,2024-12-31,11:41:20,Gmail: Inbox,https://mail.google.com/mail/u/0/#inbox,4,0,link
638,639,2024-12-31,11:37:11,Amazon.com: Online Shopping,https://www.amazon.com/,5,0,generated
639,640,2024-12-31,11:34:05,Amazon.com: Online Shopping,https://www.amazon.com/,2,0,link
640,641,2024-12-31,11:34:11,Gmail: Inbox,https://mail.google.com/mail/u/0/#inbox,2,0,generated
641,642,2024-12-31,11:34:34,Mechanic Advice Reddit - Rust repair tips,https://www.reddit.com/r/mechanicadvice/comments/abc_thread,1,0,link
642,643,2024-12-31,11:32:52,The Weather Channel - Weather.com,https://www.weather.com/,4,0,link
643,644,2024-12-31,11:25:59,Gmail: Inbox,https://mail.google.com/mail/u/0/#inbox,1,0,link
644,645,2024-12-31,11:28:00,BMW M4 Competition Test Drive | Top Gear,https://www.youtube.com/watch?v=m4_comp_review,4,0,typed
645,646,2024-12-31,11:24:23,Edelbrock Performer RPM Intake Manifold,https://www.summitracing.com/parts/edl-2104,1,0,link
646,647,2024-12-31,11:25:17,BMW M4 Competition Test Drive | Top Gear,https://www.youtube.com/watch?v=m4_comp_review,4,0,generated
647,648,2024-12-31,11:17:50,Shop and Repair Guides | AutoZone,https://www.autozone.com/shop-repair-guides,3,0,generated
648,649,2024-12-31,11:22:33,Used BMW M3 for Sale - CarGurus,https://www.cargurus.com/Cars/forsale/bmw-m3-e46,1,0,link
649,650,2024-12-31,11:19:25,Mechanic Advice Reddit - Rust repair tips,https://www.reddit.com/r/mechanicadvice/comments/abc_thread,3,0,link
650,651,2024-12-31,11:14:47,Best Summer Tires for Track Days,https://www.google.com/search?q=best+track+day+tires,2,0,typed
651,652,2024-12-31,11:15:42,"Motorsports News - F1, NASCAR, Le Mans - Autoblog",https://www.autoblog.com/motorsports/,3,0,link
652,653,2024-12-31,11:14:31,BMW M4 Competition Test Drive | Top Gear,https://www.youtube.com/watch?v=m4_comp_review,1,0,link
653,654,2024-12-31,11:09:25,Amazon.com: Online Shopping,https://www.amazon.com/,4,0,link
654,655,2024-12-31,11:04:46,Gmail: Inbox,https://mail.google.com/mail/u/0/#inbox,1,0,typed
655,656,2024-12-31,11:03:04,"Porsche 911 Review, Price, and Specs - Car and Driver",https://www.caranddriver.com/reviews/porsche-911-review,5,0,typed
656,657,2024-12-31,10:58:44,"Porsche 911 Review, Price, and Specs - Car and Driver",https://www.caranddriver.com/reviews/porsche-911-review,3,0,reload
657,658,2024-12-31,11:02:57,Formula 1 Official Site - Latest News,https://www.formula1.com/en/latest/headlines.html,3,0,link
658,659,2024-12-31,10:57:03,"BMW M Models, Sedans, Coupes & SUVs | BMW USA",https://www.bmwusa.com/vehicles/m-series.html,4,0,link
659,660,2024-12-31,10:59:34,Amazon.com: Online Shopping,https://www.amazon.com/,4,0,generated
660,661,2024-12-31,10:55:20,BMW M4 Competition Test Drive | Top Gear,https://www.youtube.com/watch?v=m4_comp_review,1,0,link
661,662,2024-12-31,10:49:55,Best Summer Tires for Track Days,https://www.google.com/search?q=best+track+day+tires,1,0,link
662,663,2024-12-31,10:52:52,The Weather Channel - Weather.com,https://www.weather.com/,1,0,link
663,664,2024-12-31,10:46:23,Mechanic Advice Reddit - Rust repair tips,https://www.reddit.com/r/mechanicadvice/comments/abc_thread,5,0,link
664,665,2024-12-31,10:46:41,"Porsche 911 Review, Price, and Specs - Car and Driver",https://www.caranddriver.com/reviews/porsche-911-review,5,0,link
665,666,2024-12-31,10:41:00,Amazon.com: Online Shopping,https://www.amazon.com/,1,0,typed
666,667,2024-12-31,10:37:12,"Porsche 911 Review, Price, and Specs - Car and Driver",https://www.caranddriver.com/reviews/porsche-911-review,3,0,typed
667,668,2024-12-31,10:43:37,Gmail: Inbox,https://mail.google.com/mail/u/0/#inbox,5,0,link
668,669,2024-12-31,10:34:32,Amazon.com: Online Shopping,https://www.amazon.com/,1,0,typed
669,670,2024-12-31,10:40:03,Amazon.com: Online Shopping,https://www.amazon.com/,4,0,typed
670,671,2024-12-31,10:37:49,"Porsche 911 Review, Price, and Specs - Car and Driver",https://www.caranddriver.com/reviews/porsche-911-review,1,0,link
671,672,2024-12-31,10:36:26,"BMW M Models, Sedans, Coupes & SUVs | BMW USA",https://www.bmwusa.com/vehicles/m-series.html,5,0,link
672,673,2024-12-31,10:28:06,Gmail: Inbox,https://mail.google.com/mail/u/0/#inbox,1,0,link
673,674,2024-12-31,10:26:51,Shop and Repair Guides | AutoZone,https://www.autozone.com/shop-repair-guides,5,0,typed
674,675,2024-12-31,10:23:55,Gmail: Inbox,https://mail.google.com/mail/u/0/#inbox,1,0,typed
675,676,2024-12-31,10:28:39,BMW M4 Competition Test Drive | Top Gear,https://www.youtube.com/watch?v=m4_comp_review,5,0,typed
676,677,2024-12-31,10:26:39,"Motorsports News - F1, NASCAR, Le Mans - Autoblog",https://www.autoblog.com/motorsports/,3,0,link
677,678,2024-12-31,10:19:38,Mechanic Advice Reddit - Rust repair tips,https://www.reddit.com/r/mechanicadvice/comments/abc_thread,2,0,link
678,679,2024-12-31,10:15:33,"Motorsports News - F1, NASCAR, Le Mans - Autoblog",https://www.autoblog.com/motorsports/,3,0,link
679,680,2024-12-31,10:15:29,Mechanic Advice Reddit - Rust repair tips,https://www.reddit.com/r/mechanicadvice/comments/abc_thread,2,0,link
680,681,2024-12-31,10:09:13,Best Summer Tires for Track Days,https://www.google.com/search?q=best+track+day+tires,4,0,link
681,682,2024-12-31,10:14:18,"Porsche 911 Review, Price, and Specs - Car and Driver",https://www.caranddriver.com/reviews/porsche-911-review,2,0,link
682,683,2024-12-31,10:05:26,"BMW M Models, Sedans, Coupes & SUVs | BMW USA",https://www.bmwusa.com/vehicles/m-series.html,5,0,link
683,684,2024-12-31,10:06:50,The Weather Channel - Weather.com,https://www.weather.com/,3,0,link
684,685,2024-12-31,10:07:13,Amazon.com: Online Shopping,https://www.amazon.com/,4,0,link
685,686,2024-12-31,10:05:02,Shop and Repair Guides | AutoZone,https://www.autozone.com/shop-repair-guides,3,0,link
686,687,2024-12-31,10:01:05,Shop and Repair Guides | AutoZone,https://www.autozone.com/shop-repair-guides,1,0,link
687,688,2024-12-31,10:01:52,"BMW M Models, Sedans, Coupes & SUVs | BMW USA",https://www.bmwusa.com/vehicles/m-series.html,3,0,link
688,689,2024-12-31,10:01:01,Gmail: Inbox,https://mail.google.com/mail/u/0/#inbox,2,0,link
689,690,2024-12-31,09:57:55,"Porsche 911 Review, Price, and Specs - Car and Driver",https://www.caranddriver.com/reviews/porsche-911-review,1,0,reload
690,691,2024-12-31,09:52:18,Best Summer Tires for Track Days,https://www.google.com/search?q=best+track+day+tires,4,0,typed
691,692,2024-12-31,09:56:28,"Motorsports News - F1, NASCAR, Le Mans - Autoblog",https://www.autoblog.com/motorsports/,5,0,typed
692,693,2024-12-31,09:47:01,X (Twitter): Home,https://twitter.com/home,1,0,link
693,694,2024-12-31,09:52:47,X (Twitter): Home,https://twitter.com/home,1,0,link
694,695,2024-12-31,09:43:34,BMW M4 Competition Test Drive | Top Gear,https://www.youtube.com/watch?v=m4_comp_review,1,0,link
695,696,2024-12-31,09:47:54,Edelbrock Performer RPM Intake Manifold,https://www.summitracing.com/parts/edl-2104,5,0,typed
696,697,2024-12-31,09:41:04,The Weather Channel - Weather.com,https://www.weather.com/,2,0,link
697,698,2024-12-31,09:42:35,Shop and Repair Guides | AutoZone,https://www.autozone.com/shop-repair-guides,3,0,link
698,699,2024-12-31,09:34:09,Formula 1 Official Site - Latest News,https://www.formula1.com/en/latest/headlines.html,1,0,link
699,700,2024-12-31,09:38:05,Gmail: Inbox,https://mail.google.com/mail/u/0/#inbox,3,0,link
700,701,2024-12-31,09:33:34,Best Summer Tires for Track Days,https://www.google.com/search?q=best+track+day+tires,2,0,link
701,702,2024-12-31,09:28:04,"BMW M Models, Sedans, Coupes & SUVs | BMW USA",https://www.bmwusa.com/vehicles/m-series.html,4,0,link
702,703,2024-12-31,09:26:22,"Porsche 911 Review, Price, and Specs - Car and Driver",https://www.caranddriver.com/reviews/porsche-911-review,4,0,link
703,704,2024-12-31,09:29:19,Formula 1 Official Site - Latest News,https://www.formula1.com/en/latest/headlines.html,2,0,link
704,705,2024-12-31,09:23:23,"BMW M Models, Sedans, Coupes & SUVs | BMW USA",https://www.bmwusa.com/vehicles/m-series.html,3,0,link
705,706,2024-12-31,09:27:12,CNN Breaking News and Video,https://www.cnn.com/,1,0,typed
706,707,2024-12-31,09:26:14,Gmail: Inbox,https://mail.google.com/mail/u/0/#inbox,5,0,link
707,708,2024-12-31,09:15:51,BMW M4 Competition Test Drive | Top Gear,https://www.youtube.com/watch?v=m4_comp_review,5,0,link
708,709,2024-12-31,09:19:48,Best Summer Tires for Track Days,https://www.google.com/search?q=best+track+day+tires,4,0,link
709,710,2024-12-31,09:18:49,CNN Breaking News and Video,https://www.cnn.com/,4,0,link
710,711,2024-12-31,09:18:12,"Porsche 911 Review, Price, and Specs - Car and Driver",https://www.caranddriver.com/reviews/porsche-911-review,2,0,generated
711,712,2024-12-31,09:15:16,Performance Suspension Kits | eBay,https://www.ebay.com/b/performance-suspension/33580,2,0,link
712,713,2024-12-31,09:10:57,"Porsche 911 Review, Price, and Specs - Car and Driver",https://www.caranddriver.com/reviews/porsche-911-review,3,0,link
713,714,2024-12-31,09:05:48,"Motorsports News - F1, NASCAR, Le Mans - Autoblog",https://www.autoblog.com/motorsports/,1,0,generated
714,715,2024-12-31,09:10:12,Mechanic Advice Reddit - Rust repair tips,https://www.reddit.com/r/mechanicadvice/comments/abc_thread,5,0,typed
715,716,2024-12-31,09:05:57,Edelbrock Performer RPM Intake Manifold,https://www.summitracing.com/parts/edl-2104,1,0,link
716,717,2024-12-31,08:57:28,Best Summer Tires for Track Days,https://www.google.com/search?q=best+track+day+tires,2,0,typed
717,718,2024-12-31,09:02:11,Gmail: Inbox,https://mail.google.com/mail/u/0/#inbox,2,0,typed
718,719,2024-12-31,09:00:31,Amazon.com: Online Shopping,https://www.amazon.com/,1,0,typed
719,720,2024-12-31,09:00:14,"BMW M Models, Sedans, Coupes & SUVs | BMW USA",https://www.bmwusa.com/vehicles/m-series.html,5,0,link
720,721,2024-12-31,08:49:41,Mechanic Advice Reddit - Rust repair tips,https://www.reddit.com/r/mechanicadvice/comments/abc_thread,2,0,link
721,722,2024-12-31,08:51:36,The Weather Channel - Weather.com,https://www.weather.com/,2,0,typed
722,723,2024-12-31,08:46:41,Gmail: Inbox,https://mail.google.com/mail/u/0/#inbox,1,0,reload
723,724,2024-12-31,08:50:54,The Weather Channel - Weather.com,https://www.weather.com/,1,0,link
724,725,2024-12-31,08:46:24,Mechanic Advice Reddit - Rust repair tips,https://www.reddit.com/r/mechanicadvice/comments/abc_thread,4,0,link
725,726,2024-12-31,08:40:24,"Motorsports News - F1, NASCAR, Le Mans - Autoblog",https://www.autoblog.com/motorsports/,2,0,link
726,727,2024-12-31,08:44:37,X (Twitter): Home,https://twitter.com/home,1,0,typed
727,728,2024-12-31,08:37:17,Amazon.com: Online Shopping,https://www.amazon.com/,4,0,typed
728,729,2024-12-31,08:42:58,The Weather Channel - Weather.com,https://www.weather.com/,5,0,link
729,730,2024-12-31,08:33:35,Amazon.com: Online Shopping,https://www.amazon.com/,2,0,typed
730,731,2024-12-31,08:33:55,The Weather Channel - Weather.com,https://www.weather.com/,5,0,link
731,732,2024-12-31,08:29:18,Mechanic Advice Reddit - Rust repair tips,https://www.reddit.com/r/mechanicadvice/comments/abc_thread,4,0,link
732,733,2024-12-31,08:32:35,"Porsche 911 Review, Price, and Specs - Car and Driver",https://www.caranddriver.com/reviews/porsche-911-review,3,0,typed
733,734,2024-12-31,08:25:30,Formula 1 Official Site - Latest News,https://www.formula1.com/en/latest/headlines.html,1,0,link
734,735,2024-12-31,08:30:58,Shop and Repair Guides | AutoZone,https://www.autozone.com/shop-repair-guides,3,0,link
735,736,2024-12-31,08:21:48,Formula 1 Official Site - Latest News,https://www.formula1.com/en/latest/headlines.html,4,0,link
736,737,2024-12-31,08:20:19,X (Twitter): Home,https://twitter.com/home,4,0,link
737,738,2024-12-31,08:17:15,Used BMW M3 for Sale - CarGurus,https://www.cargurus.com/Cars/forsale/bmw-m3-e46,1,0,link
738,739,2024-12-31,08:13:42,Edelbrock Performer RPM Intake Manifold,https://www.summitracing.com/parts/edl-2104,2,0,link
739,740,2024-12-31,08:14:16,Used BMW M3 for Sale - CarGurus,https://www.cargurus.com/Cars/forsale/bmw-m3-e46,3,0,link
740,741,2024-12-31,08:11:25,BMW M4 Competition Test Drive | Top Gear,https://www.youtube.com/watch?v=m4_comp_review,5,0,link
741,742,2024-12-31,08:11:41,Best Summer Tires for Track Days,https://www.google.com/search?q=best+track+day+tires,5,0,link
742,743,2024-12-31,08:13:55,Edelbrock Performer RPM Intake Manifold,https://www.summitracing.com/parts/edl-2104,1,0,typed
743,744,2024-12-31,08:06:18,Gmail: Inbox,https://mail.google.com/mail/u/0/#inbox,3,0,link
744,745,2024-12-31,08:05:27,Edelbrock Performer RPM Intake Manifold,https://www.summitracing.com/parts/edl-2104,5,0,typed
745,746,2024-12-31,08:07:02,"Porsche 911 Review, Price, and Specs - Car and Driver",https://www.caranddriver.com/reviews/porsche-911-review,3,0,link
746,747,2024-12-31,08:02:00,Gmail: Inbox,https://mail.google.com/mail/u/0/#inbox,2,0,link
747,748,2024-12-31,07:59:17,Shop and Repair Guides | AutoZone,https://www.autozone.com/shop-repair-guides,2,0,link
748,749,2024-12-31,08:00:36,Formula 1 Official Site - Latest News,https://www.formula1.com/en/latest/headlines.html,4,0,generated
749,750,2024-12-31,07:53:58,The Weather Channel - Weather.com,https://www.weather.com/,5,0,link
750,751,2024-12-31,07:49:56,Formula 1 Official Site - Latest News,https://www.formula1.com/en/latest/headlines.html,1,0,link
751,752,2024-12-31,07:49:53,Edelbrock Performer RPM Intake Manifold,https://www.summitracing.com/parts/edl-2104,2,0,typed
752,753,2024-12-31,07:45:38,"Motorsports News - F1, NASCAR, Le Mans - Autoblog",https://www.autoblog.com/motorsports/,2,0,link
753,754,2024-12-31,07:45:33,The Weather Channel - Weather.com,https://www.weather.com/,2,0,link
754,755,2024-12-31,07:44:27,Shop and Repair Guides | AutoZone,https://www.autozone.com/shop-repair-guides,4,0,link
755,756,2024-12-31,07:41:05,Edelbrock Performer RPM Intake Manifold,https://www.summitracing.com/parts/edl-2104,3,0,generated
756,757,2024-12-31,07:42:02,Amazon.com: Online Shopping,https://www.amazon.com/,2,0,link
757,758,2024-12-31,07:36:29,CNN Breaking News and Video,https://www.cnn.com/,1,0,link
758,759,2024-12-31,07:33:55,The Weather Channel - Weather.com,https://www.weather.com/,3,0,link
759,760,2024-12-31,07:36:19,Mechanic Advice Reddit - Rust repair tips,https://www.reddit.com/r/mechanicadvice/comments/abc_thread,5,0,link
760,761,2024-12-31,07:35:32,X (Twitter): Home,https://twitter.com/home,3,0,link
761,762,2024-12-31,07:33:05,Shop and Repair Guides | AutoZone,https://www.autozone.com/shop-repair-guides,1,0,typed
762,763,2024-12-31,07:30:40,"Porsche 911 Review, Price, and Specs - Car and Driver",https://www.caranddriver.com/reviews/porsche-911-review,3,0,link
763,764,2024-12-31,07:30:38,"Motorsports News - F1, NASCAR, Le Mans - Autoblog",https://www.autoblog.com/motorsports/,4,0,typed
764,765,2024-12-31,07:27:45,Amazon.com: Online Shopping,https://www.amazon.com/,4,0,link
765,766,2024-12-31,07:20:32,Edelbrock Performer RPM Intake Manifold,https://www.summitracing.com/parts/edl-2104,5,0,typed
766,767,2024-12-31,07:20:32,Edelbrock Performer RPM Intake Manifold,https://www.summitracing.com/parts/edl-2104,2,0,generated
767,768,2024-12-31,07:24:14,X (Twitter): Home,https://twitter.com/home,3,0,link
768,769,2024-12-31,07:16:46,Shop and Repair Guides | AutoZone,https://www.autozone.com/shop-repair-guides,5,0,link
769,770,2024-12-31,07:17:09,BMW M4 Competition Test Drive | Top Gear,https://www.youtube.com/watch?v=m4_comp_review,1,0,link
770,771,2024-12-31,07:12:15,"BMW M Models, Sedans, Coupes & SUVs | BMW USA",https://www.bmwusa.com/vehicles/m-series.html,4,0,link
771,772,2024-12-31,07:16:00,CNN Breaking News and Video,https://www.cnn.com/,5,0,link
772,773,2024-12-31,07:11:29,"Motorsports News - F1, NASCAR, Le Mans - Autoblog",https://www.autoblog.com/motorsports/,5,0,link
773,774,2024-12-31,07:10:28,Amazon.com: Online Shopping,https://www.amazon.com/,3,0,link
774,775,2024-12-31,07:06:21,Gmail: Inbox,https://mail.google.com/mail/u/0/#inbox,1,0,typed
775,776,2024-12-31,07:06:50,CNN Breaking News and Video,https://www.cnn.com/,4,0,link
776,777,2024-12-31,07:05:42,Shop and Repair Guides | AutoZone,https://www.autozone.com/shop-repair-guides,5,0,link
777,778,2024-12-31,06:55:49,CNN Breaking News and Video,https://www.cnn.com/,3,0,link
778,779,2024-12-31,07:01:35,BMW M4 Competition Test Drive | Top Gear,https://www.youtube.com/watch?v=m4_comp_review,5,0,generated
779,780,2024-12-31,06:57:34,Formula 1 Official Site - Latest News,https://www.formula1.com/en/latest/headlines.html,1,0,link
780,781,2024-12-31,06:54:40,"Porsche 911 Review, Price, and Specs - Car and Driver",https://www.caranddriver.com/reviews/porsche-911-review,4,0,generated
781,782,2024-12-31,06:47:33,Best Summer Tires for Track Days,https://www.google.com/search?q=best+track+day+tires,4,0,link
782,783,2024-12-31,06:51:36,"Porsche 911 Review, Price, and Specs - Car and Driver",https://www.caranddriver.com/reviews/porsche-911-review,3,0,typed
783,784,2024-12-31,06:47:35,Formula 1 Official Site - Latest News,https://www.formula1.com/en/latest/headlines.html,3,0,link
784,785,2024-12-31,06:46:43,X (Twitter): Home,https://twitter.com/home,1,0,link
785,786,2024-12-31,06:46:59,Used BMW M3 for Sale - CarGurus,https://www.cargurus.com/Cars/forsale/bmw-m3-e46,4,0,link
786,787,2024-12-31,06:45:51,Performance Suspension Kits | eBay,https://www.ebay.com/b/performance-suspension/33580,5,0,link
787,788,2024-12-31,06:42:00,"BMW M Models, Sedans, Coupes & SUVs | BMW USA",https://www.bmwusa.com/vehicles/m-series.html,4,0,link
788,789,2024-12-31,06:34:39,X (Twitter): Home,https://twitter.com/home,5,0,link
789,790,2024-12-31,06:40:22,Formula 1 Official Site - Latest News,https://www.formula1.com/en/latest/headlines.html,3,0,link
790,791,2024-12-31,06:35:01,Mechanic Advice Reddit - Rust repair tips,https://www.reddit.com/r/mechanicadvice/comments/abc_thread,4,0,link
791,792,2024-12-31,06:30:57,Best Summer Tires for Track Days,https://www.google.com/search?q=best+track+day+tires,5,0,link
792,793,2024-12-31,06:34:45,CNN Breaking News and Video,https://www.cnn.com/,1,0,link
793,794,2024-12-31,06:31:32,Mechanic Advice Reddit - Rust repair tips,https://www.reddit.com/r/mechanicadvice/comments/abc_thread,5,0,link
794,795,2024-12-31,06:29:17,Formula 1 Official Site - Latest News,https://www.formula1.com/en/latest/headlines.html,4,0,generated
795,796,2024-12-31,06:26:25,The Weather Channel - Weather.com,https://www.weather.com/,2,0,generated
796,797,2024-12-31,06:19:35,"Motorsports News - F1, NASCAR, Le Mans - Autoblog",https://www.autoblog.com/motorsports/,5,0,generated
797,798,2024-12-31,06:19:11,Gmail: Inbox,https://mail.google.com/mail/u/0/#inbox,5,0,link
798,799,2024-12-31,06:16:59,Mechanic Advice Reddit - Rust repair tips,https://www.reddit.com/r/mechanicadvice/comments/abc_thread,3,0,typed
799,800,2024-12-31,06:17:16,Amazon.com: Online Shopping,https://www.amazon.com/,4,0,link
800,801,2024-12-31,06:10:47,Shop and Repair Guides | AutoZone,https://www.autozone.com/shop-repair-guides,1,0,typed
801,802,2024-12-31,06:12:21,"Porsche 911 Review, Price, and Specs - Car and Driver",https://www.caranddriver.com/reviews/porsche-911-review,1,0,link
802,803,2024-12-31,06:08:17,BMW M4 Competition Test Drive | Top Gear,https://www.youtube.com/watch?v=m4_comp_review,2,0,generated
803,804,2024-12-31,06:05:49,"BMW M Models, Sedans, Coupes & SUVs | BMW USA",https://www.bmwusa.com/vehicles/m-series.html,1,0,link
804,805,2024-12-31,06:07:58,CNN Breaking News and Video,https://www.cnn.com/,3,0,typed
805,806,2024-12-31,06:06:51,Amazon.com: Online Shopping,https://www.amazon.com/,2,0,link
806,807,2024-12-31,06:00:28,BMW M4 Competition Test Drive | Top Gear,https://www.youtube.com/watch?v=m4_comp_review,4,0,typed
807,808,2024-12-31,05:56:24,Formula 1 Official Site - Latest News,https://www.formula1.com/en/latest/headlines.html,5,0,link
808,809,2024-12-31,05:55:56,CNN Breaking News and Video,https://www.cnn.com/,3,0,reload
809,810,2024-12-31,05:53:37,"Porsche 911 Review, Price, and Specs - Car and Driver",https://www.caranddriver.com/reviews/porsche-911-review,4,0,link
810,811,2024-12-31,05:49:07,CNN Breaking News and Video,https://www.cnn.com/,2,0,link
811,812,2024-12-31,05:49:07,Amazon.com: Online Shopping,https://www.amazon.com/,2,0,typed
812,813,2024-12-31,05:47:41,Shop and Repair Guides | AutoZone,https://www.autozone.com/shop-repair-guides,4,0,link
813,814,2024-12-31,05:47:55,Performance Suspension Kits | eBay,https://www.ebay.com/b/performance-suspension/33580,3,0,link
814,815,2024-12-31,05:42:15,Amazon.com: Online Shopping,https://www.amazon.com/,5,0,link
815,816,2024-12-31,05:41:38,Used BMW M3 for Sale - CarGurus,https://www.cargurus.com/Cars/forsale/bmw-m3-e46,1,0,typed
816,817,2024-12-31,05:46:36,Performance Suspension Kits | eBay,https://www.ebay.com/b/performance-suspension/33580,3,0,typed
817,818,2024-12-31,05:36:58,"Porsche 911 Review, Price, and Specs - Car and Driver",https://www.caranddriver.com/reviews/porsche-911-review,3,0,link
818,819,2024-12-31,05:42:28,CNN Breaking News and Video,https://www.cnn.com/,1,0,link
819,820,2024-12-31,05:40:59,Gmail: Inbox,https://mail.google.com/mail/u/0/#inbox,5,0,link
820,821,2024-12-31,05:31:16,X (Twitter): Home,https://twitter.com/home,3,0,link
821,822,2024-12-31,05:33:43,BMW M4 Competition Test Drive | Top Gear,https://www.youtube.com/watch?v=m4_comp_review,4,0,link
822,823,2024-12-31,05:34:22,Used BMW M3 for Sale - CarGurus,https://www.cargurus.com/Cars/forsale/bmw-m3-e46,3,0,link
823,824,2024-12-31,05:26:31,Performance Suspension Kits | eBay,https://www.ebay.com/b/performance-suspension/33580,3,0,link
824,825,2024-12-31,05:24:17,Best Summer Tires for Track Days,https://www.google.com/search?q=best+track+day+tires,1,0,link
825,826,2024-12-31,05:21:38,"Motorsports News - F1, NASCAR, Le Mans - Autoblog",https://www.autoblog.com/motorsports/,1,0,generated
826,827,2024-12-31,05:26:24,Edelbrock Performer RPM Intake Manifold,https://www.summitracing.com/parts/edl-2104,3,0,typed
827,828,2024-12-31,05:18:13,CNN Breaking News and Video,https://www.cnn.com/,1,0,link
828,829,2024-12-31,05:15:21,X (Twitter): Home,https://twitter.com/home,2,0,link
829,830,2024-12-31,05:12:13,"Porsche 911 Review, Price, and Specs - Car and Driver",https://www.caranddriver.com/reviews/porsche-911-review,4,0,link
830,831,2024-12-31,05:10:09,Mechanic Advice Reddit - Rust repair tips,https://www.reddit.com/r/mechanicadvice/comments/abc_thread,3,0,link
831,832,2024-12-31,05:16:10,"Motorsports News - F1, NASCAR, Le Mans - Autoblog",https://www.autoblog.com/motorsports/,2,0,link
832,833,2024-12-31,05:14:00,CNN Breaking News and Video,https://www.cnn.com/,4,0,link
833,834,2024-12-31,05:05:30,Used BMW M3 for Sale - CarGurus,https://www.cargurus.com/Cars/forsale/bmw-m3-e46,2,0,link
834,835,2024-12-31,05:02:21,Mechanic Advice Reddit - Rust repair tips,https://www.reddit.com/r/mechanicadvice/comments/abc_thread,3,0,link
835,836,2024-12-31,05:04:24,Formula 1 Official Site - Latest News,https://www.formula1.com/en/latest/headlines.html,1,0,link
836,837,2024-12-31,05:06:38,Mechanic Advice Reddit - Rust repair tips,https://www.reddit.com/r/mechanicadvice/comments/abc_thread,2,0,link
837,838,2024-12-31,04:58:00,Mechanic Advice Reddit - Rust repair tips,https://www.reddit.com/r/mechanicadvice/comments/abc_thread,3,0,link
838,839,2024-12-31,05:02:47,Shop and Repair Guides | AutoZone,https://www.autozone.com/shop-repair-guides,2,0,link
839,840,2024-12-31,04:57:44,BMW M4 Competition Test Drive | Top Gear,https://www.youtube.com/watch?v=m4_comp_review,5,0,link
840,841,2024-12-31,04:56:12,Formula 1 Official Site - Latest News,https://www.formula1.com/en/latest/headlines.html,5,0,form_submit
841,842,2024-12-31,04:50:53,Shop and Repair Guides | AutoZone,https://www.autozone.com/shop-repair-guides,1,0,link
842,843,2024-12-31,04:48:19,"Motorsports News - F1, NASCAR, Le Mans - Autoblog",https://www.autoblog.com/motorsports/,4,0,typed
843,844,2024-12-31,04:49:06,Edelbrock Performer RPM Intake Manifold,https://www.summitracing.com/parts/edl-2104,1,0,link
844,845,2024-12-31,04:42:12,CNN Breaking News and Video,https://www.cnn.com/,1,0,typed
845,846,2024-12-31,04:39:48,Shop and Repair Guides | AutoZone,https://www.autozone.com/shop-repair-guides,3,0,form_submit
846,847,2024-12-31,04:46:31,Used BMW M3 for Sale - CarGurus,https://www.cargurus.com/Cars/forsale/bmw-m3-e46,3,0,link
847,848,2024-12-31,04:39:42,"Porsche 911 Review, Price, and Specs - Car and Driver",https://www.caranddriver.com/reviews/porsche-911-review,2,0,link
848,849,2024-12-31,04:38:53,"Motorsports News - F1, NASCAR, Le Mans - Autoblog",https://www.autoblog.com/motorsports/,5,0,typed
849,850,2024-12-31,04:40:52,Amazon.com: Online Shopping,https://www.amazon.com/,2,0,link
850,851,2024-12-31,04:33:18,Best Summer Tires for Track Days,https://www.google.com/search?q=best+track+day+tires,5,0,link
851,852,2024-12-31,04:33:06,Edelbrock Performer RPM Intake Manifold,https://www.summitracing.com/parts/edl-2104,2,0,link
852,853,2024-12-31,04:31:19,CNN Breaking News and Video,https://www.cnn.com/,1,0,typed
853,854,2024-12-31,04:29:19,Formula 1 Official Site - Latest News,https://www.formula1.com/en/latest/headlines.html,3,0,link
854,855,2024-12-31,04:23:59,The Weather Channel - Weather.com,https://www.weather.com/,2,0,link
855,856,2024-12-31,04:25:54,Mechanic Advice Reddit - Rust repair tips,https://www.reddit.com/r/mechanicadvice/comments/abc_thread,5,0,link
856,857,2024-12-31,04:18:40,Amazon.com: Online Shopping,https://www.amazon.com/,3,0,generated
857,858,2024-12-31,04:21:05,BMW M4 Competition Test Drive | Top Gear,https://www.youtube.com/watch?v=m4_comp_review,2,0,link
858,859,2024-12-31,04:19:55,Mechanic Advice Reddit - Rust repair tips,https://www.reddit.com/r/mechanicadvice/comments/abc_thread,4,0,link
859,860,2024-12-31,04:17:32,Edelbrock Performer RPM Intake Manifold,https://www.summitracing.com/parts/edl-2104,2,0,link
860,861,2024-12-31,04:15:23,"BMW M Models, Sedans, Coupes & SUVs | BMW USA",https://www.bmwusa.com/vehicles/m-series.html,5,0,generated
861,862,2024-12-31,04:15:14,"BMW M Models, Sedans, Coupes & SUVs | BMW USA",https://www.bmwusa.com/vehicles/m-series.html,3,0,typed
862,863,2024-12-31,04:09:29,Shop and Repair Guides | AutoZone,https://www.autozone.com/shop-repair-guides,5,0,link
863,864,2024-12-31,04:04:29,BMW M4 Competition Test Drive | Top Gear,https://www.youtube.com/watch?v=m4_comp_review,4,0,link
864,865,2024-12-31,04:02:16,"Motorsports News - F1, NASCAR, Le Mans - Autoblog",https://www.autoblog.com/motorsports/,2,0,form_submit
865,866,2024-12-31,04:08:19,"Porsche 911 Review, Price, and Specs - Car and Driver",https://www.caranddriver.com/reviews/porsche-911-review,2,0,link
866,867,2024-12-31,04:01:44,"BMW M Models, Sedans, Coupes & SUVs | BMW USA",https://www.bmwusa.com/vehicles/m-series.html,2,0,typed
867,868,2024-12-31,04:04:29,Amazon.com: Online Shopping,https://www.amazon.com/,3,0,form_submit
868,869,2024-12-31,03:59:48,The Weather Channel - Weather.com,https://www.weather.com/,1,0,typed
869,870,2024-12-31,03:54:45,Formula 1 Official Site - Latest News,https://www.formula1.com/en/latest/headlines.html,2,0,link
870,871,2024-12-31,03:56:39,Used BMW M3 for Sale - CarGurus,https://www.cargurus.com/Cars/forsale/bmw-m3-e46,5,0,link
871,872,2024-12-31,03:50:11,Best Summer Tires for Track Days,https://www.google.com/search?q=best+track+day+tires,4,0,typed
872,873,2024-12-31,03:52:41,"Porsche 911 Review, Price, and Specs - Car and Driver",https://www.caranddriver.com/reviews/porsche-911-review,3,0,link
873,874,2024-12-31,03:51:57,Gmail: Inbox,https://mail.google.com/mail/u/0/#inbox,1,0,typed
874,875,2024-12-31,03:50:36,Gmail: Inbox,https://mail.google.com/mail/u/0/#inbox,2,0,link
875,876,2024-12-31,03:44:15,CNN Breaking News and Video,https://www.cnn.com/,2,0,link
876,877,2024-12-31,03:46:02,Formula 1 Official Site - Latest News,https://www.formula1.com/en/latest/headlines.html,5,0,form_submit
877,878,2024-12-31,03:38:58,"Porsche 911 Review, Price, and Specs - Car and Driver",https://www.caranddriver.com/reviews/porsche-911-review,1,0,typed
878,879,2024-12-31,03:33:41,Best Summer Tires for Track Days,https://www.google.com/search?q=best+track+day+tires,4,0,link
879,880,2024-12-31,03:38:19,"BMW M Models, Sedans, Coupes & SUVs | BMW USA",https://www.bmwusa.com/vehicles/m-series.html,2,0,link
880,881,2024-12-31,03:30:56,Amazon.com: Online Shopping,https://www.amazon.com/,3,0,link
881,882,2024-12-31,03:32:54,Performance Suspension Kits | eBay,https://www.ebay.com/b/performance-suspension/33580,2,0,link
882,883,2024-12-31,03:34:17,BMW M4 Competition Test Drive | Top Gear,https://www.youtube.com/watch?v=m4_comp_review,1,0,generated
883,884,2024-12-31,03:31:50,Used BMW M3 for Sale - CarGurus,https://www.cargurus.com/Cars/forsale/bmw-m3-e46,1,0,typed
884,885,2024-12-31,03:25:29,Mechanic Advice Reddit - Rust repair tips,https://www.reddit.com/r/mechanicadvice/comments/abc_thread,3,0,link
885,886,2024-12-31,03:22:18,BMW M4 Competition Test Drive | Top Gear,https://www.youtube.com/watch?v=m4_comp_review,3,0,link
886,887,2024-12-31,03:22:18,CNN Breaking News and Video,https://www.cnn.com/,5,0,link
887,888,2024-12-31,03:16:51,Gmail: Inbox,https://mail.google.com/mail/u/0/#inbox,5,0,typed
888,889,2024-12-31,03:17:19,Best Summer Tires for Track Days,https://www.google.com/search?q=best+track+day+tires,4,0,link
889,890,2024-12-31,03:12:54,The Weather Channel - Weather.com,https://www.weather.com/,1,0,link
890,891,2024-12-31,03:17:35,Edelbrock Performer RPM Intake Manifold,https://www.summitracing.com/parts/edl-2104,4,0,link
891,892,2024-12-31,03:12:31,Mechanic Advice Reddit - Rust repair tips,https://www.reddit.com/r/mechanicadvice/comments/abc_thread,3,0,link
892,893,2024-12-31,03:09:06,"BMW M Models, Sedans, Coupes & SUVs | BMW USA",https://www.bmwusa.com/vehicles/m-series.html,1,0,link
893,894,2024-12-31,03:12:37,Amazon.com: Online Shopping,https://www.amazon.com/,2,0,generated
894,895,2024-12-31,03:01:36,BMW M4 Competition Test Drive | Top Gear,https://www.youtube.com/watch?v=m4_comp_review,4,0,link
895,896,2024-12-31,03:01:01,"Porsche 911 Review, Price, and Specs - Car and Driver",https://www.caranddriver.com/reviews/porsche-911-review,2,0,link
896,897,2024-12-31,03:00:42,Used BMW M3 for Sale - CarGurus,https://www.cargurus.com/Cars/forsale/bmw-m3-e46,4,0,generated
897,898,2024-12-31,03:01:18,Shop and Repair Guides | AutoZone,https://www.autozone.com/shop-repair-guides,3,0,link
898,899,2024-12-31,02:58:02,BMW M4 Competition Test Drive | Top Gear,https://www.youtube.com/watch?v=m4_comp_review,2,0,link
899,900,2024-12-31,02:57:31,Formula 1 Official Site - Latest News,https://www.formula1.com/en/latest/headlines.html,2,0,generated
900,901,2024-12-31,02:56:32,Edelbrock Performer RPM Intake Manifold,https://www.summitracing.com/parts/edl-2104,5,0,reload
901,902,2024-12-31,02:48:07,Performance Suspension Kits | eBay,https://www.ebay.com/b/performance-suspension/33580,5,0,link
902,903,2024-12-31,02:54:08,Formula 1 Official Site - Latest News,https://www.formula1.com/en/latest/headlines.html,5,0,typed
903,904,2024-12-31,02:46:10,"Motorsports News - F1, NASCAR, Le Mans - Autoblog",https://www.autoblog.com/motorsports/,4,0,link
904,905,2024-12-31,02:43:11,"Motorsports News - F1, NASCAR, Le Mans - Autoblog",https://www.autoblog.com/motorsports/,2,0,link
905,906,2024-12-31,02:43:45,X (Twitter): Home,https://twitter.com/home,2,0,typed
906,907,2024-12-31,02:42:01,"BMW M Models, Sedans, Coupes & SUVs | BMW USA",https://www.bmwusa.com/vehicles/m-series.html,3,0,typed
907,908,2024-12-31,02:40:39,Used BMW M3 for Sale - CarGurus,https://www.cargurus.com/Cars/forsale/bmw-m3-e46,3,0,link
908,909,2024-12-31,02:35:10,"BMW M Models, Sedans, Coupes & SUVs | BMW USA",https://www.bmwusa.com/vehicles/m-series.html,5,0,link
909,910,2024-12-31,02:36:59,Formula 1 Official Site - Latest News,https://www.formula1.com/en/latest/headlines.html,2,0,generated
910,911,2024-12-31,02:37:39,CNN Breaking News and Video,https://www.cnn.com/,1,0,reload
911,912,2024-12-31,02:27:40,Performance Suspension Kits | eBay,https://www.ebay.com/b/performance-suspension/33580,3,0,link
912,913,2024-12-31,02:28:56,BMW M4 Competition Test Drive | Top Gear,https://www.youtube.com/watch?v=m4_comp_review,4,0,link
913,914,2024-12-31,02:26:48,Amazon.com: Online Shopping,https://www.amazon.com/,5,0,link
914,915,2024-12-31,02:23:52,Best Summer Tires for Track Days,https://www.google.com/search?q=best+track+day+tires,4,0,link
915,916,2024-12-31,02:23:59,"Porsche 911 Review, Price, and Specs - Car and Driver",https://www.caranddriver.com/reviews/porsche-911-review,2,0,link
916,917,2024-12-31,02:23:48,BMW M4 Competition Test Drive | Top Gear,https://www.youtube.com/watch?v=m4_comp_review,3,0,link
917,918,2024-12-31,02:20:33,Best Summer Tires for Track Days,https://www.google.com/search?q=best+track+day+tires,4,0,link
918,919,2024-12-31,02:15:35,Gmail: Inbox,https://mail.google.com/mail/u/0/#inbox,1,0,link
919,920,2024-12-31,02:19:30,Mechanic Advice Reddit - Rust repair tips,https://www.reddit.com/r/mechanicadvice/comments/abc_thread,2,0,link
920,921,2024-12-31,02:16:16,Used BMW M3 for Sale - CarGurus,https://www.cargurus.com/Cars/forsale/bmw-m3-e46,4,0,link
921,922,2024-12-31,02:09:35,The Weather Channel - Weather.com,https://www.weather.com/,5,0,link
922,923,2024-12-31,02:06:53,Mechanic Advice Reddit - Rust repair tips,https://www.reddit.com/r/mechanicadvice/comments/abc_thread,1,0,generated
923,924,2024-12-31,02:12:14,"Porsche 911 Review, Price, and Specs - Car and Driver",https://www.caranddriver.com/reviews/porsche-911-review,2,0,reload
924,925,2024-12-31,02:08:24,Gmail: Inbox,https://mail.google.com/mail/u/0/#inbox,1,0,link
925,926,2024-12-31,02:08:53,"Motorsports News - F1, NASCAR, Le Mans - Autoblog",https://www.autoblog.com/motorsports/,3,0,link
926,927,2024-12-31,02:04:04,Mechanic Advice Reddit - Rust repair tips,https://www.reddit.com/r/mechanicadvice/comments/abc_thread,3,0,generated
927,928,2024-12-31,02:03:02,CNN Breaking News and Video,https://www.cnn.com/,3,0,link
928,929,2024-12-31,02:00:21,Formula 1 Official Site - Latest News,https://www.formula1.com/en/latest/headlines.html,4,0,link
929,930,2024-12-31,01:51:46,"Motorsports News - F1, NASCAR, Le Mans - Autoblog",https://www.autoblog.com/motorsports/,1,0,link
930,931,2024-12-31,01:54:31,"Porsche 911 Review, Price, and Specs - Car and Driver",https://www.caranddriver.com/reviews/porsche-911-review,4,0,typed
931,932,2024-12-31,01:49:16,Mechanic Advice Reddit - Rust repair tips,https://www.reddit.com/r/mechanicadvice/comments/abc_thread,4,0,link
932,933,2024-12-31,01:47:03,X (Twitter): Home,https://twitter.com/home,3,0,generated
933,934,2024-12-31,01:52:01,The Weather Channel - Weather.com,https://www.weather.com/,4,0,link
934,935,2024-12-31,01:50:01,Edelbrock Performer RPM Intake Manifold,https://www.summitracing.com/parts/edl-2104,5,0,generated
935,936,2024-12-31,01:48:33,"BMW M Models, Sedans, Coupes & SUVs | BMW USA",https://www.bmwusa.com/vehicles/m-series.html,2,0,generated
936,937,2024-12-31,01:41:39,Performance Suspension Kits | eBay,https://www.ebay.com/b/performance-suspension/33580,2,0,generated
937,938,2024-12-31,01:36:46,Mechanic Advice Reddit - Rust repair tips,https://www.reddit.com/r/mechanicadvice/comments/abc_thread,1,0,link
938,939,2024-12-31,01:38:30,Gmail: Inbox,https://mail.google.com/mail/u/0/#inbox,3,0,link
939,940,2024-12-31,01:32:45,"Motorsports News - F1, NASCAR, Le Mans - Autoblog",https://www.autoblog.com/motorsports/,4,0,link
940,941,2024-12-31,01:34:31,X (Twitter): Home,https://twitter.com/home,2,0,link
941,942,2024-12-31,01:33:21,Gmail: Inbox,https://mail.google.com/mail/u/0/#inbox,1,0,link
942,943,2024-12-31,01:29:50,Gmail: Inbox,https://mail.google.com/mail/u/0/#inbox,3,0,link
943,944,2024-12-31,01:29:01,The Weather Channel - Weather.com,https://www.weather.com/,1,0,link
944,945,2024-12-31,01:24:29,Amazon.com: Online Shopping,https://www.amazon.com/,1,0,link
945,946,2024-12-31,01:21:00,Performance Suspension Kits | eBay,https://www.ebay.com/b/performance-suspension/33580,3,0,reload
946,947,2024-12-31,01:17:12,Shop and Repair Guides | AutoZone,https://www.autozone.com/shop-repair-guides,5,0,link
947,948,2024-12-31,01:24:56,BMW M4 Competition Test Drive | Top Gear,https://www.youtube.com/watch?v=m4_comp_review,3,0,generated
948,949,2024-12-31,01:17:23,"Porsche 911 Review, Price, and Specs - Car and Driver",https://www.caranddriver.com/reviews/porsche-911-review,3,0,link
949,950,2024-12-31,01:14:19,Best Summer Tires for Track Days,https://www.google.com/search?q=best+track+day+tires,5,0,generated
950,951,2024-12-31,01:13:10,Edelbrock Performer RPM Intake Manifold,https://www.summitracing.com/parts/edl-2104,1,0,typed
951,952,2024-12-31,01:16:33,Best Summer Tires for Track Days,https://www.google.com/search?q=best+track+day+tires,2,0,link
952,953,2024-12-31,01:10:37,Performance Suspension Kits | eBay,https://www.ebay.com/b/performance-suspension/33580,2,0,link
953,954,2024-12-31,01:12:54,CNN Breaking News and Video,https://www.cnn.com/,2,0,typed
954,955,2024-12-31,01:09:52,Gmail: Inbox,https://mail.google.com/mail/u/0/#inbox,1,0,link
955,956,2024-12-31,01:02:54,Shop and Repair Guides | AutoZone,https://www.autozone.com/shop-repair-guides,5,0,link
956,957,2024-12-31,00:57:48,Shop and Repair Guides | AutoZone,https://www.autozone.com/shop-repair-guides,3,0,link
957,958,2024-12-31,01:04:49,BMW M4 Competition Test Drive | Top Gear,https://www.youtube.com/watch?v=m4_comp_review,5,0,link
958,959,2024-12-31,00:57:00,Mechanic Advice Reddit - Rust repair tips,https://www.reddit.com/r/mechanicadvice/comments/abc_thread,2,0,link
959,960,2024-12-31,00:51:56,Best Summer Tires for Track Days,https://www.google.com/search?q=best+track+day+tires,3,0,typed
960,961,2024-12-31,00:57:36,Edelbrock Performer RPM Intake Manifold,https://www.summitracing.com/parts/edl-2104,4,0,link
961,962,2024-12-31,00:51:54,Formula 1 Official Site - Latest News,https://www.formula1.com/en/latest/headlines.html,3,0,link
962,963,2024-12-31,00:45:36,"BMW M Models, Sedans, Coupes & SUVs | BMW USA",https://www.bmwusa.com/vehicles/m-series.html,2,0,link
963,964,2024-12-31,00:45:02,Formula 1 Official Site - Latest News,https://www.formula1.com/en/latest/headlines.html,1,0,link
964,965,2024-12-31,00:48:17,Best Summer Tires for Track Days,https://www.google.com/search?q=best+track+day+tires,2,0,link
965,966,2024-12-31,00:42:47,"Porsche 911 Review, Price, and Specs - Car and Driver",https://www.caranddriver.com/reviews/porsche-911-review,3,0,link
966,967,2024-12-31,00:44:15,Mechanic Advice Reddit - Rust repair tips,https://www.reddit.com/r/mechanicadvice/comments/abc_thread,5,0,typed
967,968,2024-12-31,00:39:45,"Motorsports News - F1, NASCAR, Le Mans - Autoblog",https://www.autoblog.com/motorsports/,5,0,link
968,969,2024-12-31,00:35:12,Mechanic Advice Reddit - Rust repair tips,https://www.reddit.com/r/mechanicadvice/comments/abc_thread,4,0,link
969,970,2024-12-31,00:34:37,Mechanic Advice Reddit - Rust repair tips,https://www.reddit.com/r/mechanicadvice/comments/abc_thread,1,0,generated
970,971,2024-12-31,00:30:49,X (Twitter): Home,https://twitter.com/home,4,0,form_submit
971,972,2024-12-31,00:32:27,Best Summer Tires for Track Days,https://www.google.com/search?q=best+track+day+tires,2,0,link
972,973,2024-12-31,00:29:43,Amazon.com: Online Shopping,https://www.amazon.com/,5,0,link
973,974,2024-12-31,00:30:58,Edelbrock Performer RPM Intake Manifold,https://www.summitracing.com/parts/edl-2104,5,0,link
974,975,2024-12-31,00:29:27,Performance Suspension Kits | eBay,https://www.ebay.com/b/performance-suspension/33580,3,0,link
975,976,2024-12-31,00:21:55,BMW M4 Competition Test Drive | Top Gear,https://www.youtube.com/watch?v=m4_comp_review,5,0,reload
976,977,2024-12-31,00:18:05,Amazon.com: Online Shopping,https://www.amazon.com/,3,0,link
977,978,2024-12-31,00:22:26,Used BMW M3 for Sale - CarGurus,https://www.cargurus.com/Cars/forsale/bmw-m3-e46,1,0,typed
978,979,2024-12-31,00:22:26,Best Summer Tires for Track Days,https://www.google.com/search?q=best+track+day+tires,4,0,link
979,980,2024-12-31,00:12:03,"Porsche 911 Review, Price, and Specs - Car and Driver",https://www.caranddriver.com/reviews/porsche-911-review,3,0,generated
980,981,2024-12-31,00:13:04,"Motorsports News - F1, NASCAR, Le Mans - Autoblog",https://www.autoblog.com/motorsports/,3,0,link
981,982,2024-12-31,00:08:14,Shop and Repair Guides | AutoZone,https://www.autozone.com/shop-repair-guides,3,0,link
982,983,2024-12-31,00:08:07,Best Summer Tires for Track Days,https://www.google.com/search?q=best+track+day+tires,2,0,link
983,984,2024-12-31,00:09:32,"Porsche 911 Review, Price, and Specs - Car and Driver",https://www.caranddriver.com/reviews/porsche-911-review,4,0,link
984,985,2024-12-31,00:02:15,X (Twitter): Home,https://twitter.com/home,5,0,link
985,986,2024-12-30,23:59:45,Best Summer Tires for Track Days,https://www.google.com/search?q=best+track+day+tires,1,0,link
986,987,2024-12-31,00:06:38,Formula 1 Official Site - Latest News,https://www.formula1.com/en/latest/headlines.html,4,0,link
987,988,2024-12-31,00:04:55,Best Summer Tires for Track Days,https://www.google.com/search?q=best+track+day+tires,5,0,typed
988,989,2024-12-31,00:02:35,"BMW M Models, Sedans, Coupes & SUVs | BMW USA",https://www.bmwusa.com/vehicles/m-series.html,5,0,link
989,990,2024-12-30,23:55:48,"Porsche 911 Review, Price, and Specs - Car and Driver",https://www.caranddriver.com/reviews/porsche-911-review,1,0,link
990,991,2024-12-30,23:51:39,Gmail: Inbox,https://mail.google.com/mail/u/0/#inbox,3,0,link
991,992,2024-12-30,23:54:58,"BMW M Models, Sedans, Coupes & SUVs | BMW USA",https://www.bmwusa.com/vehicles/m-series.html,4,0,link
992,993,2024-12-30,23:48:23,"Porsche 911 Review, Price, and Specs - Car and Driver",https://www.caranddriver.com/reviews/porsche-911-review,1,0,typed
993,994,2024-12-30,23:47:14,"Porsche 911 Review, Price, and Specs - Car and Driver",https://www.caranddriver.com/reviews/porsche-911-review,3,0,link
994,995,2024-12-30,23:43:43,The Weather Channel - Weather.com,https://www.weather.com/,5,0,link
995,996,2024-12-30,23:41:16,Gmail: Inbox,https://mail.google.com/mail/u/0/#inbox,1,0,link
996,997,2024-12-30,23:39:03,Gmail: Inbox,https://mail.google.com/mail/u/0/#inbox,5,0,link
997,998,2024-12-30,23:35:12,Amazon.com: Online Shopping,https://www.amazon.com/,2,0,link
998,999,2024-12-30,23:33:27,X (Twitter): Home,https://twitter.com/home,3,0,link
999,1000,2024-12-30,23:34:40,Amazon.com: Online Shopping,https://www.amazon.com/,4,0,link
1000,1001,2024-12-30,23:38:26,Used BMW M3 for Sale - CarGurus,https://www.cargurus.com/Cars/forsale/bmw-m3-e46,4,0,generated
1001,1002,2024-12-30,23:30:48,Formula 1 Official Site - Latest News,https://www.formula1.com/en/latest/headlines.html,1,0,link
1002,1003,2024-12-30,23:27:20,The Weather Channel - Weather.com,https://www.weather.com/,3,0,typed
1003,1004,2024-12-30,23:23:04,X (Twitter): Home,https://twitter.com/home,1,0,link
1004,1005,2024-12-30,23:25:29,Best Summer Tires for Track Days,https://www.google.com/search?q=best+track+day+tires,5,0,link
1005,1006,2024-12-30,23:19:50,Best Summer Tires for Track Days,https://www.google.com/search?q=best+track+day+tires,1,0,generated
1006,1007,2024-12-30,23:26:58,Best Summer Tires for Track Days,https://www.google.com/search?q=best+track+day+tires,5,0,generated
1007,1008,2024-12-30,23:15:08,X (Twitter): Home,https://twitter.com/home,4,0,typed
1008,1009,2024-12-30,23:16:19,The Weather Channel - Weather.com,https://www.weather.com/,5,0,link
1009,1010,2024-12-30,23:18:40,Formula 1 Official Site - Latest News,https://www.formula1.com/en/latest/headlines.html,5,0,link
1010,1011,2024-12-30,23:10:25,BMW M4 Competition Test Drive | Top Gear,https://www.youtube.com/watch?v=m4_comp_review,1,0,link
1011,1012,2024-12-30,23:14:32,The Weather Channel - Weather.com,https://www.weather.com/,1,0,link
1012,1013,2024-12-30,23:13:03,CNN Breaking News and Video,https://www.cnn.com/,2,0,link
1013,1014,2024-12-30,23:03:55,Used BMW M3 for Sale - CarGurus,https://www.cargurus.com/Cars/forsale/bmw-m3-e46,5,0,link
1014,1015,2024-12-30,23:01:10,Amazon.com: Online Shopping,https://www.amazon.com/,1,0,typed
1015,1016,2024-12-30,23:03:23,Performance Suspension Kits | eBay,https://www.ebay.com/b/performance-suspension/33580,2,0,link
1016,1017,2024-12-30,23:06:17,Shop and Repair Guides | AutoZone,https://www.autozone.com/shop-repair-guides,5,0,link
1017,1018,2024-12-30,23:03:00,Gmail: Inbox,https://mail.google.com/mail/u/0/#inbox,3,0,link
1018,1019,2024-12-30,23:02:45,Shop and Repair Guides | AutoZone,https://www.autozone.com/shop-repair-guides,1,0,reload
1019,1020,2024-12-30,22:59:14,Mechanic Advice Reddit - Rust repair tips,https://www.reddit.com/r/mechanicadvice/comments/abc_thread,5,0,link
1020,1021,2024-12-30,22:52:50,Shop and Repair Guides | AutoZone,https://www.autozone.com/shop-repair-guides,3,0,link
1021,1022,2024-12-30,22:47:25,Used BMW M3 for Sale - CarGurus,https://www.cargurus.com/Cars/forsale/bmw-m3-e46,2,0,link
1022,1023,2024-12-30,22:45:48,Amazon.com: Online Shopping,https://www.amazon.com/,2,0,link
1023,1024,2024-12-30,22:49:32,Gmail: Inbox,https://mail.google.com/mail/u/0/#inbox,4,0,link
1024,1025,2024-12-30,22:48:56,"Motorsports News - F1, NASCAR, Le Mans - Autoblog",https://www.autoblog.com/motorsports/,1,0,link
1025,1026,2024-12-30,22:42:00,"BMW M Models, Sedans, Coupes & SUVs | BMW USA",https://www.bmwusa.com/vehicles/m-series.html,4,0,link
1026,1027,2024-12-30,22:41:23,"Motorsports News - F1, NASCAR, Le Mans - Autoblog",https://www.autoblog.com/motorsports/,5,0,link
1027,1028,2024-12-30,22:44:30,"BMW M Models, Sedans, Coupes & SUVs | BMW USA",https://www.bmwusa.com/vehicles/m-series.html,3,0,typed
1028,1029,2024-12-30,22:33:09,Gmail: Inbox,https://mail.google.com/mail/u/0/#inbox,1,0,link
1029,1030,2024-12-30,22:31:58,Best Summer Tires for Track Days,https://www.google.com/search?q=best+track+day+tires,4,0,link
1030,1031,2024-12-30,22:33:24,Best Summer Tires for Track Days,https://www.google.com/search?q=best+track+day+tires,1,0,link
1031,1032,2024-12-30,22:28:56,CNN Breaking News and Video,https://www.cnn.com/,1,0,generated
1032,1033,2024-12-30,22:28:16,Used BMW M3 for Sale - CarGurus,https://www.cargurus.com/Cars/forsale/bmw-m3-e46,2,0,link
1033,1034,2024-12-30,22:25:40,Performance Suspension Kits | eBay,https://www.ebay.com/b/performance-suspension/33580,3,0,link
1034,1035,2024-12-30,22:26:38,"BMW M Models, Sedans, Coupes & SUVs | BMW USA",https://www.bmwusa.com/vehicles/m-series.html,3,0,link
1035,1036,2024-12-30,22:24:48,X (Twitter): Home,https://twitter.com/home,1,0,link
1036,1037,2024-12-30,22:22:36,Formula 1 Official Site - Latest News,https://www.formula1.com/en/latest/headlines.html,5,0,typed
1037,1038,2024-12-30,22:18:08,Performance Suspension Kits | eBay,https://www.ebay.com/b/performance-suspension/33580,2,0,link
1038,1039,2024-12-30,22:22:37,Edelbrock Performer RPM Intake Manifold,https://www.summitracing.com/parts/edl-2104,3,0,link
1039,1040,2024-12-30,22:14:21,Formula 1 Official Site - Latest News,https://www.formula1.com/en/latest/headlines.html,2,0,link
1040,1041,2024-12-30,22:14:41,The Weather Channel - Weather.com,https://www.weather.com/,2,0,form_submit
1041,1042,2024-12-30,22:15:46,Formula 1 Official Site - Latest News,https://www.formula1.com/en/latest/headlines.html,5,0,typed
1042,1043,2024-12-30,22:12:32,BMW M4 Competition Test Drive | Top Gear,https://www.youtube.com/watch?v=m4_comp_review,2,0,link
1043,1044,2024-12-30,22:10:07,"Motorsports News - F1, NASCAR, Le Mans - Autoblog",https://www.autoblog.com/motorsports/,3,0,link
1044,1045,2024-12-30,22:09:59,X (Twitter): Home,https://twitter.com/home,1,0,link
1045,1046,2024-12-30,22:01:29,CNN Breaking News and Video,https://www.cnn.com/,1,0,link
1046,1047,2024-12-30,21:58:08,Mechanic Advice Reddit - Rust repair tips,https://www.reddit.com/r/mechanicadvice/comments/abc_thread,1,0,generated
1047,1048,2024-12-30,22:02:43,Best Summer Tires for Track Days,https://www.google.com/search?q=best+track+day+tires,2,0,link
1048,1049,2024-12-30,22:00:56,Gmail: Inbox,https://mail.google.com/mail/u/0/#inbox,5,0,link
1049,1050,2024-12-30,21:56:47,Formula 1 Official Site - Latest News,https://www.formula1.com/en/latest/headlines.html,1,0,link
1050,1051,2024-12-30,21:51:31,Formula 1 Official Site - Latest News,https://www.formula1.com/en/latest/headlines.html,4,0,link
1051,1052,2024-12-30,21:55:03,Mechanic Advice Reddit - Rust repair tips,https://www.reddit.com/r/mechanicadvice/comments/abc_thread,5,0,generated
1052,1053,2024-12-30,21:53:01,Best Summer Tires for Track Days,https://www.google.com/search?q=best+track+day+tires,1,0,typed
1053,1054,2024-12-30,21:46:58,"Porsche 911 Review, Price, and Specs - Car and Driver",https://www.caranddriver.com/reviews/porsche-911-review,2,0,link
1054,1055,2024-12-30,21:41:57,The Weather Channel - Weather.com,https://www.weather.com/,3,0,link
1055,1056,2024-12-30,21:43:09,"BMW M Models, Sedans, Coupes & SUVs | BMW USA",https://www.bmwusa.com/vehicles/m-series.html,4,0,generated
1056,1057,2024-12-30,21:41:33,Mechanic Advice Reddit - Rust repair tips,https://www.reddit.com/r/mechanicadvice/comments/abc_thread,5,0,link
1057,1058,2024-12-30,21:41:25,Amazon.com: Online Shopping,https://www.amazon.com/,3,0,link
1058,1059,2024-12-30,21:39:03,Amazon.com: Online Shopping,https://www.amazon.com/,4,0,typed
1059,1060,2024-12-30,21:31:51,Gmail: Inbox,https://mail.google.com/mail/u/0/#inbox,5,0,link
1060,1061,2024-12-30,21:36:05,Shop and Repair Guides | AutoZone,https://www.autozone.com/shop-repair-guides,1,0,link
1061,1062,2024-12-30,21:34:04,X (Twitter): Home,https://twitter.com/home,4,0,link
1062,1063,2024-12-30,21:33:31,Formula 1 Official Site - Latest News,https://www.formula1.com/en/latest/headlines.html,4,0,link
1063,1064,2024-12-30,21:31:45,The Weather Channel - Weather.com,https://www.weather.com/,1,0,generated
1064,1065,2024-12-30,21:22:33,"BMW M Models, Sedans, Coupes & SUVs | BMW USA",https://www.bmwusa.com/vehicles/m-series.html,1,0,typed
1065,1066,2024-12-30,21:25:48,X (Twitter): Home,https://twitter.com/home,1,0,link
1066,1067,2024-12-30,21:22:18,Formula 1 Official Site - Latest News,https://www.formula1.com/en/latest/headlines.html,3,0,link
1067,1068,2024-12-30,21:22:20,Mechanic Advice Reddit - Rust repair tips,https://www.reddit.com/r/mechanicadvice/comments/abc_thread,1,0,typed
1068,1069,2024-12-30,21:22:56,"BMW M Models, Sedans, Coupes & SUVs | BMW USA",https://www.bmwusa.com/vehicles/m-series.html,4,0,link
1069,1070,2024-12-30,21:15:15,Gmail: Inbox,https://mail.google.com/mail/u/0/#inbox,4,0,link
1070,1071,2024-12-30,21:14:52,Edelbrock Performer RPM Intake Manifold,https://www.summitracing.com/parts/edl-2104,2,0,generated
1071,1072,2024-12-30,21:14:34,"BMW M Models, Sedans, Coupes & SUVs | BMW USA",https://www.bmwusa.com/vehicles/m-series.html,2,0,link
1072,1073,2024-12-30,21:08:13,Performance Suspension Kits | eBay,https://www.ebay.com/b/performance-suspension/33580,2,0,typed
1073,1074,2024-12-30,21:07:27,Formula 1 Official Site - Latest News,https://www.formula1.com/en/latest/headlines.html,2,0,link
1074,1075,2024-12-30,21:04:40,BMW M4 Competition Test Drive | Top Gear,https://www.youtube.com/watch?v=m4_comp_review,1,0,reload
1075,1076,2024-12-30,21:08:19,"BMW M Models, Sedans, Coupes & SUVs | BMW USA",https://www.bmwusa.com/vehicles/m-series.html,2,0,link
1076,1077,2024-12-30,21:03:37,Best Summer Tires for Track Days,https://www.google.com/search?q=best+track+day+tires,5,0,link
1077,1078,2024-12-30,20:59:49,X (Twitter): Home,https://twitter.com/home,3,0,typed
1078,1079,2024-12-30,20:57:39,Amazon.com: Online Shopping,https://www.amazon.com/,2,0,link
1079,1080,2024-12-30,20:55:27,BMW M4 Competition Test Drive | Top Gear,https://www.youtube.com/watch?v=m4_comp_review,4,0,link
1080,1081,2024-12-30,20:55:43,Mechanic Advice Reddit - Rust repair tips,https://www.reddit.com/r/mechanicadvice/comments/abc_thread,1,0,link
1081,1082,2024-12-30,20:53:19,Shop and Repair Guides | AutoZone,https://www.autozone.com/shop-repair-guides,5,0,link
1082,1083,2024-12-30,20:45:45,X (Twitter): Home,https://twitter.com/home,3,0,link
1083,1084,2024-12-30,20:48:22,"Motorsports News - F1, NASCAR, Le Mans - Autoblog",https://www.autoblog.com/motorsports/,5,0,typed
1084,1085,2024-12-30,20:48:24,"Motorsports News - F1, NASCAR, Le Mans - Autoblog",https://www.autoblog.com/motorsports/,3,0,typed
1085,1086,2024-12-30,20:43:29,BMW M4 Competition Test Drive | Top Gear,https://www.youtube.com/watch?v=m4_comp_review,1,0,link
1086,1087,2024-12-30,20:37:53,BMW M4 Competition Test Drive | Top Gear,https://www.youtube.com/watch?v=m4_comp_review,3,0,link
1087,1088,2024-12-30,20:40:20,"Motorsports News - F1, NASCAR, Le Mans - Autoblog",https://www.autoblog.com/motorsports/,3,0,link
1088,1089,2024-12-30,20:39:51,The Weather Channel - Weather.com,https://www.weather.com/,1,0,typed
1089,1090,2024-12-30,20:40:26,X (Twitter): Home,https://twitter.com/home,2,0,link
1090,1091,2024-12-30,20:29:51,"BMW M Models, Sedans, Coupes & SUVs | BMW USA",https://www.bmwusa.com/vehicles/m-series.html,4,0,link
1091,1092,2024-12-30,20:28:14,BMW M4 Competition Test Drive | Top Gear,https://www.youtube.com/watch?v=m4_comp_review,2,0,typed
1092,1093,2024-12-30,20:25:15,Formula 1 Official Site - Latest News,https://www.formula1.com/en/latest/headlines.html,2,0,generated
1093,1094,2024-12-30,20:30:01,Performance Suspension Kits | eBay,https://www.ebay.com/b/performance-suspension/33580,4,0,typed
1094,1095,2024-12-30,20:30:08,Formula 1 Official Site - Latest News,https://www.formula1.com/en/latest/headlines.html,5,0,link
1095,1096,2024-12-30,20:26:53,The Weather Channel - Weather.com,https://www.weather.com/,5,0,link
1096,1097,2024-12-30,20:21:07,Shop and Repair Guides | AutoZone,https://www.autozone.com/shop-repair-guides,3,0,typed
1097,1098,2024-12-30,20:17:16,Mechanic Advice Reddit - Rust repair tips,https://www.reddit.com/r/mechanicadvice/comments/abc_thread,4,0,link
1098,1099,2024-12-30,20:22:03,"Motorsports News - F1, NASCAR, Le Mans - Autoblog",https://www.autoblog.com/motorsports/,2,0,typed
1099,1100,2024-12-30,20:11:29,Amazon.com: Online Shopping,https://www.amazon.com/,1,0,link
1100,1101,2024-12-30,20:14:34,Amazon.com: Online Shopping,https://www.amazon.com/,4,0,generated
1101,1102,2024-12-30,20:08:43,Shop and Repair Guides | AutoZone,https://www.autozone.com/shop-repair-guides,5,0,link
1102,1103,2024-12-30,20:10:38,X (Twitter): Home,https://twitter.com/home,3,0,link
1103,1104,2024-12-30,20:06:58,Performance Suspension Kits | eBay,https://www.ebay.com/b/performance-suspension/33580,3,0,link
1104,1105,2024-12-30,20:08:01,Gmail: Inbox,https://mail.google.com/mail/u/0/#inbox,2,0,link
1105,1106,2024-12-30,20:01:01,X (Twitter): Home,https://twitter.com/home,1,0,form_submit
1106,1107,2024-12-30,20:05:45,Gmail: Inbox,https://mail.google.com/mail/u/0/#inbox,4,0,link
1107,1108,2024-12-30,19:59:41,CNN Breaking News and Video,https://www.cnn.com/,2,0,link
1108,1109,2024-12-30,19:56:54,X (Twitter): Home,https://twitter.com/home,1,0,link
1109,1110,2024-12-30,19:53:01,"Porsche 911 Review, Price, and Specs - Car and Driver",https://www.caranddriver.com/reviews/porsche-911-review,5,0,link
1110,1111,2024-12-30,19:56:23,Amazon.com: Online Shopping,https://www.amazon.com/,2,0,link
1111,1112,2024-12-30,19:52:10,Best Summer Tires for Track Days,https://www.google.com/search?q=best+track+day+tires,5,0,link
1112,1113,2024-12-30,19:54:39,Performance Suspension Kits | eBay,https://www.ebay.com/b/performance-suspension/33580,3,0,typed
1113,1114,2024-12-30,19:43:05,Mechanic Advice Reddit - Rust repair tips,https://www.reddit.com/r/mechanicadvice/comments/abc_thread,1,0,generated
1114,1115,2024-12-30,19:48:21,"Motorsports News - F1, NASCAR, Le Mans - Autoblog",https://www.autoblog.com/motorsports/,4,0,typed
1115,1116,2024-12-30,19:47:34,Mechanic Advice Reddit - Rust repair tips,https://www.reddit.com/r/mechanicadvice/comments/abc_thread,1,0,link
1116,1117,2024-12-30,19:43:20,Performance Suspension Kits | eBay,https://www.ebay.com/b/performance-suspension/33580,1,0,generated
1117,1118,2024-12-30,19:44:47,"Porsche 911 Review, Price, and Specs - Car and Driver",https://www.caranddriver.com/reviews/porsche-911-review,3,0,link
1118,1119,2024-12-30,19:40:45,Shop and Repair Guides | AutoZone,https://www.autozone.com/shop-repair-guides,2,0,link
1119,1120,2024-12-30,19:37:06,Gmail: Inbox,https://mail.google.com/mail/u/0/#inbox,3,0,link
1120,1121,2024-12-30,19:32:08,X (Twitter): Home,https://twitter.com/home,5,0,link
1121,1122,2024-12-30,19:33:08,"Porsche 911 Review, Price, and Specs - Car and Driver",https://www.caranddriver.com/reviews/porsche-911-review,2,0,link
1122,1123,2024-12-30,19:25:37,Gmail: Inbox,https://mail.google.com/mail/u/0/#inbox,4,0,link
1123,1124,2024-12-30,19:26:00,Amazon.com: Online Shopping,https://www.amazon.com/,4,0,generated
1124,1125,2024-12-30,19:25:14,"BMW M Models, Sedans, Coupes & SUVs | BMW USA",https://www.bmwusa.com/vehicles/m-series.html,3,0,link
1125,1126,2024-12-30,19:19:47,BMW M4 Competition Test Drive | Top Gear,https://www.youtube.com/watch?v=m4_comp_review,2,0,link
1126,1127,2024-12-30,19:22:29,Gmail: Inbox,https://mail.google.com/mail/u/0/#inbox,5,0,link
1127,1128,2024-12-30,19:24:41,Best Summer Tires for Track Days,https://www.google.com/search?q=best+track+day+tires,4,0,link
1128,1129,2024-12-30,19:13:58,"BMW M Models, Sedans, Coupes & SUVs | BMW USA",https://www.bmwusa.com/vehicles/m-series.html,4,0,link
1129,1130,2024-12-30,19:12:04,Best Summer Tires for Track Days,https://www.google.com/search?q=best+track+day+tires,4,0,link
1130,1131,2024-12-30,19:14:43,"Porsche 911 Review, Price, and Specs - Car and Driver",https://www.caranddriver.com/reviews/porsche-911-review,5,0,typed
1131,1132,2024-12-30,19:07:15,The Weather Channel - Weather.com,https://www.weather.com/,1,0,link
1132,1133,2024-12-30,19:08:13,Amazon.com: Online Shopping,https://www.amazon.com/,3,0,link
1133,1134,2024-12-30,19:04:35,Edelbrock Performer RPM Intake Manifold,https://www.summitracing.com/parts/edl-2104,1,0,link
1134,1135,2024-12-30,19:02:12,Edelbrock Performer RPM Intake Manifold,https://www.summitracing.com/parts/edl-2104,1,0,link
1135,1136,2024-12-30,19:08:40,Mechanic Advice Reddit - Rust repair tips,https://www.reddit.com/r/mechanicadvice/comments/abc_thread,4,0,typed
1136,1137,2024-12-30,19:06:36,Amazon.com: Online Shopping,https://www.amazon.com/,4,0,link
1137,1138,2024-12-30,19:01:40,Amazon.com: Online Shopping,https://www.amazon.com/,4,0,link
1138,1139,2024-12-30,19:02:46,BMW M4 Competition Test Drive | Top Gear,https://www.youtube.com/watch?v=m4_comp_review,3,0,generated
1139,1140,2024-12-30,18:59:55,X (Twitter): Home,https://twitter.com/home,3,0,link
1140,1141,2024-12-30,18:56:28,Formula 1 Official Site - Latest News,https://www.formula1.com/en/latest/headlines.html,3,0,link
1141,1142,2024-12-30,18:47:02,Performance Suspension Kits | eBay,https://www.ebay.com/b/performance-suspension/33580,5,0,typed
1142,1143,2024-12-30,18:51:26,Best Summer Tires for Track Days,https://www.google.com/search?q=best+track+day+tires,5,0,link
1143,1144,2024-12-30,18:46:26,CNN Breaking News and Video,https://www.cnn.com/,4,0,link
1144,1145,2024-12-30,18:50:51,X (Twitter): Home,https://twitter.com/home,2,0,typed
1145,1146,2024-12-30,18:46:26,Amazon.com: Online Shopping,https://www.amazon.com/,2,0,link
1146,1147,2024-12-30,18:45:51,Gmail: Inbox,https://mail.google.com/mail/u/0/#inbox,1,0,reload
1147,1148,2024-12-30,18:35:58,Best Summer Tires for Track Days,https://www.google.com/search?q=best+track+day+tires,5,0,typed
1148,1149,2024-12-30,18:36:54,Used BMW M3 for Sale - CarGurus,https://www.cargurus.com/Cars/forsale/bmw-m3-e46,3,0,generated
1149,1150,2024-12-30,18:37:06,Mechanic Advice Reddit - Rust repair tips,https://www.reddit.com/r/mechanicadvice/comments/abc_thread,3,0,generated
1150,1151,2024-12-30,18:32:12,Best Summer Tires for Track Days,https://www.google.com/search?q=best+track+day+tires,2,0,generated
1151,1152,2024-12-30,18:30:55,Formula 1 Official Site - Latest News,https://www.formula1.com/en/latest/headlines.html,3,0,link
1152,1153,2024-12-30,18:25:19,Gmail: Inbox,https://mail.google.com/mail/u/0/#inbox,4,0,link
1153,1154,2024-12-30,18:28:31,Amazon.com: Online Shopping,https://www.amazon.com/,5,0,link
1154,1155,2024-12-30,18:29:48,The Weather Channel - Weather.com,https://www.weather.com/,3,0,link
1155,1156,2024-12-30,18:26:42,Mechanic Advice Reddit - Rust repair tips,https://www.reddit.com/r/mechanicadvice/comments/abc_thread,1,0,link
1156,1157,2024-12-30,18:21:28,"BMW M Models, Sedans, Coupes & SUVs | BMW USA",https://www.bmwusa.com/vehicles/m-series.html,4,0,link
1157,1158,2024-12-30,18:23:34,X (Twitter): Home,https://twitter.com/home,2,0,link
1158,1159,2024-12-30,18:22:01,X (Twitter): Home,https://twitter.com/home,2,0,link
1159,1160,2024-12-30,18:12:32,Amazon.com: Online Shopping,https://www.amazon.com/,2,0,link
1160,1161,2024-12-30,18:11:47,"Motorsports News - F1, NASCAR, Le Mans - Autoblog",https://www.autoblog.com/motorsports/,1,0,link
1161,1162,2024-12-30,18:10:10,Edelbrock Performer RPM Intake Manifold,https://www.summitracing.com/parts/edl-2104,5,0,link
1162,1163,2024-12-30,18:07:09,Performance Suspension Kits | eBay,https://www.ebay.com/b/performance-suspension/33580,5,0,typed
1163,1164,2024-12-30,18:07:59,Amazon.com: Online Shopping,https://www.amazon.com/,2,0,link
1164,1165,2024-12-30,18:09:49,Shop and Repair Guides | AutoZone,https://www.autozone.com/shop-repair-guides,3,0,reload
1165,1166,2024-12-30,18:06:59,X (Twitter): Home,https://twitter.com/home,3,0,link
1166,1167,2024-12-30,18:04:20,Shop and Repair Guides | AutoZone,https://www.autozone.com/shop-repair-guides,3,0,link
1167,1168,2024-12-30,18:04:20,"Motorsports News - F1, NASCAR, Le Mans - Autoblog",https://www.autoblog.com/motorsports/,5,0,link
1168,1169,2024-12-30,17:58:11,BMW M4 Competition Test Drive | Top Gear,https://www.youtube.com/watch?v=m4_comp_review,2,0,generated
1169,1170,2024-12-30,17:54:49,Edelbrock Performer RPM Intake Manifold,https://www.summitracing.com/parts/edl-2104,3,0,link
1170,1171,2024-12-30,17:51:47,Best Summer Tires for Track Days,https://www.google.com/search?q=best+track+day+tires,3,0,link
1171,1172,2024-12-30,17:55:57,Gmail: Inbox,https://mail.google.com/mail/u/0/#inbox,2,0,link
1172,1173,2024-12-30,17:53:31,CNN Breaking News and Video,https://www.cnn.com/,4,0,link
1173,1174,2024-12-30,17:47:39,Used BMW M3 for Sale - CarGurus,https://www.cargurus.com/Cars/forsale/bmw-m3-e46,4,0,link
1174,1175,2024-12-30,17:50:52,X (Twitter): Home,https://twitter.com/home,2,0,typed
1175,1176,2024-12-30,17:47:53,Amazon.com: Online Shopping,https://www.amazon.com/,3,0,link
1176,1177,2024-12-30,17:43:11,Mechanic Advice Reddit - Rust repair tips,https://www.reddit.com/r/mechanicadvice/comments/abc_thread,1,0,form_submit
1177,1178,2024-12-30,17:35:38,BMW M4 Competition Test Drive | Top Gear,https://www.youtube.com/watch?v=m4_comp_review,3,0,link
1178,1179,2024-12-30,17:39:20,Edelbrock Performer RPM Intake Manifold,https://www.summitracing.com/parts/edl-2104,2,0,link
1179,1180,2024-12-30,17:38:13,"Porsche 911 Review, Price, and Specs - Car and Driver",https://www.caranddriver.com/reviews/porsche-911-review,1,0,link
1180,1181,2024-12-30,17:33:52,Best Summer Tires for Track Days,https://www.google.com/search?q=best+track+day+tires,2,0,link
1181,1182,2024-12-30,17:34:45,"Porsche 911 Review, Price, and Specs - Car and Driver",https://www.caranddriver.com/reviews/porsche-911-review,1,0,link
1182,1183,2024-12-30,17:33:44,Formula 1 Official Site - Latest News,https://www.formula1.com/en/latest/headlines.html,1,0,link
1183,1184,2024-12-30,17:28:05,Shop and Repair Guides | AutoZone,https://www.autozone.com/shop-repair-guides,4,0,link
1184,1185,2024-12-30,17:22:11,Performance Suspension Kits | eBay,https://www.ebay.com/b/performance-suspension/33580,1,0,reload
1185,1186,2024-12-30,17:27:53,"Motorsports News - F1, NASCAR, Le Mans - Autoblog",https://www.autoblog.com/motorsports/,3,0,link
1186,1187,2024-12-30,17:21:39,Used BMW M3 for Sale - CarGurus,https://www.cargurus.com/Cars/forsale/bmw-m3-e46,5,0,link
1187,1188,2024-12-30,17:15:54,Formula 1 Official Site - Latest News,https://www.formula1.com/en/latest/headlines.html,1,0,link
1188,1189,2024-12-30,17:13:29,Mechanic Advice Reddit - Rust repair tips,https://www.reddit.com/r/mechanicadvice/comments/abc_thread,3,0,link
1189,1190,2024-12-30,17:20:26,CNN Breaking News and Video,https://www.cnn.com/,4,0,link
1190,1191,2024-12-30,17:17:10,X (Twitter): Home,https://twitter.com/home,5,0,link
1191,1192,2024-12-30,17:08:45,Performance Suspension Kits | eBay,https://www.ebay.com/b/performance-suspension/33580,3,0,link
1192,1193,2024-12-30,17:14:31,Used BMW M3 for Sale - CarGurus,https://www.cargurus.com/Cars/forsale/bmw-m3-e46,1,0,link
1193,1194,2024-12-30,17:09:15,Best Summer Tires for Track Days,https://www.google.com/search?q=best+track+day+tires,1,0,link
1194,1195,2024-12-30,17:08:55,Formula 1 Official Site - Latest News,https://www.formula1.com/en/latest/headlines.html,1,0,link
1195,1196,2024-12-30,16:59:27,The Weather Channel - Weather.com,https://www.weather.com/,1,0,link
1196,1197,2024-12-30,17:04:13,Shop and Repair Guides | AutoZone,https://www.autozone.com/shop-repair-guides,2,0,link
1197,1198,2024-12-30,16:59:33,"BMW M Models, Sedans, Coupes & SUVs | BMW USA",https://www.bmwusa.com/vehicles/m-series.html,3,0,link
1198,1199,2024-12-30,17:02:52,Edelbrock Performer RPM Intake Manifold,https://www.summitracing.com/parts/edl-2104,2,0,generated
1199,1200,2024-12-30,17:00:08,"Porsche 911 Review, Price, and Specs - Car and Driver",https://www.caranddriver.com/reviews/porsche-911-review,3,0,link
1200,1201,2024-12-30,16:51:39,Used BMW M3 for Sale - CarGurus,https://www.cargurus.com/Cars/forsale/bmw-m3-e46,2,0,typed
1201,1202,2024-12-30,16:49:29,The Weather Channel - Weather.com,https://www.weather.com/,1,0,link
1202,1203,2024-12-30,16:50:39,CNN Breaking News and Video,https://www.cnn.com/,4,0,link
1203,1204,2024-12-30,16:52:44,Used BMW M3 for Sale - CarGurus,https://www.cargurus.com/Cars/forsale/bmw-m3-e46,2,0,generated
1204,1205,2024-12-30,16:47:32,BMW M4 Competition Test Drive | Top Gear,https://www.youtube.com/watch?v=m4_comp_review,3,0,link
1205,1206,2024-12-30,16:41:30,Best Summer Tires for Track Days,https://www.google.com/search?q=best+track+day+tires,5,0,link
1206,1207,2024-12-30,16:42:37,"Motorsports News - F1, NASCAR, Le Mans - Autoblog",https://www.autoblog.com/motorsports/,3,0,link
1207,1208,2024-12-30,16:41:01,"BMW M Models, Sedans, Coupes & SUVs | BMW USA",https://www.bmwusa.com/vehicles/m-series.html,4,0,link
1208,1209,2024-12-30,16:37:51,Shop and Repair Guides | AutoZone,https://www.autozone.com/shop-repair-guides,4,0,link
1209,1210,2024-12-30,16:34:33,Formula 1 Official Site - Latest News,https://www.formula1.com/en/latest/headlines.html,5,0,generated
1210,1211,2024-12-30,16:34:51,BMW M4 Competition Test Drive | Top Gear,https://www.youtube.com/watch?v=m4_comp_review,1,0,link
1211,1212,2024-12-30,16:33:26,Used BMW M3 for Sale - CarGurus,https://www.cargurus.com/Cars/forsale/bmw-m3-e46,5,0,typed
1212,1213,2024-12-30,16:25:09,Best Summer Tires for Track Days,https://www.google.com/search?q=best+track+day+tires,1,0,link
1213,1214,2024-12-30,16:25:27,"Porsche 911 Review, Price, and Specs - Car and Driver",https://www.caranddriver.com/reviews/porsche-911-review,3,0,generated
1214,1215,2024-12-30,16:25:00,Amazon.com: Online Shopping,https://www.amazon.com/,1,0,link
1215,1216,2024-12-30,16:20:47,"Porsche 911 Review, Price, and Specs - Car and Driver",https://www.caranddriver.com/reviews/porsche-911-review,4,0,reload
1216,1217,2024-12-30,16:22:09,Best Summer Tires for Track Days,https://www.google.com/search?q=best+track+day+tires,2,0,link
1217,1218,2024-12-30,16:24:44,Formula 1 Official Site - Latest News,https://www.formula1.com/en/latest/headlines.html,4,0,link
1218,1219,2024-12-30,16:21:10,Gmail: Inbox,https://mail.google.com/mail/u/0/#inbox,2,0,link
1219,1220,2024-12-30,16:13:57,Mechanic Advice Reddit - Rust repair tips,https://www.reddit.com/r/mechanicadvice/comments/abc_thread,5,0,link
1220,1221,2024-12-30,16:15:32,Performance Suspension Kits | eBay,https://www.ebay.com/b/performance-suspension/33580,1,0,typed
1221,1222,2024-12-30,16:10:29,Used BMW M3 for Sale - CarGurus,https://www.cargurus.com/Cars/forsale/bmw-m3-e46,3,0,link
1222,1223,2024-12-30,16:13:09,Mechanic Advice Reddit - Rust repair tips,https://www.reddit.com/r/mechanicadvice/comments/abc_thread,3,0,link
1223,1224,2024-12-30,16:05:59,X (Twitter): Home,https://twitter.com/home,4,0,link
1224,1225,2024-12-30,16:02:31,Used BMW M3 for Sale - CarGurus,https://www.cargurus.com/Cars/forsale/bmw-m3-e46,1,0,link
1225,1226,2024-12-30,16:07:51,"Porsche 911 Review, Price, and Specs - Car and Driver",https://www.caranddriver.com/reviews/porsche-911-review,2,0,typed
1226,1227,2024-12-30,16:01:12,"BMW M Models, Sedans, Coupes & SUVs | BMW USA",https://www.bmwusa.com/vehicles/m-series.html,1,0,link
1227,1228,2024-12-30,15:55:34,Gmail: Inbox,https://mail.google.com/mail/u/0/#inbox,2,0,form_submit
1228,1229,2024-12-30,15:53:42,Performance Suspension Kits | eBay,https://www.ebay.com/b/performance-suspension/33580,5,0,generated
1229,1230,2024-12-30,15:59:46,Mechanic Advice Reddit - Rust repair tips,https://www.reddit.com/r/mechanicadvice/comments/abc_thread,1,0,link
1230,1231,2024-12-30,15:57:40,Used BMW M3 for Sale - CarGurus,https://www.cargurus.com/Cars/forsale/bmw-m3-e46,3,0,link
1231,1232,2024-12-30,15:54:46,Mechanic Advice Reddit - Rust repair tips,https://www.reddit.com/r/mechanicadvice/comments/abc_thread,5,0,link
1232,1233,2024-12-30,15:46:12,Amazon.com: Online Shopping,https://www.amazon.com/,5,0,link
1233,1234,2024-12-30,15:51:24,"Motorsports News - F1, NASCAR, Le Mans - Autoblog",https://www.autoblog.com/motorsports/,3,0,link
1234,1235,2024-12-30,15:44:41,Formula 1 Official Site - Latest News,https://www.formula1.com/en/latest/headlines.html,5,0,link
1235,1236,2024-12-30,15:44:24,"BMW M Models, Sedans, Coupes & SUVs | BMW USA",https://www.bmwusa.com/vehicles/m-series.html,2,0,link
1236,1237,2024-12-30,15:42:35,Edelbrock Performer RPM Intake Manifold,https://www.summitracing.com/parts/edl-2104,2,0,link
1237,1238,2024-12-30,15:39:48,"BMW M Models, Sedans, Coupes & SUVs | BMW USA",https://www.bmwusa.com/vehicles/m-series.html,2,0,link
1238,1239,2024-12-30,15:34:09,Performance Suspension Kits | eBay,https://www.ebay.com/b/performance-suspension/33580,2,0,link
1239,1240,2024-12-30,15:40:50,Best Summer Tires for Track Days,https://www.google.com/search?q=best+track+day+tires,1,0,generated
1240,1241,2024-12-30,15:33:37,Formula 1 Official Site - Latest News,https://www.formula1.com/en/latest/headlines.html,4,0,reload
1241,1242,2024-12-30,15:35:33,Formula 1 Official Site - Latest News,https://www.formula1.com/en/latest/headlines.html,1,0,link
1242,1243,2024-12-30,15:28:56,Shop and Repair Guides | AutoZone,https://www.autozone.com/shop-repair-guides,1,0,form_submit
1243,1244,2024-12-30,15:23:57,Gmail: Inbox,https://mail.google.com/mail/u/0/#inbox,4,0,link
1244,1245,2024-12-30,15:25:30,CNN Breaking News and Video,https://www.cnn.com/,2,0,generated
1245,1246,2024-12-30,15:23:03,X (Twitter): Home,https://twitter.com/home,1,0,typed
1246,1247,2024-12-30,15:25:19,X (Twitter): Home,https://twitter.com/home,4,0,link
1247,1248,2024-12-30,15:17:46,Mechanic Advice Reddit - Rust repair tips,https://www.reddit.com/r/mechanicadvice/comments/abc_thread,2,0,link
1248,1249,2024-12-30,15:18:42,The Weather Channel - Weather.com,https://www.weather.com/,2,0,link
1249,1250,2024-12-30,15:20:33,"Motorsports News - F1, NASCAR, Le Mans - Autoblog",https://www.autoblog.com/motorsports/,2,0,link
1250,1251,2024-12-30,15:15:24,The Weather Channel - Weather.com,https://www.weather.com/,4,0,typed
1251,1252,2024-12-30,15:09:35,X (Twitter): Home,https://twitter.com/home,3,0,link
1252,1253,2024-12-30,15:09:56,Used BMW M3 for Sale - CarGurus,https://www.cargurus.com/Cars/forsale/bmw-m3-e46,5,0,link
1253,1254,2024-12-30,15:10:18,"Motorsports News - F1, NASCAR, Le Mans - Autoblog",https://www.autoblog.com/motorsports/,2,0,link
1254,1255,2024-12-30,15:06:09,Best Summer Tires for Track Days,https://www.google.com/search?q=best+track+day+tires,3,0,typed
1255,1256,2024-12-30,14:59:26,Edelbrock Performer RPM Intake Manifold,https://www.summitracing.com/parts/edl-2104,5,0,typed
1256,1257,2024-12-30,15:06:34,"Porsche 911 Review, Price, and Specs - Car and Driver",https://www.caranddriver.com/reviews/porsche-911-review,4,0,form_submit
1257,1258,2024-12-30,14:55:40,X (Twitter): Home,https://twitter.com/home,2,0,typed
1258,1259,2024-12-30,14:59:42,CNN Breaking News and Video,https://www.cnn.com/,2,0,form_submit
1259,1260,2024-12-30,14:54:06,Best Summer Tires for Track Days,https://www.google.com/search?q=best+track+day+tires,1,0,generated
1260,1261,2024-12-30,14:56:51,X (Twitter): Home,https://twitter.com/home,1,0,typed
1261,1262,2024-12-30,14:54:03,Edelbrock Performer RPM Intake Manifold,https://www.summitracing.com/parts/edl-2104,4,0,link
1262,1263,2024-12-30,14:46:29,BMW M4 Competition Test Drive | Top Gear,https://www.youtube.com/watch?v=m4_comp_review,4,0,typed
1263,1264,2024-12-30,14:51:30,The Weather Channel - Weather.com,https://www.weather.com/,1,0,form_submit
1264,1265,2024-12-30,14:42:27,Shop and Repair Guides | AutoZone,https://www.autozone.com/shop-repair-guides,2,0,link
1265,1266,2024-12-30,14:44:17,Edelbrock Performer RPM Intake Manifold,https://www.summitracing.com/parts/edl-2104,1,0,link
1266,1267,2024-12-30,14:40:35,Edelbrock Performer RPM Intake Manifold,https://www.summitracing.com/parts/edl-2104,2,0,link
1267,1268,2024-12-30,14:44:51,Gmail: Inbox,https://mail.google.com/mail/u/0/#inbox,3,0,link
1268,1269,2024-12-30,14:40:39,Used BMW M3 for Sale - CarGurus,https://www.cargurus.com/Cars/forsale/bmw-m3-e46,2,0,typed
1269,1270,2024-12-30,14:36:43,"Porsche 911 Review, Price, and Specs - Car and Driver",https://www.caranddriver.com/reviews/porsche-911-review,4,0,link
1270,1271,2024-12-30,14:34:43,Formula 1 Official Site - Latest News,https://www.formula1.com/en/latest/headlines.html,5,0,link
1271,1272,2024-12-30,14:27:45,Performance Suspension Kits | eBay,https://www.ebay.com/b/performance-suspension/33580,1,0,link
1272,1273,2024-12-30,14:34:45,The Weather Channel - Weather.com,https://www.weather.com/,2,0,form_submit
1273,1274,2024-12-30,14:27:01,Edelbrock Performer RPM Intake Manifold,https://www.summitracing.com/parts/edl-2104,3,0,link
1274,1275,2024-12-30,14:22:44,Amazon.com: Online Shopping,https://www.amazon.com/,3,0,link
1275,1276,2024-12-30,14:20:17,Best Summer Tires for Track Days,https://www.google.com/search?q=best+track+day+tires,2,0,form_submit
1276,1277,2024-12-30,14:27:00,"Porsche 911 Review, Price, and Specs - Car and Driver",https://www.caranddriver.com/reviews/porsche-911-review,1,0,link
1277,1278,2024-12-30,14:22:35,Mechanic Advice Reddit - Rust repair tips,https://www.reddit.com/r/mechanicadvice/comments/abc_thread,3,0,link
1278,1279,2024-12-30,14:14:35,Best Summer Tires for Track Days,https://www.google.com/search?q=best+track+day+tires,4,0,link
1279,1280,2024-12-30,14:13:25,BMW M4 Competition Test Drive | Top Gear,https://www.youtube.com/watch?v=m4_comp_review,4,0,link
1280,1281,2024-12-30,14:11:06,Mechanic Advice Reddit - Rust repair tips,https://www.reddit.com/r/mechanicadvice/comments/abc_thread,3,0,link
1281,1282,2024-12-30,14:11:36,"BMW M Models, Sedans, Coupes & SUVs | BMW USA",https://www.bmwusa.com/vehicles/m-series.html,2,0,typed
1282,1283,2024-12-30,14:10:22,Best Summer Tires for Track Days,https://www.google.com/search?q=best+track+day+tires,3,0,link
1283,1284,2024-12-30,14:12:20,BMW M4 Competition Test Drive | Top Gear,https://www.youtube.com/watch?v=m4_comp_review,1,0,link
1284,1285,2024-12-30,14:04:19,Edelbrock Performer RPM Intake Manifold,https://www.summitracing.com/parts/edl-2104,1,0,typed
1285,1286,2024-12-30,14:06:58,Mechanic Advice Reddit - Rust repair tips,https://www.reddit.com/r/mechanicadvice/comments/abc_thread,3,0,generated
1286,1287,2024-12-30,13:57:08,BMW M4 Competition Test Drive | Top Gear,https://www.youtube.com/watch?v=m4_comp_review,4,0,link
1287,1288,2024-12-30,14:02:50,BMW M4 Competition Test Drive | Top Gear,https://www.youtube.com/watch?v=m4_comp_review,2,0,generated
1288,1289,2024-12-30,14:01:36,X (Twitter): Home,https://twitter.com/home,5,0,link
1289,1290,2024-12-30,13:52:47,Performance Suspension Kits | eBay,https://www.ebay.com/b/performance-suspension/33580,3,0,typed
1290,1291,2024-12-30,13:58:45,"Porsche 911 Review, Price, and Specs - Car and Driver",https://www.caranddriver.com/reviews/porsche-911-review,2,0,generated
1291,1292,2024-12-30,13:47:44,Performance Suspension Kits | eBay,https://www.ebay.com/b/performance-suspension/33580,3,0,typed
1292,1293,2024-12-30,13:50:06,Performance Suspension Kits | eBay,https://www.ebay.com/b/performance-suspension/33580,1,0,typed
1293,1294,2024-12-30,13:46:39,Amazon.com: Online Shopping,https://www.amazon.com/,5,0,reload
1294,1295,2024-12-30,13:41:12,Best Summer Tires for Track Days,https://www.google.com/search?q=best+track+day+tires,1,0,reload
1295,1296,2024-12-30,13:44:18,Edelbrock Performer RPM Intake Manifold,https://www.summitracing.com/parts/edl-2104,2,0,link
1296,1297,2024-12-30,13:44:10,Amazon.com: Online Shopping,https://www.amazon.com/,1,0,link
1297,1298,2024-12-30,13:40:50,"Porsche 911 Review, Price, and Specs - Car and Driver",https://www.caranddriver.com/reviews/porsche-911-review,1,0,form_submit
1298,1299,2024-12-30,13:35:32,Edelbrock Performer RPM Intake Manifold,https://www.summitracing.com/parts/edl-2104,3,0,typed
1299,1300,2024-12-30,13:33:09,Used BMW M3 for Sale - CarGurus,https://www.cargurus.com/Cars/forsale/bmw-m3-e46,4,0,link
1300,1301,2024-12-30,13:37:50,"BMW M Models, Sedans, Coupes & SUVs | BMW USA",https://www.bmwusa.com/vehicles/m-series.html,3,0,link
1301,1302,2024-12-30,13:35:59,BMW M4 Competition Test Drive | Top Gear,https://www.youtube.com/watch?v=m4_comp_review,1,0,link
1302,1303,2024-12-30,13:34:37,BMW M4 Competition Test Drive | Top Gear,https://www.youtube.com/watch?v=m4_comp_review,1,0,reload
1303,1304,2024-12-30,13:23:52,"Motorsports News - F1, NASCAR, Le Mans - Autoblog",https://www.autoblog.com/motorsports/,2,0,link
1304,1305,2024-12-30,13:30:48,Amazon.com: Online Shopping,https://www.amazon.com/,4,0,generated
1305,1306,2024-12-30,13:22:12,BMW M4 Competition Test Drive | Top Gear,https://www.youtube.com/watch?v=m4_comp_review,4,0,link
1306,1307,2024-12-30,13:19:57,Edelbrock Performer RPM Intake Manifold,https://www.summitracing.com/parts/edl-2104,2,0,link
1307,1308,2024-12-30,13:15:24,"Porsche 911 Review, Price, and Specs - Car and Driver",https://www.caranddriver.com/reviews/porsche-911-review,2,0,link
1308,1309,2024-12-30,13:19:19,Edelbrock Performer RPM Intake Manifold,https://www.summitracing.com/parts/edl-2104,1,0,link
1309,1310,2024-12-30,13:18:03,Used BMW M3 for Sale - CarGurus,https://www.cargurus.com/Cars/forsale/bmw-m3-e46,3,0,link
1310,1311,2024-12-30,13:12:38,X (Twitter): Home,https://twitter.com/home,5,0,link
1311,1312,2024-12-30,13:12:37,Gmail: Inbox,https://mail.google.com/mail/u/0/#inbox,5,0,link
1312,1313,2024-12-30,13:13:43,Performance Suspension Kits | eBay,https://www.ebay.com/b/performance-suspension/33580,4,0,typed
1313,1314,2024-12-30,13:11:19,Amazon.com: Online Shopping,https://www.amazon.com/,2,0,link
1314,1315,2024-12-30,13:01:40,X (Twitter): Home,https://twitter.com/home,3,0,link
1315,1316,2024-12-30,13:08:48,BMW M4 Competition Test Drive | Top Gear,https://www.youtube.com/watch?v=m4_comp_review,2,0,form_submit
1316,1317,2024-12-30,12:59:25,Best Summer Tires for Track Days,https://www.google.com/search?q=best+track+day+tires,3,0,link
1317,1318,2024-12-30,13:02:21,Amazon.com: Online Shopping,https://www.amazon.com/,1,0,link
1318,1319,2024-12-30,12:54:07,Amazon.com: Online Shopping,https://www.amazon.com/,4,0,generated
1319,1320,2024-12-30,12:57:35,"Porsche 911 Review, Price, and Specs - Car and Driver",https://www.caranddriver.com/reviews/porsche-911-review,5,0,link
1320,1321,2024-12-30,12:55:58,Mechanic Advice Reddit - Rust repair tips,https://www.reddit.com/r/mechanicadvice/comments/abc_thread,2,0,link
1321,1322,2024-12-30,12:51:19,Mechanic Advice Reddit - Rust repair tips,https://www.reddit.com/r/mechanicadvice/comments/abc_thread,1,0,link
1322,1323,2024-12-30,12:47:16,Amazon.com: Online Shopping,https://www.amazon.com/,2,0,typed
1323,1324,2024-12-30,12:49:03,CNN Breaking News and Video,https://www.cnn.com/,1,0,link
1324,1325,2024-12-30,12:48:04,Formula 1 Official Site - Latest News,https://www.formula1.com/en/latest/headlines.html,5,0,link
1325,1326,2024-12-30,12:42:33,Shop and Repair Guides | AutoZone,https://www.autozone.com/shop-repair-guides,4,0,link
1326,1327,2024-12-30,12:42:22,CNN Breaking News and Video,https://www.cnn.com/,4,0,typed
1327,1328,2024-12-30,12:41:07,Gmail: Inbox,https://mail.google.com/mail/u/0/#inbox,2,0,link
1328,1329,2024-12-30,12:41:43,"Motorsports News - F1, NASCAR, Le Mans - Autoblog",https://www.autoblog.com/motorsports/,5,0,generated
1329,1330,2024-12-30,12:31:02,Best Summer Tires for Track Days,https://www.google.com/search?q=best+track+day+tires,5,0,link
1330,1331,2024-12-30,12:30:38,Performance Suspension Kits | eBay,https://www.ebay.com/b/performance-suspension/33580,2,0,link
1331,1332,2024-12-30,12:28:28,"Porsche 911 Review, Price, and Specs - Car and Driver",https://www.caranddriver.com/reviews/porsche-911-review,3,0,link
1332,1333,2024-12-30,12:26:32,Shop and Repair Guides | AutoZone,https://www.autozone.com/shop-repair-guides,3,0,generated
1333,1334,2024-12-30,12:27:52,"Porsche 911 Review, Price, and Specs - Car and Driver",https://www.caranddriver.com/reviews/porsche-911-review,2,0,link
1334,1335,2024-12-30,12:27:16,"BMW M Models, Sedans, Coupes & SUVs | BMW USA",https://www.bmwusa.com/vehicles/m-series.html,4,0,link
1335,1336,2024-12-30,12:23:43,Gmail: Inbox,https://mail.google.com/mail/u/0/#inbox,3,0,link
1336,1337,2024-12-30,12:25:40,Used BMW M3 for Sale - CarGurus,https://www.cargurus.com/Cars/forsale/bmw-m3-e46,1,0,link
1337,1338,2024-12-30,12:17:09,Amazon.com: Online Shopping,https://www.amazon.com/,5,0,link
1338,1339,2024-12-30,12:21:09,BMW M4 Competition Test Drive | Top Gear,https://www.youtube.com/watch?v=m4_comp_review,1,0,link
1339,1340,2024-12-30,12:17:27,Shop and Repair Guides | AutoZone,https://www.autozone.com/shop-repair-guides,5,0,reload
1340,1341,2024-12-30,12:12:15,Formula 1 Official Site - Latest News,https://www.formula1.com/en/latest/headlines.html,2,0,link
1341,1342,2024-12-30,12:07:54,Mechanic Advice Reddit - Rust repair tips,https://www.reddit.com/r/mechanicadvice/comments/abc_thread,5,0,link
1342,1343,2024-12-30,12:07:28,Best Summer Tires for Track Days,https://www.google.com/search?q=best+track+day+tires,2,0,generated
1343,1344,2024-12-30,12:10:22,CNN Breaking News and Video,https://www.cnn.com/,1,0,reload
1344,1345,2024-12-30,12:05:35,Amazon.com: Online Shopping,https://www.amazon.com/,2,0,link
1345,1346,2024-12-30,12:06:38,Performance Suspension Kits | eBay,https://www.ebay.com/b/performance-suspension/33580,1,0,link
1346,1347,2024-12-30,12:06:04,Performance Suspension Kits | eBay,https://www.ebay.com/b/performance-suspension/33580,1,0,link
1347,1348,2024-12-30,12:04:16,Edelbrock Performer RPM Intake Manifold,https://www.summitracing.com/parts/edl-2104,3,0,link
1348,1349,2024-12-30,11:57:27,Amazon.com: Online Shopping,https://www.amazon.com/,5,0,typed
1349,1350,2024-12-30,11:58:06,The Weather Channel - Weather.com,https://www.weather.com/,3,0,link
1350,1351,2024-12-30,11:58:25,Shop and Repair Guides | AutoZone,https://www.autozone.com/shop-repair-guides,3,0,typed
1351,1352,2024-12-30,11:49:51,"Motorsports News - F1, NASCAR, Le Mans - Autoblog",https://www.autoblog.com/motorsports/,4,0,generated
1352,1353,2024-12-30,11:53:30,Formula 1 Official Site - Latest News,https://www.formula1.com/en/latest/headlines.html,3,0,link
1353,1354,2024-12-30,11:46:30,"BMW M Models, Sedans, Coupes & SUVs | BMW USA",https://www.bmwusa.com/vehicles/m-series.html,5,0,link
1354,1355,2024-12-30,11:50:11,X (Twitter): Home,https://twitter.com/home,3,0,link
1355,1356,2024-12-30,11:43:36,Amazon.com: Online Shopping,https://www.amazon.com/,5,0,link
1356,1357,2024-12-30,11:37:52,"Porsche 911 Review, Price, and Specs - Car and Driver",https://www.caranddriver.com/reviews/porsche-911-review,4,0,link
1357,1358,2024-12-30,11:38:36,Performance Suspension Kits | eBay,https://www.ebay.com/b/performance-suspension/33580,1,0,form_submit
1358,1359,2024-12-30,11:36:29,Used BMW M3 for Sale - CarGurus,https://www.cargurus.com/Cars/forsale/bmw-m3-e46,5,0,link
1359,1360,2024-12-30,11:34:16,Mechanic Advice Reddit - Rust repair tips,https://www.reddit.com/r/mechanicadvice/comments/abc_thread,1,0,link
1360,1361,2024-12-30,11:38:35,CNN Breaking News and Video,https://www.cnn.com/,4,0,link
1361,1362,2024-12-30,11:32:30,Shop and Repair Guides | AutoZone,https://www.autozone.com/shop-repair-guides,5,0,link
1362,1363,2024-12-30,11:26:24,Edelbrock Performer RPM Intake Manifold,https://www.summitracing.com/parts/edl-2104,2,0,link
1363,1364,2024-12-30,11:27:39,"Porsche 911 Review, Price, and Specs - Car and Driver",https://www.caranddriver.com/reviews/porsche-911-review,5,0,typed
1364,1365,2024-12-30,11:22:52,"Porsche 911 Review, Price, and Specs - Car and Driver",https://www.caranddriver.com/reviews/porsche-911-review,2,0,typed
1365,1366,2024-12-30,11:26:44,Used BMW M3 for Sale - CarGurus,https://www.cargurus.com/Cars/forsale/bmw-m3-e46,3,0,link
1366,1367,2024-12-30,11:17:03,CNN Breaking News and Video,https://www.cnn.com/,5,0,generated
1367,1368,2024-12-30,11:22:30,Mechanic Advice Reddit - Rust repair tips,https://www.reddit.com/r/mechanicadvice/comments/abc_thread,2,0,link
1368,1369,2024-12-30,11:20:18,"BMW M Models, Sedans, Coupes & SUVs | BMW USA",https://www.bmwusa.com/vehicles/m-series.html,1,0,link
1369,1370,2024-12-30,11:12:47,"BMW M Models, Sedans, Coupes & SUVs | BMW USA",https://www.bmwusa.com/vehicles/m-series.html,4,0,link
1370,1371,2024-12-30,11:11:36,CNN Breaking News and Video,https://www.cnn.com/,1,0,generated
1371,1372,2024-12-30,11:15:36,Performance Suspension Kits | eBay,https://www.ebay.com/b/performance-suspension/33580,3,0,link
1372,1373,2024-12-30,11:08:53,Mechanic Advice Reddit - Rust repair tips,https://www.reddit.com/r/mechanicadvice/comments/abc_thread,4,0,link
1373,1374,2024-12-30,11:05:10,Formula 1 Official Site - Latest News,https://www.formula1.com/en/latest/headlines.html,5,0,typed
1374,1375,2024-12-30,11:05:31,Performance Suspension Kits | eBay,https://www.ebay.com/b/performance-suspension/33580,1,0,typed
1375,1376,2024-12-30,11:06:52,Best Summer Tires for Track Days,https://www.google.com/search?q=best+track+day+tires,5,0,typed
1376,1377,2024-12-30,11:05:50,Performance Suspension Kits | eBay,https://www.ebay.com/b/performance-suspension/33580,5,0,link
1377,1378,2024-12-30,10:59:40,Edelbrock Performer RPM Intake Manifold,https://www.summitracing.com/parts/edl-2104,2,0,link
1378,1379,2024-12-30,11:01:36,Mechanic Advice Reddit - Rust repair tips,https://www.reddit.com/r/mechanicadvice/comments/abc_thread,1,0,link
1379,1380,2024-12-30,10:56:22,Best Summer Tires for Track Days,https://www.google.com/search?q=best+track+day+tires,3,0,link
1380,1381,2024-12-30,10:53:20,"BMW M Models, Sedans, Coupes & SUVs | BMW USA",https://www.bmwusa.com/vehicles/m-series.html,3,0,link
1381,1382,2024-12-30,10:50:39,Edelbrock Performer RPM Intake Manifold,https://www.summitracing.com/parts/edl-2104,3,0,link
1382,1383,2024-12-30,10:45:34,Formula 1 Official Site - Latest News,https://www.formula1.com/en/latest/headlines.html,2,0,link
1383,1384,2024-12-30,10:47:18,Mechanic Advice Reddit - Rust repair tips,https://www.reddit.com/r/mechanicadvice/comments/abc_thread,1,0,link
1384,1385,2024-12-30,10:41:31,Performance Suspension Kits | eBay,https://www.ebay.com/b/performance-suspension/33580,4,0,link
1385,1386,2024-12-30,10:44:42,"Porsche 911 Review, Price, and Specs - Car and Driver",https://www.caranddriver.com/reviews/porsche-911-review,1,0,link
1386,1387,2024-12-30,10:39:59,"BMW M Models, Sedans, Coupes & SUVs | BMW USA",https://www.bmwusa.com/vehicles/m-series.html,2,0,link
1387,1388,2024-12-30,10:44:15,Amazon.com: Online Shopping,https://www.amazon.com/,3,0,link
1388,1389,2024-12-30,10:41:42,"BMW M Models, Sedans, Coupes & SUVs | BMW USA",https://www.bmwusa.com/vehicles/m-series.html,2,0,link
1389,1390,2024-12-30,10:39:28,Formula 1 Official Site - Latest News,https://www.formula1.com/en/latest/headlines.html,4,0,link
1390,1391,2024-12-30,10:35:54,"BMW M Models, Sedans, Coupes & SUVs | BMW USA",https://www.bmwusa.com/vehicles/m-series.html,3,0,link
1391,1392,2024-12-30,10:27:56,Edelbrock Performer RPM Intake Manifold,https://www.summitracing.com/parts/edl-2104,1,0,generated
1392,1393,2024-12-30,10:34:17,Shop and Repair Guides | AutoZone,https://www.autozone.com/shop-repair-guides,1,0,link
1393,1394,2024-12-30,10:31:24,"Motorsports News - F1, NASCAR, Le Mans - Autoblog",https://www.autoblog.com/motorsports/,2,0,link
1394,1395,2024-12-30,10:28:38,The Weather Channel - Weather.com,https://www.weather.com/,5,0,typed
1395,1396,2024-12-30,10:27:43,Performance Suspension Kits | eBay,https://www.ebay.com/b/performance-suspension/33580,1,0,link
1396,1397,2024-12-30,10:25:17,Used BMW M3 for Sale - CarGurus,https://www.cargurus.com/Cars/forsale/bmw-m3-e46,1,0,link
1397,1398,2024-12-30,10:19:36,"Motorsports News - F1, NASCAR, Le Mans - Autoblog",https://www.autoblog.com/motorsports/,2,0,link
1398,1399,2024-12-30,10:22:30,"Motorsports News - F1, NASCAR, Le Mans - Autoblog",https://www.autoblog.com/motorsports/,1,0,typed
1399,1400,2024-12-30,10:11:24,X (Twitter): Home,https://twitter.com/home,1,0,link
1400,1401,2024-12-30,10:18:23,"BMW M Models, Sedans, Coupes & SUVs | BMW USA",https://www.bmwusa.com/vehicles/m-series.html,3,0,typed
1401,1402,2024-12-30,10:10:43,Gmail: Inbox,https://mail.google.com/mail/u/0/#inbox,4,0,link
1402,1403,2024-12-30,10:11:33,"Motorsports News - F1, NASCAR, Le Mans - Autoblog",https://www.autoblog.com/motorsports/,4,0,link
1403,1404,2024-12-30,10:03:42,Amazon.com: Online Shopping,https://www.amazon.com/,1,0,link
1404,1405,2024-12-30,10:07:52,"Motorsports News - F1, NASCAR, Le Mans - Autoblog",https://www.autoblog.com/motorsports/,3,0,generated
1405,1406,2024-12-30,10:01:44,"Porsche 911 Review, Price, and Specs - Car and Driver",https://www.caranddriver.com/reviews/porsche-911-review,3,0,typed
1406,1407,2024-12-30,10:03:03,Used BMW M3 for Sale - CarGurus,https://www.cargurus.com/Cars/forsale/bmw-m3-e46,5,0,link
1407,1408,2024-12-30,10:00:51,BMW M4 Competition Test Drive | Top Gear,https://www.youtube.com/watch?v=m4_comp_review,1,0,link
1408,1409,2024-12-30,10:03:00,Gmail: Inbox,https://mail.google.com/mail/u/0/#inbox,4,0,link
1409,1410,2024-12-30,09:53:56,Performance Suspension Kits | eBay,https://www.ebay.com/b/performance-suspension/33580,4,0,link
1410,1411,2024-12-30,09:50:25,Performance Suspension Kits | eBay,https://www.ebay.com/b/performance-suspension/33580,4,0,typed
1411,1412,2024-12-30,09:48:32,Mechanic Advice Reddit - Rust repair tips,https://www.reddit.com/r/mechanicadvice/comments/abc_thread,4,0,typed
1412,1413,2024-12-30,09:54:46,The Weather Channel - Weather.com,https://www.weather.com/,2,0,generated
1413,1414,2024-12-30,09:43:01,Shop and Repair Guides | AutoZone,https://www.autozone.com/shop-repair-guides,5,0,reload
1414,1415,2024-12-30,09:44:24,Mechanic Advice Reddit - Rust repair tips,https://www.reddit.com/r/mechanicadvice/comments/abc_thread,5,0,typed
1415,1416,2024-12-30,09:39:13,"Porsche 911 Review, Price, and Specs - Car and Driver",https://www.caranddriver.com/reviews/porsche-911-review,3,0,typed
1416,1417,2024-12-30,09:38:23,Performance Suspension Kits | eBay,https://www.ebay.com/b/performance-suspension/33580,4,0,link
1417,1418,2024-12-30,09:44:03,Edelbrock Performer RPM Intake Manifold,https://www.summitracing.com/parts/edl-2104,5,0,link
1418,1419,2024-12-30,09:37:51,"Motorsports News - F1, NASCAR, Le Mans - Autoblog",https://www.autoblog.com/motorsports/,5,0,link
1419,1420,2024-12-30,09:31:08,Gmail: Inbox,https://mail.google.com/mail/u/0/#inbox,1,0,reload
1420,1421,2024-12-30,09:31:08,Used BMW M3 for Sale - CarGurus,https://www.cargurus.com/Cars/forsale/bmw-m3-e46,5,0,generated
1421,1422,2024-12-30,09:36:49,BMW M4 Competition Test Drive | Top Gear,https://www.youtube.com/watch?v=m4_comp_review,3,0,link
1422,1423,2024-12-30,09:29:52,Used BMW M3 for Sale - CarGurus,https://www.cargurus.com/Cars/forsale/bmw-m3-e46,3,0,link
1423,1424,2024-12-30,09:27:17,Performance Suspension Kits | eBay,https://www.ebay.com/b/performance-suspension/33580,4,0,generated
1424,1425,2024-12-30,09:27:23,"Motorsports News - F1, NASCAR, Le Mans - Autoblog",https://www.autoblog.com/motorsports/,1,0,typed
1425,1426,2024-12-30,09:28:10,The Weather Channel - Weather.com,https://www.weather.com/,4,0,link
1426,1427,2024-12-30,09:22:16,The Weather Channel - Weather.com,https://www.weather.com/,5,0,link
1427,1428,2024-12-30,09:22:13,The Weather Channel - Weather.com,https://www.weather.com/,3,0,link
1428,1429,2024-12-30,09:21:13,Formula 1 Official Site - Latest News,https://www.formula1.com/en/latest/headlines.html,3,0,link
1429,1430,2024-12-30,09:17:13,Used BMW M3 for Sale - CarGurus,https://www.cargurus.com/Cars/forsale/bmw-m3-e46,4,0,link
1430,1431,2024-12-30,09:17:23,"BMW M Models, Sedans, Coupes & SUVs | BMW USA",https://www.bmwusa.com/vehicles/m-series.html,4,0,link
1431,1432,2024-12-30,09:13:48,"Porsche 911 Review, Price, and Specs - Car and Driver",https://www.caranddriver.com/reviews/porsche-911-review,3,0,typed
1432,1433,2024-12-30,09:08:40,Amazon.com: Online Shopping,https://www.amazon.com/,4,0,typed
1433,1434,2024-12-30,09:07:04,Formula 1 Official Site - Latest News,https://www.formula1.com/en/latest/headlines.html,4,0,link
1434,1435,2024-12-30,09:04:09,Edelbrock Performer RPM Intake Manifold,https://www.summitracing.com/parts/edl-2104,2,0,link
1435,1436,2024-12-30,09:03:12,Gmail: Inbox,https://mail.google.com/mail/u/0/#inbox,5,0,link
1436,1437,2024-12-30,08:57:12,X (Twitter): Home,https://twitter.com/home,4,0,link
1437,1438,2024-12-30,08:58:13,The Weather Channel - Weather.com,https://www.weather.com/,5,0,link
1438,1439,2024-12-30,08:58:47,Best Summer Tires for Track Days,https://www.google.com/search?q=best+track+day+tires,3,0,link
1439,1440,2024-12-30,08:51:47,CNN Breaking News and Video,https://www.cnn.com/,3,0,link
1440,1441,2024-12-30,08:49:22,Performance Suspension Kits | eBay,https://www.ebay.com/b/performance-suspension/33580,4,0,link
1441,1442,2024-12-30,08:49:47,BMW M4 Competition Test Drive | Top Gear,https://www.youtube.com/watch?v=m4_comp_review,1,0,form_submit
1442,1443,2024-12-30,08:48:27,"Motorsports News - F1, NASCAR, Le Mans - Autoblog",https://www.autoblog.com/motorsports/,3,0,form_submit
1443,1444,2024-12-30,08:45:29,Amazon.com: Online Shopping,https://www.amazon.com/,4,0,link
1444,1445,2024-12-30,08:41:58,"Motorsports News - F1, NASCAR, Le Mans - Autoblog",https://www.autoblog.com/motorsports/,2,0,link
1445,1446,2024-12-30,08:40:35,Gmail: Inbox,https://mail.google.com/mail/u/0/#inbox,5,0,link
1446,1447,2024-12-30,08:43:59,BMW M4 Competition Test Drive | Top Gear,https://www.youtube.com/watch?v=m4_comp_review,2,0,typed
1447,1448,2024-12-30,08:41:22,Performance Suspension Kits | eBay,https://www.ebay.com/b/performance-suspension/33580,1,0,typed
1448,1449,2024-12-30,08:41:44,Gmail: Inbox,https://mail.google.com/mail/u/0/#inbox,4,0,link
1449,1450,2024-12-30,08:37:38,Gmail: Inbox,https://mail.google.com/mail/u/0/#inbox,3,0,link
1450,1451,2024-12-30,08:34:44,"Motorsports News - F1, NASCAR, Le Mans - Autoblog",https://www.autoblog.com/motorsports/,5,0,generated
1451,1452,2024-12-30,08:36:12,"Motorsports News - F1, NASCAR, Le Mans - Autoblog",https://www.autoblog.com/motorsports/,4,0,link
1452,1453,2024-12-30,08:33:47,"BMW M Models, Sedans, Coupes & SUVs | BMW USA",https://www.bmwusa.com/vehicles/m-series.html,4,0,link
1453,1454,2024-12-30,08:28:43,Edelbrock Performer RPM Intake Manifold,https://www.summitracing.com/parts/edl-2104,3,0,link
1454,1455,2024-12-30,08:22:15,The Weather Channel - Weather.com,https://www.weather.com/,4,0,link
1455,1456,2024-12-30,08:22:46,Shop and Repair Guides | AutoZone,https://www.autozone.com/shop-repair-guides,3,0,link
1456,1457,2024-12-30,08:25:09,"Porsche 911 Review, Price, and Specs - Car and Driver",https://www.caranddriver.com/reviews/porsche-911-review,4,0,link
1457,1458,2024-12-30,08:16:04,Shop and Repair Guides | AutoZone,https://www.autozone.com/shop-repair-guides,5,0,link
1458,1459,2024-12-30,08:18:58,Used BMW M3 for Sale - CarGurus,https://www.cargurus.com/Cars/forsale/bmw-m3-e46,1,0,link
1459,1460,2024-12-30,08:14:10,Amazon.com: Online Shopping,https://www.amazon.com/,1,0,link
1460,1461,2024-12-30,08:17:13,The Weather Channel - Weather.com,https://www.weather.com/,1,0,link
1461,1462,2024-12-30,08:16:22,The Weather Channel - Weather.com,https://www.weather.com/,5,0,link
1462,1463,2024-12-30,08:14:14,Mechanic Advice Reddit - Rust repair tips,https://www.reddit.com/r/mechanicadvice/comments/abc_thread,5,0,form_submit
1463,1464,2024-12-30,08:03:48,CNN Breaking News and Video,https://www.cnn.com/,2,0,form_submit
1464,1465,2024-12-30,08:02:56,Amazon.com: Online Shopping,https://www.amazon.com/,2,0,form_submit
1465,1466,2024-12-30,08:05:31,Best Summer Tires for Track Days,https://www.google.com/search?q=best+track+day+tires,2,0,typed
1466,1467,2024-12-30,07:57:11,Used BMW M3 for Sale - CarGurus,https://www.cargurus.com/Cars/forsale/bmw-m3-e46,5,0,generated
1467,1468,2024-12-30,08:03:45,X (Twitter): Home,https://twitter.com/home,3,0,link
1468,1469,2024-12-30,07:55:47,Amazon.com: Online Shopping,https://www.amazon.com/,3,0,link
1469,1470,2024-12-30,07:56:23,"Porsche 911 Review, Price, and Specs - Car and Driver",https://www.caranddriver.com/reviews/porsche-911-review,1,0,link
1470,1471,2024-12-30,07:52:49,Used BMW M3 for Sale - CarGurus,https://www.cargurus.com/Cars/forsale/bmw-m3-e46,1,0,link
1471,1472,2024-12-30,07:54:55,CNN Breaking News and Video,https://www.cnn.com/,4,0,generated
1472,1473,2024-12-30,07:51:35,"Motorsports News - F1, NASCAR, Le Mans - Autoblog",https://www.autoblog.com/motorsports/,5,0,link
1473,1474,2024-12-30,07:43:58,BMW M4 Competition Test Drive | Top Gear,https://www.youtube.com/watch?v=m4_comp_review,1,0,link
1474,1475,2024-12-30,07:48:44,Edelbrock Performer RPM Intake Manifold,https://www.summitracing.com/parts/edl-2104,5,0,link
1475,1476,2024-12-30,07:42:20,Shop and Repair Guides | AutoZone,https://www.autozone.com/shop-repair-guides,3,0,link
1476,1477,2024-12-30,07:39:18,CNN Breaking News and Video,https://www.cnn.com/,3,0,link
1477,1478,2024-12-30,07:41:55,X (Twitter): Home,https://twitter.com/home,3,0,typed
1478,1479,2024-12-30,07:34:27,CNN Breaking News and Video,https://www.cnn.com/,1,0,link
1479,1480,2024-12-30,07:32:23,X (Twitter): Home,https://twitter.com/home,4,0,form_submit
1480,1481,2024-12-30,07:29:17,"Porsche 911 Review, Price, and Specs - Car and Driver",https://www.caranddriver.com/reviews/porsche-911-review,1,0,link
1481,1482,2024-12-30,07:28:38,Used BMW M3 for Sale - CarGurus,https://www.cargurus.com/Cars/forsale/bmw-m3-e46,2,0,link
1482,1483,2024-12-30,07:32:26,Performance Suspension Kits | eBay,https://www.ebay.com/b/performance-suspension/33580,2,0,link
1483,1484,2024-12-30,07:32:05,"Motorsports News - F1, NASCAR, Le Mans - Autoblog",https://www.autoblog.com/motorsports/,1,0,link
1484,1485,2024-12-30,07:29:26,Mechanic Advice Reddit - Rust repair tips,https://www.reddit.com/r/mechanicadvice/comments/abc_thread,5,0,link
1485,1486,2024-12-30,07:20:30,"Motorsports News - F1, NASCAR, Le Mans - Autoblog",https://www.autoblog.com/motorsports/,3,0,link
1486,1487,2024-12-30,07:23:05,Mechanic Advice Reddit - Rust repair tips,https://www.reddit.com/r/mechanicadvice/comments/abc_thread,1,0,link
1487,1488,2024-12-30,07:18:30,Mechanic Advice Reddit - Rust repair tips,https://www.reddit.com/r/mechanicadvice/comments/abc_thread,2,0,typed
1488,1489,2024-12-30,07:18:52,Used BMW M3 for Sale - CarGurus,https://www.cargurus.com/Cars/forsale/bmw-m3-e46,1,0,link
1489,1490,2024-12-30,07:11:30,"Motorsports News - F1, NASCAR, Le Mans - Autoblog",https://www.autoblog.com/motorsports/,5,0,link
1490,1491,2024-12-30,07:14:18,The Weather Channel - Weather.com,https://www.weather.com/,4,0,link
1491,1492,2024-12-30,07:10:55,Formula 1 Official Site - Latest News,https://www.formula1.com/en/latest/headlines.html,4,0,link
1492,1493,2024-12-30,07:06:38,Shop and Repair Guides | AutoZone,https://www.autozone.com/shop-repair-guides,1,0,link
1493,1494,2024-12-30,07:04:10,Gmail: Inbox,https://mail.google.com/mail/u/0/#inbox,4,0,link
1494,1495,2024-12-30,07:01:28,Mechanic Advice Reddit - Rust repair tips,https://www.reddit.com/r/mechanicadvice/comments/abc_thread,1,0,typed
1495,1496,2024-12-30,07:01:40,Best Summer Tires for Track Days,https://www.google.com/search?q=best+track+day+tires,1,0,link
1496,1497,2024-12-30,07:02:35,Edelbrock Performer RPM Intake Manifold,https://www.summitracing.com/parts/edl-2104,1,0,link
1497,1498,2024-12-30,06:58:46,"Porsche 911 Review, Price, and Specs - Car and Driver",https://www.caranddriver.com/reviews/porsche-911-review,1,0,generated
1498,1499,2024-12-30,06:58:57,Shop and Repair Guides | AutoZone,https://www.autozone.com/shop-repair-guides,1,0,link
1499,1500,2024-12-30,06:53:58,The Weather Channel - Weather.com,https://www.weather.com/,3,0,link
