order,id,date,time,title,url,visitCount,typedCount,transition
0,1,2025-01-01,08:51:05,CNN Breaking News and Video,https://www.cnn.com/,3,0,link
1,2,2025-01-01,08:56:45,The Weather Channel - Weather.com,https://www.weather.com/,3,0,link
2,3,2025-01-01,08:51:09,Prada Designer Clothing & Accessories - Farfetch,https://www.farfetch.com/shopping/women/designers/prada,2,0,link
3,4,2025-01-01,08:46:52,Prada Designer Clothing & Accessories - Farfetch,https://www.farfetch.com/shopping/women/designers/prada,3,0,link
4,5,2025-01-01,08:42:26,The Weather Channel - Weather.com,https://www.weather.com/,5,0,link
5,6,2025-01-01,08:47:23,Prada Designer Clothing & Accessories - Farfetch,https://www.farfetch.com/shopping/women/designers/prada,5,0,link
6,7,2025-01-01,08:43:26,How to Style Wide Leg Pants,https://www.google.com/search?q=how+to+style+wide+leg+pants,5,0,link
7,8,2025-01-01,08:43:20,Designer Jewelry & Fine Jewellery | NET-A-PORTER,https://www.net-a-porter.com/en-us/shop/jewelry,4,0,link
8,9,2025-01-01,08:41:33,Gucci Bags for Women | Designer Crossbody Bags,https://www.gucci.com/us/en/category/bags,5,0,link
9,10,2025-01-01,08:37:05,Wedding Guest Dresses | Lulus,https://www.lulus.com/clothing/wedding-guest-dresses,3,0,link
10,11,2025-01-01,08:37:54,CNN Breaking News and Video,https://www.cnn.com/,4,0,reload
11,12,2025-01-01,08:36:35,Gmail: Inbox,https://mail.google.com/mail/u/0/#inbox,4,0,link
12,13,2025-01-01,08:26:50,The Weather Channel - Weather.com,https://www.weather.com/,2,0,typed
13,14,2025-01-01,08:31:07,Gmail: Inbox,https://mail.google.com/mail/u/0/#inbox,5,0,typed
14,15,2025-01-01,08:24:10,New In | Women's Dresses | ZARA United States,https://www.zara.com/us/en/new-in-dresses,4,0,link
15,16,2025-01-01,08:26:21,How to Style Wide Leg Pants,https://www.google.com/search?q=how+to+style+wide+leg+pants,1,0,reload
16,17,2025-01-01,08:26:55,Gucci Bags for Women | Designer Crossbody Bags,https://www.gucci.com/us/en/category/bags,4,0,generated
17,18,2025-01-01,08:21:48,New In | Women's Dresses | ZARA United States,https://www.zara.com/us/en/new-in-dresses,3,0,link
18,19,2025-01-01,08:21:16,How to Style Wide Leg Pants,https://www.google.com/search?q=how+to+style+wide+leg+pants,5,0,typed
19,20,2025-01-01,08:14:36,Prada Designer Clothing & Accessories - Farfetch,https://www.farfetch.com/shopping/women/designers/prada,1,0,link
20,21,2025-01-01,08:11:56,Gucci Bags for Women | Designer Crossbody Bags,https://www.gucci.com/us/en/category/bags,1,0,link
21,22,2025-01-01,08:13:00,Minimalist Men's Outfits on Pinterest,https://www.pinterest.com/style/outfits-men/,1,0,typed
22,23,2025-01-01,08:09:44,Women's Sale | ASOS,https://www.asos.com/us/sale/women/cat/?cid=7032,5,0,link
23,24,2025-01-01,08:07:24,CNN Breaking News and Video,https://www.cnn.com/,3,0,link
24,25,2025-01-01,08:07:36,New In | Women's Dresses | ZARA United States,https://www.zara.com/us/en/new-in-dresses,3,0,link
25,26,2025-01-01,08:02:10,New In | Women's Dresses | ZARA United States,https://www.zara.com/us/en/new-in-dresses,4,0,link
26,27,2025-01-01,08:01:18,Prada Designer Clothing & Accessories - Farfetch,https://www.farfetch.com/shopping/women/designers/prada,4,0,link
27,28,2025-01-01,07:55:44,Fall 2025 Ready-to-Wear Fashion Week Trends - Vogue,https://www.vogue.com/fashion-shows/fall-2025/trends,4,0,link
28,29,2025-01-01,08:00:47,How to Style Wide Leg Pants,https://www.google.com/search?q=how+to+style+wide+leg+pants,1,0,link
29,30,2025-01-01,07:58:37,Summer Clothing Haul 2024 - YouTube,https://www.youtube.com/watch?v=summer_haul_video,2,0,generated
30,31,2025-01-01,07:57:25,New In | Women's Dresses | ZARA United States,https://www.zara.com/us/en/new-in-dresses,1,0,link
31,32,2025-01-01,07:57:00,CNN Breaking News and Video,https://www.cnn.com/,1,0,link
32,33,2025-01-01,07:51:18,Fall 2025 Ready-to-Wear Fashion Week Trends - Vogue,https://www.vogue.com/fashion-shows/fall-2025/trends,4,0,typed
33,34,2025-01-01,07:45:44,Amazon.com: Online Shopping,https://www.amazon.com/,5,0,link
34,35,2025-01-01,07:42:52,Designer Jewelry & Fine Jewellery | NET-A-PORTER,https://www.net-a-porter.com/en-us/shop/jewelry,4,0,link
35,36,2025-01-01,07:39:55,Gucci Bags for Women | Designer Crossbody Bags,https://www.gucci.com/us/en/category/bags,4,0,link
36,37,2025-01-01,07:37:31,The Best Watches for Men Right Now | GQ,https://www.gq.com/story/best-watches-for-men,1,0,link
37,38,2025-01-01,07:44:07,CNN Breaking News and Video,https://www.cnn.com/,5,0,link
38,39,2025-01-01,07:38:22,New In | Women's Dresses | ZARA United States,https://www.zara.com/us/en/new-in-dresses,2,0,link
39,40,2025-01-01,07:33:09,CNN Breaking News and Video,https://www.cnn.com/,3,0,link
40,41,2025-01-01,07:31:34,Wedding Guest Dresses | Lulus,https://www.lulus.com/clothing/wedding-guest-dresses,1,0,link
41,42,2025-01-01,07:36:56,New In | Women's Dresses | ZARA United States,https://www.zara.com/us/en/new-in-dresses,2,0,link
42,43,2025-01-01,07:25:19,Designer Jewelry & Fine Jewellery | NET-A-PORTER,https://www.net-a-porter.com/en-us/shop/jewelry,1,0,typed
43,44,2025-01-01,07:26:20,Women's Sale | ASOS,https://www.asos.com/us/sale/women/cat/?cid=7032,1,0,link
44,45,2025-01-01,07:29:30,New In | Women's Dresses | ZARA United States,https://www.zara.com/us/en/new-in-dresses,4,0,reload
45,46,2025-01-01,07:26:50,How to Style Wide Leg Pants,https://www.google.com/search?q=how+to+style+wide+leg+pants,5,0,link
46,47,2025-01-01,07:22:57,Gmail: Inbox,https://mail.google.com/mail/u/0/#inbox,1,0,link
47,48,2025-01-01,07:15:40,Gmail: Inbox,https://mail.google.com/mail/u/0/#inbox,2,0,typed
48,49,2025-01-01,07:20:59,Gucci Bags for Women | Designer Crossbody Bags,https://www.gucci.com/us/en/category/bags,1,0,typed
49,50,2025-01-01,07:15:59,Minimalist Men's Outfits on Pinterest,https://www.pinterest.com/style/outfits-men/,5,0,generated
50,51,2025-01-01,07:12:41,Women's Sale | ASOS,https://www.asos.com/us/sale/women/cat/?cid=7032,1,0,link
51,52,2025-01-01,07:11:46,Fall 2025 Ready-to-Wear Fashion Week Trends - Vogue,https://www.vogue.com/fashion-shows/fall-2025/trends,2,0,link
52,53,2025-01-01,07:10:39,The Best Watches for Men Right Now | GQ,https://www.gq.com/story/best-watches-for-men,3,0,link
53,54,2025-01-01,07:07:10,Wedding Guest Dresses | Lulus,https://www.lulus.com/clothing/wedding-guest-dresses,1,0,link
54,55,2025-01-01,07:06:21,The Best Watches for Men Right Now | GQ,https://www.gq.com/story/best-watches-for-men,1,0,typed
55,56,2025-01-01,06:59:42,Prada Designer Clothing & Accessories - Farfetch,https://www.farfetch.com/shopping/women/designers/prada,2,0,link
56,57,2025-01-01,07:00:42,Summer Clothing Haul 2024 - YouTube,https://www.youtube.com/watch?v=summer_haul_video,1,0,link
57,58,2025-01-01,07:04:04,How to Style Wide Leg Pants,https://www.google.com/search?q=how+to+style+wide+leg+pants,3,0,typed
58,59,2025-01-01,06:57:10,Gmail: Inbox,https://mail.google.com/mail/u/0/#inbox,4,0,generated
59,60,2025-01-01,06:52:14,Prada Designer Clothing & Accessories - Farfetch,https://www.farfetch.com/shopping/women/designers/prada,2,0,typed
60,61,2025-01-01,06:55:48,How to Style Wide Leg Pants,https://www.google.com/search?q=how+to+style+wide+leg+pants,4,0,link
61,62,2025-01-01,06:55:12,The Weather Channel - Weather.com,https://www.weather.com/,3,0,link
62,63,2025-01-01,06:48:45,CNN Breaking News and Video,https://www.cnn.com/,3,0,typed
63,64,2025-01-01,06:49:42,CNN Breaking News and Video,https://www.cnn.com/,1,0,link
64,65,2025-01-01,06:47:20,The Best Watches for Men Right Now | GQ,https://www.gq.com/story/best-watches-for-men,2,0,link
65,66,2025-01-01,06:39:55,Fall 2025 Ready-to-Wear Fashion Week Trends - Vogue,https://www.vogue.com/fashion-shows/fall-2025/trends,1,0,link
66,67,2025-01-01,06:45:57,How to Style Wide Leg Pants,https://www.google.com/search?q=how+to+style+wide+leg+pants,1,0,link
67,68,2025-01-01,06:35:55,Minimalist Men's Outfits on Pinterest,https://www.pinterest.com/style/outfits-men/,3,0,form_submit
68,69,2025-01-01,06:34:13,X (Twitter): Home,https://twitter.com/home,5,0,typed
69,70,2025-01-01,06:34:34,Wedding Guest Dresses | Lulus,https://www.lulus.com/clothing/wedding-guest-dresses,2,0,link
70,71,2025-01-01,06:30:27,Fall 2025 Ready-to-Wear Fashion Week Trends - Vogue,https://www.vogue.com/fashion-shows/fall-2025/trends,5,0,link
71,72,2025-01-01,06:32:15,Gucci Bags for Women | Designer Crossbody Bags,https://www.gucci.com/us/en/category/bags,2,0,typed
72,73,2025-01-01,06:29:06,Wedding Guest Dresses | Lulus,https://www.lulus.com/clothing/wedding-guest-dresses,5,0,link
73,74,2025-01-01,06:27:04,Gmail: Inbox,https://mail.google.com/mail/u/0/#inbox,3,0,link
74,75,2025-01-01,06:24:13,Minimalist Men's Outfits on Pinterest,https://www.pinterest.com/style/outfits-men/,3,0,generated
75,76,2025-01-01,06:20:35,Gucci Bags for Women | Designer Crossbody Bags,https://www.gucci.com/us/en/category/bags,3,0,generated
76,77,2025-01-01,06:20:59,Minimalist Men's Outfits on Pinterest,https://www.pinterest.com/style/outfits-men/,2,0,link
77,78,2025-01-01,06:21:48,How to Style Wide Leg Pants,https://www.google.com/search?q=how+to+style+wide+leg+pants,3,0,link
78,79,2025-01-01,06:19:17,Gmail: Inbox,https://mail.google.com/mail/u/0/#inbox,1,0,generated
79,80,2025-01-01,06:17:01,Minimalist Men's Outfits on Pinterest,https://www.pinterest.com/style/outfits-men/,3,0,link
80,81,2025-01-01,06:09:27,New In | Women's Dresses | ZARA United States,https://www.zara.com/us/en/new-in-dresses,4,0,typed
81,82,2025-01-01,06:13:48,Summer Clothing Haul 2024 - YouTube,https://www.youtube.com/watch?v=summer_haul_video,4,0,link
82,83,2025-01-01,06:09:10,The Best Watches for Men Right Now | GQ,https://www.gq.com/story/best-watches-for-men,4,0,link
83,84,2025-01-01,06:03:57,Designer Jewelry & Fine Jewellery | NET-A-PORTER,https://www.net-a-porter.com/en-us/shop/jewelry,4,0,link
84,85,2025-01-01,06:03:54,Wedding Guest Dresses | Lulus,https://www.lulus.com/clothing/wedding-guest-dresses,2,0,link
85,86,2025-01-01,06:06:43,Women's Sale | ASOS,https://www.asos.com/us/sale/women/cat/?cid=7032,1,0,link
86,87,2025-01-01,06:04:24,CNN Breaking News and Video,https://www.cnn.com/,4,0,link
87,88,2025-01-01,05:58:23,New In | Women's Dresses | ZARA United States,https://www.zara.com/us/en/new-in-dresses,3,0,typed
88,89,2025-01-01,06:01:33,The Best Watches for Men Right Now | GQ,https://www.gq.com/story/best-watches-for-men,4,0,typed
89,90,2025-01-01,05:52:45,Gucci Bags for Women | Designer Crossbody Bags,https://www.gucci.com/us/en/category/bags,1,0,link
90,91,2025-01-01,05:52:22,Minimalist Men's Outfits on Pinterest,https://www.pinterest.com/style/outfits-men/,5,0,link
91,92,2025-01-01,05:52:06,The Best Watches for Men Right Now | GQ,https://www.gq.com/story/best-watches-for-men,5,0,generated
92,93,2025-01-01,05:45:21,Prada Designer Clothing & Accessories - Farfetch,https://www.farfetch.com/shopping/women/designers/prada,4,0,link
93,94,2025-01-01,05:52:30,X (Twitter): Home,https://twitter.com/home,3,0,link
94,95,2025-01-01,05:46:25,Gucci Bags for Women | Designer Crossbody Bags,https://www.gucci.com/us/en/category/bags,3,0,link
95,96,2025-01-01,05:41:59,Amazon.com: Online Shopping,https://www.amazon.com/,5,0,link
96,97,2025-01-01,05:43:31,Gmail: Inbox,https://mail.google.com/mail/u/0/#inbox,2,0,typed
97,98,2025-01-01,05:43:29,Women's Sale | ASOS,https://www.asos.com/us/sale/women/cat/?cid=7032,3,0,typed
98,99,2025-01-01,05:36:40,Gmail: Inbox,https://mail.google.com/mail/u/0/#inbox,5,0,link
99,100,2025-01-01,05:32:43,Summer Clothing Haul 2024 - YouTube,https://www.youtube.com/watch?v=summer_haul_video,1,0,link
100,101,2025-01-01,05:37:13,Designer Jewelry & Fine Jewellery | NET-A-PORTER,https://www.net-a-porter.com/en-us/shop/jewelry,4,0,link
101,102,2025-01-01,05:30:02,Minimalist Men's Outfits on Pinterest,https://www.pinterest.com/style/outfits-men/,1,0,generated
102,103,2025-01-01,05:30:07,Gmail: Inbox,https://mail.google.com/mail/u/0/#inbox,1,0,link
103,104,2025-01-01,05:29:51,Gucci Bags for Women | Designer Crossbody Bags,https://www.gucci.com/us/en/category/bags,5,0,link
104,105,2025-01-01,05:25:06,Wedding Guest Dresses | Lulus,https://www.lulus.com/clothing/wedding-guest-dresses,4,0,generated
105,106,2025-01-01,05:28:24,CNN Breaking News and Video,https://www.cnn.com/,1,0,link
106,107,2025-01-01,05:18:37,Designer Jewelry & Fine Jewellery | NET-A-PORTER,https://www.net-a-porter.com/en-us/shop/jewelry,4,0,link
107,108,2025-01-01,05:16:20,Summer Clothing Haul 2024 - YouTube,https://www.youtube.com/watch?v=summer_haul_video,3,0,generated
108,109,2025-01-01,05:20:01,X (Twitter): Home,https://twitter.com/home,2,0,link
109,110,2025-01-01,05:14:15,Women's Sale | ASOS,https://www.asos.com/us/sale/women/cat/?cid=7032,5,0,link
110,111,2025-01-01,05:11:02,How to Style Wide Leg Pants,https://www.google.com/search?q=how+to+style+wide+leg+pants,4,0,generated
111,112,2025-01-01,05:12:08,New In | Women's Dresses | ZARA United States,https://www.zara.com/us/en/new-in-dresses,2,0,link
112,113,2025-01-01,05:11:46,Women's Sale | ASOS,https://www.asos.com/us/sale/women/cat/?cid=7032,4,0,link
113,114,2025-01-01,05:10:31,Minimalist Men's Outfits on Pinterest,https://www.pinterest.com/style/outfits-men/,2,0,link
114,115,2025-01-01,05:02:07,Designer Jewelry & Fine Jewellery | NET-A-PORTER,https://www.net-a-porter.com/en-us/shop/jewelry,4,0,link
115,116,2025-01-01,05:00:12,Summer Clothing Haul 2024 - YouTube,https://www.youtube.com/watch?v=summer_haul_video,4,0,link
116,117,2025-01-01,05:02:29,The Best Watches for Men Right Now | GQ,https://www.gq.com/story/best-watches-for-men,2,0,typed
117,118,2025-01-01,04:58:02,Summer Clothing Haul 2024 - YouTube,https://www.youtube.com/watch?v=summer_haul_video,1,0,link
118,119,2025-01-01,04:53:09,Women's Sale | ASOS,https://www.asos.com/us/sale/women/cat/?cid=7032,3,0,link
119,120,2025-01-01,04:58:17,X (Twitter): Home,https://twitter.com/home,1,0,link
120,121,2025-01-01,04:54:39,New In | Women's Dresses | ZARA United States,https://www.zara.com/us/en/new-in-dresses,5,0,link
121,122,2025-01-01,04:55:51,How to Style Wide Leg Pants,https://www.google.com/search?q=how+to+style+wide+leg+pants,3,0,link
122,123,2025-01-01,04:53:03,New In | Women's Dresses | ZARA United States,https://www.zara.com/us/en/new-in-dresses,1,0,link
123,124,2025-01-01,04:44:25,New In | Women's Dresses | ZARA United States,https://www.zara.com/us/en/new-in-dresses,4,0,link
124,125,2025-01-01,04:47:02,Designer Jewelry & Fine Jewellery | NET-A-PORTER,https://www.net-a-porter.com/en-us/shop/jewelry,4,0,link
125,126,2025-01-01,04:43:38,Designer Jewelry & Fine Jewellery | NET-A-PORTER,https://www.net-a-porter.com/en-us/shop/jewelry,1,0,generated
126,127,2025-01-01,04:45:26,Women's Sale | ASOS,https://www.asos.com/us/sale/women/cat/?cid=7032,3,0,link
127,128,2025-01-01,04:37:41,X (Twitter): Home,https://twitter.com/home,3,0,link
128,129,2025-01-01,04:41:13,New In | Women's Dresses | ZARA United States,https://www.zara.com/us/en/new-in-dresses,3,0,generated
129,130,2025-01-01,04:37:12,Minimalist Men's Outfits on Pinterest,https://www.pinterest.com/style/outfits-men/,4,0,typed
130,131,2025-01-01,04:29:21,The Best Watches for Men Right Now | GQ,https://www.gq.com/story/best-watches-for-men,2,0,link
131,132,2025-01-01,04:35:25,CNN Breaking News and Video,https://www.cnn.com/,2,0,typed
132,133,2025-01-01,04:32:35,Designer Jewelry & Fine Jewellery | NET-A-PORTER,https://www.net-a-porter.com/en-us/shop/jewelry,2,0,link
133,134,2025-01-01,04:24:07,Gmail: Inbox,https://mail.google.com/mail/u/0/#inbox,2,0,link
134,135,2025-01-01,04:24:24,Designer Jewelry & Fine Jewellery | NET-A-PORTER,https://www.net-a-porter.com/en-us/shop/jewelry,2,0,link
135,136,2025-01-01,04:26:34,X (Twitter): Home,https://twitter.com/home,4,0,link
136,137,2025-01-01,04:26:18,Wedding Guest Dresses | Lulus,https://www.lulus.com/clothing/wedding-guest-dresses,1,0,typed
137,138,2025-01-01,04:16:40,Gmail: Inbox,https://mail.google.com/mail/u/0/#inbox,1,0,generated
138,139,2025-01-01,04:15:25,Minimalist Men's Outfits on Pinterest,https://www.pinterest.com/style/outfits-men/,4,0,link
139,140,2025-01-01,04:12:10,Gucci Bags for Women | Designer Crossbody Bags,https://www.gucci.com/us/en/category/bags,5,0,link
140,141,2025-01-01,04:16:38,Gucci Bags for Women | Designer Crossbody Bags,https://www.gucci.com/us/en/category/bags,4,0,typed
141,142,2025-01-01,04:07:41,Women's Sale | ASOS,https://www.asos.com/us/sale/women/cat/?cid=7032,3,0,link
142,143,2025-01-01,04:12:23,The Best Watches for Men Right Now | GQ,https://www.gq.com/story/best-watches-for-men,2,0,link
143,144,2025-01-01,04:07:21,Women's Sale | ASOS,https://www.asos.com/us/sale/women/cat/?cid=7032,2,0,typed
144,145,2025-01-01,04:07:44,Wedding Guest Dresses | Lulus,https://www.lulus.com/clothing/wedding-guest-dresses,3,0,link
145,146,2025-01-01,04:08:53,Wedding Guest Dresses | Lulus,https://www.lulus.com/clothing/wedding-guest-dresses,5,0,link
146,147,2025-01-01,04:06:06,Wedding Guest Dresses | Lulus,https://www.lulus.com/clothing/wedding-guest-dresses,3,0,link
147,148,2025-01-01,03:59:03,Gmail: Inbox,https://mail.google.com/mail/u/0/#inbox,4,0,generated
148,149,2025-01-01,04:01:14,How to Style Wide Leg Pants,https://www.google.com/search?q=how+to+style+wide+leg+pants,4,0,link
149,150,2025-01-01,03:52:10,Gmail: Inbox,https://mail.google.com/mail/u/0/#inbox,2,0,link
150,151,2025-01-01,03:58:16,X (Twitter): Home,https://twitter.com/home,2,0,link
151,152,2025-01-01,03:48:53,Wedding Guest Dresses | Lulus,https://www.lulus.com/clothing/wedding-guest-dresses,5,0,link
152,153,2025-01-01,03:54:08,The Best Watches for Men Right Now | GQ,https://www.gq.com/story/best-watches-for-men,2,0,typed
153,154,2025-01-01,03:45:07,CNN Breaking News and Video,https://www.cnn.com/,2,0,generated
154,155,2025-01-01,03:45:41,The Weather Channel - Weather.com,https://www.weather.com/,3,0,link
155,156,2025-01-01,03:45:17,Wedding Guest Dresses | Lulus,https://www.lulus.com/clothing/wedding-guest-dresses,2,0,link
156,157,2025-01-01,03:38:02,Prada Designer Clothing & Accessories - Farfetch,https://www.farfetch.com/shopping/women/designers/prada,1,0,link
157,158,2025-01-01,03:38:03,Minimalist Men's Outfits on Pinterest,https://www.pinterest.com/style/outfits-men/,5,0,link
158,159,2025-01-01,03:39:14,Prada Designer Clothing & Accessories - Farfetch,https://www.farfetch.com/shopping/women/designers/prada,1,0,link
159,160,2025-01-01,03:39:06,Gmail: Inbox,https://mail.google.com/mail/u/0/#inbox,5,0,link
160,161,2025-01-01,03:35:09,Fall 2025 Ready-to-Wear Fashion Week Trends - Vogue,https://www.vogue.com/fashion-shows/fall-2025/trends,5,0,link
161,162,2025-01-01,03:34:44,Amazon.com: Online Shopping,https://www.amazon.com/,5,0,link
162,163,2025-01-01,03:26:48,Gmail: Inbox,https://mail.google.com/mail/u/0/#inbox,5,0,link
163,164,2025-01-01,03:27:07,Amazon.com: Online Shopping,https://www.amazon.com/,1,0,typed
164,165,2025-01-01,03:23:56,CNN Breaking News and Video,https://www.cnn.com/,5,0,typed
165,166,2025-01-01,03:28:24,X (Twitter): Home,https://twitter.com/home,1,0,link
166,167,2025-01-01,03:20:10,X (Twitter): Home,https://twitter.com/home,4,0,link
167,168,2025-01-01,03:17:45,Designer Jewelry & Fine Jewellery | NET-A-PORTER,https://www.net-a-porter.com/en-us/shop/jewelry,5,0,link
168,169,2025-01-01,03:15:04,Fall 2025 Ready-to-Wear Fashion Week Trends - Vogue,https://www.vogue.com/fashion-shows/fall-2025/trends,5,0,typed
169,170,2025-01-01,03:18:22,Minimalist Men's Outfits on Pinterest,https://www.pinterest.com/style/outfits-men/,4,0,link
170,171,2025-01-01,03:11:05,Designer Jewelry & Fine Jewellery | NET-A-PORTER,https://www.net-a-porter.com/en-us/shop/jewelry,3,0,link
171,172,2025-01-01,03:14:37,Designer Jewelry & Fine Jewellery | NET-A-PORTER,https://www.net-a-porter.com/en-us/shop/jewelry,1,0,link
172,173,2025-01-01,03:12:14,New In | Women's Dresses | ZARA United States,https://www.zara.com/us/en/new-in-dresses,5,0,typed
173,174,2025-01-01,03:11:23,The Weather Channel - Weather.com,https://www.weather.com/,1,0,link
174,175,2025-01-01,03:10:53,Amazon.com: Online Shopping,https://www.amazon.com/,3,0,link
175,176,2025-01-01,03:03:22,Fall 2025 Ready-to-Wear Fashion Week Trends - Vogue,https://www.vogue.com/fashion-shows/fall-2025/trends,5,0,link
176,177,2025-01-01,03:06:57,Gmail: Inbox,https://mail.google.com/mail/u/0/#inbox,1,0,link
177,178,2025-01-01,02:58:21,Designer Jewelry & Fine Jewellery | NET-A-PORTER,https://www.net-a-porter.com/en-us/shop/jewelry,1,0,link
178,179,2025-01-01,02:56:43,New In | Women's Dresses | ZARA United States,https://www.zara.com/us/en/new-in-dresses,1,0,link
179,180,2025-01-01,02:57:46,New In | Women's Dresses | ZARA United States,https://www.zara.com/us/en/new-in-dresses,2,0,generated
180,181,2025-01-01,02:49:04,CNN Breaking News and Video,https://www.cnn.com/,4,0,typed
181,182,2025-01-01,02:51:45,Designer Jewelry & Fine Jewellery | NET-A-PORTER,https://www.net-a-porter.com/en-us/shop/jewelry,2,0,typed
182,183,2025-01-01,02:53:54,Gucci Bags for Women | Designer Crossbody Bags,https://www.gucci.com/us/en/category/bags,3,0,link
183,184,2025-01-01,02:47:23,The Weather Channel - Weather.com,https://www.weather.com/,3,0,reload
184,185,2025-01-01,02:47:53,Wedding Guest Dresses | Lulus,https://www.lulus.com/clothing/wedding-guest-dresses,2,0,reload
185,186,2025-01-01,02:44:49,The Weather Channel - Weather.com,https://www.weather.com/,3,0,link
186,187,2025-01-01,02:37:25,CNN Breaking News and Video,https://www.cnn.com/,3,0,link
187,188,2025-01-01,02:42:27,Summer Clothing Haul 2024 - YouTube,https://www.youtube.com/watch?v=summer_haul_video,1,0,form_submit
188,189,2025-01-01,02:39:33,Summer Clothing Haul 2024 - YouTube,https://www.youtube.com/watch?v=summer_haul_video,5,0,link
189,190,2025-01-01,02:34:12,Minimalist Men's Outfits on Pinterest,https://www.pinterest.com/style/outfits-men/,4,0,link
190,191,2025-01-01,02:30:17,Wedding Guest Dresses | Lulus,https://www.lulus.com/clothing/wedding-guest-dresses,2,0,link
191,192,2025-01-01,02:31:33,Gucci Bags for Women | Designer Crossbody Bags,https://www.gucci.com/us/en/category/bags,3,0,typed
192,193,2025-01-01,02:34:34,Women's Sale | ASOS,https://www.asos.com/us/sale/women/cat/?cid=7032,3,0,link
193,194,2025-01-01,02:27:46,Prada Designer Clothing & Accessories - Farfetch,https://www.farfetch.com/shopping/women/designers/prada,2,0,link
194,195,2025-01-01,02:22:04,Wedding Guest Dresses | Lulus,https://www.lulus.com/clothing/wedding-guest-dresses,3,0,link
195,196,2025-01-01,02:21:34,Summer Clothing Haul 2024 - YouTube,https://www.youtube.com/watch?v=summer_haul_video,3,0,link
196,197,2025-01-01,02:22:08,The Weather Channel - Weather.com,https://www.weather.com/,1,0,link
197,198,2025-01-01,02:22:48,The Weather Channel - Weather.com,https://www.weather.com/,3,0,typed
198,199,2025-01-01,02:18:27,New In | Women's Dresses | ZARA United States,https://www.zara.com/us/en/new-in-dresses,5,0,typed
199,200,2025-01-01,02:16:42,Wedding Guest Dresses | Lulus,https://www.lulus.com/clothing/wedding-guest-dresses,1,0,link
200,201,2025-01-01,02:14:42,Summer Clothing Haul 2024 - YouTube,https://www.youtube.com/watch?v=summer_haul_video,3,0,form_submit
201,202,2025-01-01,02:07:02,How to Style Wide Leg Pants,https://www.google.com/search?q=how+to+style+wide+leg+pants,2,0,link
202,203,2025-01-01,02:09:27,Summer Clothing Haul 2024 - YouTube,https://www.youtube.com/watch?v=summer_haul_video,3,0,reload
203,204,2025-01-01,02:05:20,Prada Designer Clothing & Accessories - Farfetch,https://www.farfetch.com/shopping/women/designers/prada,3,0,link
204,205,2025-01-01,02:09:53,Gucci Bags for Women | Designer Crossbody Bags,https://www.gucci.com/us/en/category/bags,2,0,link
205,206,2025-01-01,01:59:41,X (Twitter): Home,https://twitter.com/home,1,0,link
206,207,2025-01-01,02:03:43,The Weather Channel - Weather.com,https://www.weather.com/,4,0,link
207,208,2025-01-01,01:56:02,Wedding Guest Dresses | Lulus,https://www.lulus.com/clothing/wedding-guest-dresses,4,0,typed
208,209,2025-01-01,01:53:12,Designer Jewelry & Fine Jewellery | NET-A-PORTER,https://www.net-a-porter.com/en-us/shop/jewelry,4,0,link
209,210,2025-01-01,01:55:07,The Best Watches for Men Right Now | GQ,https://www.gq.com/story/best-watches-for-men,1,0,link
210,211,2025-01-01,01:51:44,Gmail: Inbox,https://mail.google.com/mail/u/0/#inbox,3,0,generated
211,212,2025-01-01,01:56:23,Summer Clothing Haul 2024 - YouTube,https://www.youtube.com/watch?v=summer_haul_video,4,0,form_submit
212,213,2025-01-01,01:53:33,Fall 2025 Ready-to-Wear Fashion Week Trends - Vogue,https://www.vogue.com/fashion-shows/fall-2025/trends,3,0,link
213,214,2025-01-01,01:48:17,Minimalist Men's Outfits on Pinterest,https://www.pinterest.com/style/outfits-men/,4,0,link
214,215,2025-01-01,01:45:33,Summer Clothing Haul 2024 - YouTube,https://www.youtube.com/watch?v=summer_haul_video,5,0,link
215,216,2025-01-01,01:40:25,Amazon.com: Online Shopping,https://www.amazon.com/,4,0,link
216,217,2025-01-01,01:38:11,The Best Watches for Men Right Now | GQ,https://www.gq.com/story/best-watches-for-men,3,0,typed
217,218,2025-01-01,01:43:48,Prada Designer Clothing & Accessories - Farfetch,https://www.farfetch.com/shopping/women/designers/prada,2,0,generated
218,219,2025-01-01,01:41:55,Amazon.com: Online Shopping,https://www.amazon.com/,3,0,generated
219,220,2025-01-01,01:37:13,Prada Designer Clothing & Accessories - Farfetch,https://www.farfetch.com/shopping/women/designers/prada,4,0,link
220,221,2025-01-01,01:32:59,Minimalist Men's Outfits on Pinterest,https://www.pinterest.com/style/outfits-men/,3,0,generated
221,222,2025-01-01,01:28:13,Prada Designer Clothing & Accessories - Farfetch,https://www.farfetch.com/shopping/women/designers/prada,1,0,link
222,223,2025-01-01,01:31:57,Amazon.com: Online Shopping,https://www.amazon.com/,2,0,link
223,224,2025-01-01,01:29:23,Gucci Bags for Women | Designer Crossbody Bags,https://www.gucci.com/us/en/category/bags,1,0,typed
224,225,2025-01-01,01:25:16,The Weather Channel - Weather.com,https://www.weather.com/,1,0,link
225,226,2025-01-01,01:21:26,The Weather Channel - Weather.com,https://www.weather.com/,4,0,link
226,227,2025-01-01,01:23:30,Designer Jewelry & Fine Jewellery | NET-A-PORTER,https://www.net-a-porter.com/en-us/shop/jewelry,3,0,link
227,228,2025-01-01,01:21:15,Fall 2025 Ready-to-Wear Fashion Week Trends - Vogue,https://www.vogue.com/fashion-shows/fall-2025/trends,1,0,link
228,229,2025-01-01,01:21:30,The Best Watches for Men Right Now | GQ,https://www.gq.com/story/best-watches-for-men,1,0,link
229,230,2025-01-01,01:13:04,X (Twitter): Home,https://twitter.com/home,4,0,link
230,231,2025-01-01,01:16:29,Designer Jewelry & Fine Jewellery | NET-A-PORTER,https://www.net-a-porter.com/en-us/shop/jewelry,3,0,link
231,232,2025-01-01,01:08:10,Prada Designer Clothing & Accessories - Farfetch,https://www.farfetch.com/shopping/women/designers/prada,3,0,link
232,233,2025-01-01,01:12:09,Gmail: Inbox,https://mail.google.com/mail/u/0/#inbox,1,0,link
233,234,2025-01-01,01:10:48,Designer Jewelry & Fine Jewellery | NET-A-PORTER,https://www.net-a-porter.com/en-us/shop/jewelry,1,0,typed
234,235,2025-01-01,01:08:55,How to Style Wide Leg Pants,https://www.google.com/search?q=how+to+style+wide+leg+pants,4,0,link
235,236,2025-01-01,01:02:58,Summer Clothing Haul 2024 - YouTube,https://www.youtube.com/watch?v=summer_haul_video,1,0,link
236,237,2025-01-01,00:59:31,Minimalist Men's Outfits on Pinterest,https://www.pinterest.com/style/outfits-men/,3,0,link
237,238,2025-01-01,01:04:04,Gmail: Inbox,https://mail.google.com/mail/u/0/#inbox,3,0,link
238,239,2025-01-01,00:57:30,The Best Watches for Men Right Now | GQ,https://www.gq.com/story/best-watches-for-men,3,0,link
239,240,2025-01-01,00:55:53,How to Style Wide Leg Pants,https://www.google.com/search?q=how+to+style+wide+leg+pants,1,0,link
240,241,2025-01-01,00:50:15,Gmail: Inbox,https://mail.google.com/mail/u/0/#inbox,2,0,typed
241,242,2025-01-01,00:47:20,The Best Watches for Men Right Now | GQ,https://www.gq.com/story/best-watches-for-men,4,0,link
242,243,2025-01-01,00:49:50,New In | Women's Dresses | ZARA United States,https://www.zara.com/us/en/new-in-dresses,4,0,link
243,244,2025-01-01,00:49:09,Women's Sale | ASOS,https://www.asos.com/us/sale/women/cat/?cid=7032,1,0,generated
244,245,2025-01-01,00:48:03,Minimalist Men's Outfits on Pinterest,https://www.pinterest.com/style/outfits-men/,2,0,link
245,246,2025-01-01,00:44:27,Minimalist Men's Outfits on Pinterest,https://www.pinterest.com/style/outfits-men/,5,0,link
246,247,2025-01-01,00:46:17,Women's Sale | ASOS,https://www.asos.com/us/sale/women/cat/?cid=7032,2,0,link
247,248,2025-01-01,00:38:05,Designer Jewelry & Fine Jewellery | NET-A-PORTER,https://www.net-a-porter.com/en-us/shop/jewelry,3,0,generated
248,249,2025-01-01,00:34:03,New In | Women's Dresses | ZARA United States,https://www.zara.com/us/en/new-in-dresses,3,0,link
249,250,2025-01-01,00:38:14,Amazon.com: Online Shopping,https://www.amazon.com/,5,0,link
250,251,2025-01-01,00:32:37,X (Twitter): Home,https://twitter.com/home,3,0,link
251,252,2025-01-01,00:34:12,The Best Watches for Men Right Now | GQ,https://www.gq.com/story/best-watches-for-men,5,0,link
252,253,2025-01-01,00:27:14,Minimalist Men's Outfits on Pinterest,https://www.pinterest.com/style/outfits-men/,4,0,link
253,254,2025-01-01,00:27:15,Prada Designer Clothing & Accessories - Farfetch,https://www.farfetch.com/shopping/women/designers/prada,2,0,link
254,255,2025-01-01,00:30:24,Women's Sale | ASOS,https://www.asos.com/us/sale/women/cat/?cid=7032,2,0,link
255,256,2025-01-01,00:19:48,X (Twitter): Home,https://twitter.com/home,3,0,link
256,257,2025-01-01,00:20:52,Gmail: Inbox,https://mail.google.com/mail/u/0/#inbox,3,0,form_submit
257,258,2025-01-01,00:24:20,Prada Designer Clothing & Accessories - Farfetch,https://www.farfetch.com/shopping/women/designers/prada,1,0,link
258,259,2025-01-01,00:22:19,Gucci Bags for Women | Designer Crossbody Bags,https://www.gucci.com/us/en/category/bags,4,0,typed
259,260,2025-01-01,00:19:56,Gucci Bags for Women | Designer Crossbody Bags,https://www.gucci.com/us/en/category/bags,4,0,link
260,261,2025-01-01,00:17:57,Designer Jewelry & Fine Jewellery | NET-A-PORTER,https://www.net-a-porter.com/en-us/shop/jewelry,2,0,link
261,262,2025-01-01,00:07:59,The Weather Channel - Weather.com,https://www.weather.com/,3,0,reload
262,263,2025-01-01,00:05:31,Wedding Guest Dresses | Lulus,https://www.lulus.com/clothing/wedding-guest-dresses,3,0,link
263,264,2025-01-01,00:08:11,X (Twitter): Home,https://twitter.com/home,5,0,link
264,265,2025-01-01,00:08:40,Designer Jewelry & Fine Jewellery | NET-A-PORTER,https://www.net-a-porter.com/en-us/shop/jewelry,1,0,link
265,266,2025-01-01,00:02:55,The Weather Channel - Weather.com,https://www.weather.com/,5,0,link
266,267,2025-01-01,00:01:41,New In | Women's Dresses | ZARA United States,https://www.zara.com/us/en/new-in-dresses,2,0,link
267,268,2024-12-31,23:56:25,CNN Breaking News and Video,https://www.cnn.com/,2,0,link
268,269,2025-01-01,00:02:56,Gmail: Inbox,https://mail.google.com/mail/u/0/#inbox,5,0,link
269,270,2024-12-31,23:56:15,Designer Jewelry & Fine Jewellery | NET-A-PORTER,https://www.net-a-porter.com/en-us/shop/jewelry,4,0,link
270,271,2024-12-31,23:52:02,Amazon.com: Online Shopping,https://www.amazon.com/,1,0,link
271,272,2024-12-31,23:47:28,Gmail: Inbox,https://mail.google.com/mail/u/0/#inbox,2,0,link
272,273,2024-12-31,23:48:25,Gucci Bags for Women | Designer Crossbody Bags,https://www.gucci.com/us/en/category/bags,4,0,typed
273,274,2024-12-31,23:50:08,Designer Jewelry & Fine Jewellery | NET-A-PORTER,https://www.net-a-porter.com/en-us/shop/jewelry,2,0,link
274,275,2024-12-31,23:48:09,Designer Jewelry & Fine Jewellery | NET-A-PORTER,https://www.net-a-porter.com/en-us/shop/jewelry,2,0,typed
275,276,2024-12-31,23:39:55,Gucci Bags for Women | Designer Crossbody Bags,https://www.gucci.com/us/en/category/bags,3,0,link
276,277,2024-12-31,23:40:07,The Weather Channel - Weather.com,https://www.weather.com/,1,0,link
277,278,2024-12-31,23:40:30,The Weather Channel - Weather.com,https://www.weather.com/,5,0,link
278,279,2024-12-31,23:37:32,The Best Watches for Men Right Now | GQ,https://www.gq.com/story/best-watches-for-men,5,0,link
279,280,2024-12-31,23:36:16,Minimalist Men's Outfits on Pinterest,https://www.pinterest.com/style/outfits-men/,1,0,link
280,281,2024-12-31,23:38:31,Prada Designer Clothing & Accessories - Farfetch,https://www.farfetch.com/shopping/women/designers/prada,3,0,typed
281,282,2024-12-31,23:29:00,Amazon.com: Online Shopping,https://www.amazon.com/,1,0,typed
282,283,2024-12-31,23:31:14,Gucci Bags for Women | Designer Crossbody Bags,https://www.gucci.com/us/en/category/bags,4,0,link
283,284,2024-12-31,23:24:14,Fall 2025 Ready-to-Wear Fashion Week Trends - Vogue,https://www.vogue.com/fashion-shows/fall-2025/trends,3,0,link
284,285,2024-12-31,23:23:59,Minimalist Men's Outfits on Pinterest,https://www.pinterest.com/style/outfits-men/,5,0,link
285,286,2024-12-31,23:27:51,The Best Watches for Men Right Now | GQ,https://www.gq.com/story/best-watches-for-men,2,0,link
286,287,2024-12-31,23:18:44,Gucci Bags for Women | Designer Crossbody Bags,https://www.gucci.com/us/en/category/bags,5,0,link
287,288,2024-12-31,23:21:33,Gucci Bags for Women | Designer Crossbody Bags,https://www.gucci.com/us/en/category/bags,1,0,link
288,289,2024-12-31,23:13:25,How to Style Wide Leg Pants,https://www.google.com/search?q=how+to+style+wide+leg+pants,5,0,link
289,290,2024-12-31,23:20:39,Prada Designer Clothing & Accessories - Farfetch,https://www.farfetch.com/shopping/women/designers/prada,3,0,link
290,291,2024-12-31,23:17:11,Minimalist Men's Outfits on Pinterest,https://www.pinterest.com/style/outfits-men/,3,0,link
291,292,2024-12-31,23:12:44,Women's Sale | ASOS,https://www.asos.com/us/sale/women/cat/?cid=7032,4,0,link
292,293,2024-12-31,23:06:45,How to Style Wide Leg Pants,https://www.google.com/search?q=how+to+style+wide+leg+pants,2,0,link
293,294,2024-12-31,23:03:35,New In | Women's Dresses | ZARA United States,https://www.zara.com/us/en/new-in-dresses,1,0,link
294,295,2024-12-31,23:04:22,Gmail: Inbox,https://mail.google.com/mail/u/0/#inbox,1,0,link
295,296,2024-12-31,23:02:31,Prada Designer Clothing & Accessories - Farfetch,https://www.farfetch.com/shopping/women/designers/prada,1,0,generated
296,297,2024-12-31,23:03:32,Fall 2025 Ready-to-Wear Fashion Week Trends - Vogue,https://www.vogue.com/fashion-shows/fall-2025/trends,4,0,link
297,298,2024-12-31,23:02:42,Minimalist Men's Outfits on Pinterest,https://www.pinterest.com/style/outfits-men/,4,0,generated
298,299,2024-12-31,22:58:49,Minimalist Men's Outfits on Pinterest,https://www.pinterest.com/style/outfits-men/,3,0,link
299,300,2024-12-31,22:52:35,Prada Designer Clothing & Accessories - Farfetch,https://www.farfetch.com/shopping/women/designers/prada,5,0,link
300,301,2024-12-31,22:54:58,Wedding Guest Dresses | Lulus,https://www.lulus.com/clothing/wedding-guest-dresses,5,0,link
301,302,2024-12-31,22:51:58,How to Style Wide Leg Pants,https://www.google.com/search?q=how+to+style+wide+leg+pants,1,0,reload
302,303,2024-12-31,22:50:01,Wedding Guest Dresses | Lulus,https://www.lulus.com/clothing/wedding-guest-dresses,5,0,reload
303,304,2024-12-31,22:49:01,Wedding Guest Dresses | Lulus,https://www.lulus.com/clothing/wedding-guest-dresses,2,0,typed
304,305,2024-12-31,22:50:40,The Best Watches for Men Right Now | GQ,https://www.gq.com/story/best-watches-for-men,1,0,generated
305,306,2024-12-31,22:41:37,Women's Sale | ASOS,https://www.asos.com/us/sale/women/cat/?cid=7032,2,0,link
306,307,2024-12-31,22:40:49,Minimalist Men's Outfits on Pinterest,https://www.pinterest.com/style/outfits-men/,5,0,typed
307,308,2024-12-31,22:39:32,Gmail: Inbox,https://mail.google.com/mail/u/0/#inbox,3,0,link
308,309,2024-12-31,22:41:01,Women's Sale | ASOS,https://www.asos.com/us/sale/women/cat/?cid=7032,2,0,link
309,310,2024-12-31,22:33:28,Gmail: Inbox,https://mail.google.com/mail/u/0/#inbox,1,0,link
310,311,2024-12-31,22:36:40,Summer Clothing Haul 2024 - YouTube,https://www.youtube.com/watch?v=summer_haul_video,2,0,typed
311,312,2024-12-31,22:27:44,Fall 2025 Ready-to-Wear Fashion Week Trends - Vogue,https://www.vogue.com/fashion-shows/fall-2025/trends,1,0,link
312,313,2024-12-31,22:31:42,X (Twitter): Home,https://twitter.com/home,4,0,link
313,314,2024-12-31,22:23:56,Gucci Bags for Women | Designer Crossbody Bags,https://www.gucci.com/us/en/category/bags,5,0,link
314,315,2024-12-31,22:23:23,X (Twitter): Home,https://twitter.com/home,3,0,typed
315,316,2024-12-31,22:21:35,Gucci Bags for Women | Designer Crossbody Bags,https://www.gucci.com/us/en/category/bags,2,0,link
316,317,2024-12-31,22:22:05,Wedding Guest Dresses | Lulus,https://www.lulus.com/clothing/wedding-guest-dresses,1,0,link
317,318,2024-12-31,22:20:54,X (Twitter): Home,https://twitter.com/home,1,0,link
318,319,2024-12-31,22:18:43,Fall 2025 Ready-to-Wear Fashion Week Trends - Vogue,https://www.vogue.com/fashion-shows/fall-2025/trends,1,0,link
319,320,2024-12-31,22:18:10,Prada Designer Clothing & Accessories - Farfetch,https://www.farfetch.com/shopping/women/designers/prada,5,0,link
320,321,2024-12-31,22:14:12,Fall 2025 Ready-to-Wear Fashion Week Trends - Vogue,https://www.vogue.com/fashion-shows/fall-2025/trends,2,0,link
321,322,2024-12-31,22:11:14,Gucci Bags for Women | Designer Crossbody Bags,https://www.gucci.com/us/en/category/bags,3,0,link
322,323,2024-12-31,22:08:28,Women's Sale | ASOS,https://www.asos.com/us/sale/women/cat/?cid=7032,2,0,generated
323,324,2024-12-31,22:07:40,The Weather Channel - Weather.com,https://www.weather.com/,3,0,link
324,325,2024-12-31,22:05:46,Fall 2025 Ready-to-Wear Fashion Week Trends - Vogue,https://www.vogue.com/fashion-shows/fall-2025/trends,1,0,link
325,326,2024-12-31,22:04:29,Gmail: Inbox,https://mail.google.com/mail/u/0/#inbox,1,0,link
326,327,2024-12-31,22:01:50,Gucci Bags for Women | Designer Crossbody Bags,https://www.gucci.com/us/en/category/bags,4,0,link
327,328,2024-12-31,22:01:57,X (Twitter): Home,https://twitter.com/home,1,0,link
328,329,2024-12-31,21:56:07,Designer Jewelry & Fine Jewellery | NET-A-PORTER,https://www.net-a-porter.com/en-us/shop/jewelry,4,0,link
329,330,2024-12-31,21:52:10,How to Style Wide Leg Pants,https://www.google.com/search?q=how+to+style+wide+leg+pants,2,0,link
330,331,2024-12-31,21:49:26,CNN Breaking News and Video,https://www.cnn.com/,3,0,link
331,332,2024-12-31,21:47:08,Gucci Bags for Women | Designer Crossbody Bags,https://www.gucci.com/us/en/category/bags,2,0,link
332,333,2024-12-31,21:54:39,How to Style Wide Leg Pants,https://www.google.com/search?q=how+to+style+wide+leg+pants,3,0,link
333,334,2024-12-31,21:49:23,The Weather Channel - Weather.com,https://www.weather.com/,5,0,typed
334,335,2024-12-31,21:44:46,The Best Watches for Men Right Now | GQ,https://www.gq.com/story/best-watches-for-men,5,0,link
335,336,2024-12-31,21:43:35,Designer Jewelry & Fine Jewellery | NET-A-PORTER,https://www.net-a-porter.com/en-us/shop/jewelry,2,0,link
336,337,2024-12-31,21:38:35,The Weather Channel - Weather.com,https://www.weather.com/,3,0,typed
337,338,2024-12-31,21:40:23,How to Style Wide Leg Pants,https://www.google.com/search?q=how+to+style+wide+leg+pants,1,0,link
338,339,2024-12-31,21:41:01,Minimalist Men's Outfits on Pinterest,https://www.pinterest.com/style/outfits-men/,5,0,typed
339,340,2024-12-31,21:37:05,Minimalist Men's Outfits on Pinterest,https://www.pinterest.com/style/outfits-men/,4,0,link
340,341,2024-12-31,21:31:18,The Weather Channel - Weather.com,https://www.weather.com/,3,0,link
341,342,2024-12-31,21:32:00,New In | Women's Dresses | ZARA United States,https://www.zara.com/us/en/new-in-dresses,5,0,typed
342,343,2024-12-31,21:33:49,Women's Sale | ASOS,https://www.asos.com/us/sale/women/cat/?cid=7032,3,0,link
343,344,2024-12-31,21:29:04,Gucci Bags for Women | Designer Crossbody Bags,https://www.gucci.com/us/en/category/bags,1,0,generated
344,345,2024-12-31,21:25:02,X (Twitter): Home,https://twitter.com/home,2,0,link
345,346,2024-12-31,21:27:40,Prada Designer Clothing & Accessories - Farfetch,https://www.farfetch.com/shopping/women/designers/prada,5,0,generated
346,347,2024-12-31,21:20:10,Wedding Guest Dresses | Lulus,https://www.lulus.com/clothing/wedding-guest-dresses,4,0,link
347,348,2024-12-31,21:18:50,Designer Jewelry & Fine Jewellery | NET-A-PORTER,https://www.net-a-porter.com/en-us/shop/jewelry,2,0,link
348,349,2024-12-31,21:21:54,Designer Jewelry & Fine Jewellery | NET-A-PORTER,https://www.net-a-porter.com/en-us/shop/jewelry,2,0,link
349,350,2024-12-31,21:17:04,Fall 2025 Ready-to-Wear Fashion Week Trends - Vogue,https://www.vogue.com/fashion-shows/fall-2025/trends,2,0,link
350,351,2024-12-31,21:09:33,X (Twitter): Home,https://twitter.com/home,5,0,link
351,352,2024-12-31,21:13:59,The Best Watches for Men Right Now | GQ,https://www.gq.com/story/best-watches-for-men,1,0,link
352,353,2024-12-31,21:10:45,Prada Designer Clothing & Accessories - Farfetch,https://www.farfetch.com/shopping/women/designers/prada,5,0,link
353,354,2024-12-31,21:12:18,X (Twitter): Home,https://twitter.com/home,3,0,typed
354,355,2024-12-31,21:03:41,How to Style Wide Leg Pants,https://www.google.com/search?q=how+to+style+wide+leg+pants,5,0,link
355,356,2024-12-31,21:04:44,Prada Designer Clothing & Accessories - Farfetch,https://www.farfetch.com/shopping/women/designers/prada,4,0,link
356,357,2024-12-31,20:58:00,Amazon.com: Online Shopping,https://www.amazon.com/,4,0,form_submit
357,358,2024-12-31,20:55:33,Minimalist Men's Outfits on Pinterest,https://www.pinterest.com/style/outfits-men/,5,0,link
358,359,2024-12-31,20:55:20,The Weather Channel - Weather.com,https://www.weather.com/,2,0,link
359,360,2024-12-31,20:55:17,New In | Women's Dresses | ZARA United States,https://www.zara.com/us/en/new-in-dresses,1,0,link
360,361,2024-12-31,20:52:54,X (Twitter): Home,https://twitter.com/home,1,0,typed
361,362,2024-12-31,20:56:50,How to Style Wide Leg Pants,https://www.google.com/search?q=how+to+style+wide+leg+pants,4,0,link
362,363,2024-12-31,20:47:04,Gucci Bags for Women | Designer Crossbody Bags,https://www.gucci.com/us/en/category/bags,5,0,link
363,364,2024-12-31,20:44:15,Amazon.com: Online Shopping,https://www.amazon.com/,2,0,link
364,365,2024-12-31,20:50:56,Gucci Bags for Women | Designer Crossbody Bags,https://www.gucci.com/us/en/category/bags,3,0,link
365,366,2024-12-31,20:46:37,Gucci Bags for Women | Designer Crossbody Bags,https://www.gucci.com/us/en/category/bags,2,0,form_submit
366,367,2024-12-31,20:37:58,Wedding Guest Dresses | Lulus,https://www.lulus.com/clothing/wedding-guest-dresses,2,0,generated
367,368,2024-12-31,20:41:16,New In | Women's Dresses | ZARA United States,https://www.zara.com/us/en/new-in-dresses,4,0,link
368,369,2024-12-31,20:33:50,Amazon.com: Online Shopping,https://www.amazon.com/,4,0,typed
369,370,2024-12-31,20:34:52,The Weather Channel - Weather.com,https://www.weather.com/,3,0,link
370,371,2024-12-31,20:32:00,Amazon.com: Online Shopping,https://www.amazon.com/,2,0,typed
371,372,2024-12-31,20:33:45,The Best Watches for Men Right Now | GQ,https://www.gq.com/story/best-watches-for-men,1,0,typed
372,373,2024-12-31,20:31:41,Gucci Bags for Women | Designer Crossbody Bags,https://www.gucci.com/us/en/category/bags,2,0,link
373,374,2024-12-31,20:23:17,Wedding Guest Dresses | Lulus,https://www.lulus.com/clothing/wedding-guest-dresses,2,0,link
374,375,2024-12-31,20:29:45,Designer Jewelry & Fine Jewellery | NET-A-PORTER,https://www.net-a-porter.com/en-us/shop/jewelry,5,0,typed
375,376,2024-12-31,20:19:50,CNN Breaking News and Video,https://www.cnn.com/,4,0,link
376,377,2024-12-31,20:26:10,How to Style Wide Leg Pants,https://www.google.com/search?q=how+to+style+wide+leg+pants,2,0,link
377,378,2024-12-31,20:20:25,Gucci Bags for Women | Designer Crossbody Bags,https://www.gucci.com/us/en/category/bags,3,0,generated
378,379,2024-12-31,20:22:07,How to Style Wide Leg Pants,https://www.google.com/search?q=how+to+style+wide+leg+pants,5,0,generated
379,380,2024-12-31,20:13:13,Fall 2025 Ready-to-Wear Fashion Week Trends - Vogue,https://www.vogue.com/fashion-shows/fall-2025/trends,4,0,generated
380,381,2024-12-31,20:13:08,Summer Clothing Haul 2024 - YouTube,https://www.youtube.com/watch?v=summer_haul_video,4,0,link
381,382,2024-12-31,20:11:26,Women's Sale | ASOS,https://www.asos.com/us/sale/women/cat/?cid=7032,2,0,link
382,383,2024-12-31,20:13:46,Gucci Bags for Women | Designer Crossbody Bags,https://www.gucci.com/us/en/category/bags,4,0,link
383,384,2024-12-31,20:05:43,The Best Watches for Men Right Now | GQ,https://www.gq.com/story/best-watches-for-men,4,0,link
384,385,2024-12-31,20:06:25,Women's Sale | ASOS,https://www.asos.com/us/sale/women/cat/?cid=7032,2,0,form_submit
385,386,2024-12-31,20:06:55,Gmail: Inbox,https://mail.google.com/mail/u/0/#inbox,1,0,link
386,387,2024-12-31,20:03:43,Women's Sale | ASOS,https://www.asos.com/us/sale/women/cat/?cid=7032,3,0,link
387,388,2024-12-31,19:59:16,New In | Women's Dresses | ZARA United States,https://www.zara.com/us/en/new-in-dresses,1,0,generated
388,389,2024-12-31,20:00:13,Wedding Guest Dresses | Lulus,https://www.lulus.com/clothing/wedding-guest-dresses,3,0,link
389,390,2024-12-31,19:52:32,Fall 2025 Ready-to-Wear Fashion Week Trends - Vogue,https://www.vogue.com/fashion-shows/fall-2025/trends,5,0,link
390,391,2024-12-31,19:56:31,Amazon.com: Online Shopping,https://www.amazon.com/,1,0,link
391,392,2024-12-31,19:55:56,The Weather Channel - Weather.com,https://www.weather.com/,1,0,typed
392,393,2024-12-31,19:54:02,Amazon.com: Online Shopping,https://www.amazon.com/,4,0,link
393,394,2024-12-31,19:43:45,How to Style Wide Leg Pants,https://www.google.com/search?q=how+to+style+wide+leg+pants,2,0,link
394,395,2024-12-31,19:41:25,Gucci Bags for Women | Designer Crossbody Bags,https://www.gucci.com/us/en/category/bags,4,0,link
395,396,2024-12-31,19:48:41,The Best Watches for Men Right Now | GQ,https://www.gq.com/story/best-watches-for-men,2,0,typed
396,397,2024-12-31,19:39:31,The Best Watches for Men Right Now | GQ,https://www.gq.com/story/best-watches-for-men,2,0,link
397,398,2024-12-31,19:44:18,Wedding Guest Dresses | Lulus,https://www.lulus.com/clothing/wedding-guest-dresses,4,0,link
398,399,2024-12-31,19:36:05,Gucci Bags for Women | Designer Crossbody Bags,https://www.gucci.com/us/en/category/bags,4,0,generated
399,400,2024-12-31,19:34:12,Designer Jewelry & Fine Jewellery | NET-A-PORTER,https://www.net-a-porter.com/en-us/shop/jewelry,2,0,link
400,401,2024-12-31,19:31:23,Fall 2025 Ready-to-Wear Fashion Week Trends - Vogue,https://www.vogue.com/fashion-shows/fall-2025/trends,2,0,link
401,402,2024-12-31,19:28:36,Designer Jewelry & Fine Jewellery | NET-A-PORTER,https://www.net-a-porter.com/en-us/shop/jewelry,5,0,link
402,403,2024-12-31,19:31:08,The Best Watches for Men Right Now | GQ,https://www.gq.com/story/best-watches-for-men,5,0,link
403,404,2024-12-31,19:23:18,The Weather Channel - Weather.com,https://www.weather.com/,3,0,reload
404,405,2024-12-31,19:30:16,New In | Women's Dresses | ZARA United States,https://www.zara.com/us/en/new-in-dresses,3,0,link
405,406,2024-12-31,19:27:24,X (Twitter): Home,https://twitter.com/home,3,0,link
406,407,2024-12-31,19:19:13,The Best Watches for Men Right Now | GQ,https://www.gq.com/story/best-watches-for-men,1,0,link
407,408,2024-12-31,19:23:17,X (Twitter): Home,https://twitter.com/home,3,0,link
408,409,2024-12-31,19:20:25,Summer Clothing Haul 2024 - YouTube,https://www.youtube.com/watch?v=summer_haul_video,4,0,link
409,410,2024-12-31,19:20:37,Fall 2025 Ready-to-Wear Fashion Week Trends - Vogue,https://www.vogue.com/fashion-shows/fall-2025/trends,1,0,link
410,411,2024-12-31,19:09:05,CNN Breaking News and Video,https://www.cnn.com/,4,0,generated
411,412,2024-12-31,19:11:00,New In | Women's Dresses | ZARA United States,https://www.zara.com/us/en/new-in-dresses,5,0,link
412,413,2024-12-31,19:14:15,Fall 2025 Ready-to-Wear Fashion Week Trends - Vogue,https://www.vogue.com/fashion-shows/fall-2025/trends,1,0,typed
413,414,2024-12-31,19:04:30,Gucci Bags for Women | Designer Crossbody Bags,https://www.gucci.com/us/en/category/bags,4,0,link
414,415,2024-12-31,19:09:31,X (Twitter): Home,https://twitter.com/home,3,0,link
415,416,2024-12-31,19:08:21,Summer Clothing Haul 2024 - YouTube,https://www.youtube.com/watch?v=summer_haul_video,4,0,typed
416,417,2024-12-31,19:03:59,Wedding Guest Dresses | Lulus,https://www.lulus.com/clothing/wedding-guest-dresses,4,0,link
417,418,2024-12-31,19:01:13,Prada Designer Clothing & Accessories - Farfetch,https://www.farfetch.com/shopping/women/designers/prada,1,0,link
418,419,2024-12-31,19:00:55,Women's Sale | ASOS,https://www.asos.com/us/sale/women/cat/?cid=7032,2,0,link
419,420,2024-12-31,18:59:23,X (Twitter): Home,https://twitter.com/home,2,0,link
420,421,2024-12-31,18:54:09,Fall 2025 Ready-to-Wear Fashion Week Trends - Vogue,https://www.vogue.com/fashion-shows/fall-2025/trends,3,0,link
421,422,2024-12-31,18:49:46,Summer Clothing Haul 2024 - YouTube,https://www.youtube.com/watch?v=summer_haul_video,5,0,link
422,423,2024-12-31,18:50:40,Gmail: Inbox,https://mail.google.com/mail/u/0/#inbox,4,0,link
423,424,2024-12-31,18:48:30,Summer Clothing Haul 2024 - YouTube,https://www.youtube.com/watch?v=summer_haul_video,2,0,link
424,425,2024-12-31,18:48:23,Designer Jewelry & Fine Jewellery | NET-A-PORTER,https://www.net-a-porter.com/en-us/shop/jewelry,2,0,reload
425,426,2024-12-31,18:46:28,Amazon.com: Online Shopping,https://www.amazon.com/,5,0,link
426,427,2024-12-31,18:42:30,Minimalist Men's Outfits on Pinterest,https://www.pinterest.com/style/outfits-men/,2,0,link
427,428,2024-12-31,18:37:27,X (Twitter): Home,https://twitter.com/home,3,0,typed
428,429,2024-12-31,18:38:27,Wedding Guest Dresses | Lulus,https://www.lulus.com/clothing/wedding-guest-dresses,4,0,generated
429,430,2024-12-31,18:40:15,The Weather Channel - Weather.com,https://www.weather.com/,3,0,link
430,431,2024-12-31,18:37:10,Fall 2025 Ready-to-Wear Fashion Week Trends - Vogue,https://www.vogue.com/fashion-shows/fall-2025/trends,5,0,typed
431,432,2024-12-31,18:27:44,Women's Sale | ASOS,https://www.asos.com/us/sale/women/cat/?cid=7032,2,0,generated
432,433,2024-12-31,18:32:07,Summer Clothing Haul 2024 - YouTube,https://www.youtube.com/watch?v=summer_haul_video,2,0,form_submit
433,434,2024-12-31,18:31:01,Wedding Guest Dresses | Lulus,https://www.lulus.com/clothing/wedding-guest-dresses,4,0,link
434,435,2024-12-31,18:28:36,Designer Jewelry & Fine Jewellery | NET-A-PORTER,https://www.net-a-porter.com/en-us/shop/jewelry,3,0,generated
435,436,2024-12-31,18:19:33,Minimalist Men's Outfits on Pinterest,https://www.pinterest.com/style/outfits-men/,3,0,typed
436,437,2024-12-31,18:20:49,Fall 2025 Ready-to-Wear Fashion Week Trends - Vogue,https://www.vogue.com/fashion-shows/fall-2025/trends,2,0,link
437,438,2024-12-31,18:19:08,The Best Watches for Men Right Now | GQ,https://www.gq.com/story/best-watches-for-men,4,0,typed
438,439,2024-12-31,18:17:06,New In | Women's Dresses | ZARA United States,https://www.zara.com/us/en/new-in-dresses,5,0,reload
439,440,2024-12-31,18:17:10,Fall 2025 Ready-to-Wear Fashion Week Trends - Vogue,https://www.vogue.com/fashion-shows/fall-2025/trends,3,0,generated
440,441,2024-12-31,18:10:56,X (Twitter): Home,https://twitter.com/home,2,0,typed
441,442,2024-12-31,18:08:09,New In | Women's Dresses | ZARA United States,https://www.zara.com/us/en/new-in-dresses,2,0,link
442,443,2024-12-31,18:11:13,The Best Watches for Men Right Now | GQ,https://www.gq.com/story/best-watches-for-men,4,0,reload
443,444,2024-12-31,18:10:29,Fall 2025 Ready-to-Wear Fashion Week Trends - Vogue,https://www.vogue.com/fashion-shows/fall-2025/trends,5,0,link
444,445,2024-12-31,18:08:43,CNN Breaking News and Video,https://www.cnn.com/,4,0,reload
445,446,2024-12-31,18:07:57,The Weather Channel - Weather.com,https://www.weather.com/,1,0,link
446,447,2024-12-31,18:02:04,How to Style Wide Leg Pants,https://www.google.com/search?q=how+to+style+wide+leg+pants,5,0,link
447,448,2024-12-31,18:03:42,Wedding Guest Dresses | Lulus,https://www.lulus.com/clothing/wedding-guest-dresses,3,0,link
448,449,2024-12-31,17:55:28,Minimalist Men's Outfits on Pinterest,https://www.pinterest.com/style/outfits-men/,5,0,typed
449,450,2024-12-31,17:58:27,How to Style Wide Leg Pants,https://www.google.com/search?q=how+to+style+wide+leg+pants,4,0,link
450,451,2024-12-31,17:54:57,Fall 2025 Ready-to-Wear Fashion Week Trends - Vogue,https://www.vogue.com/fashion-shows/fall-2025/trends,2,0,link
451,452,2024-12-31,17:54:57,Designer Jewelry & Fine Jewellery | NET-A-PORTER,https://www.net-a-porter.com/en-us/shop/jewelry,2,0,link
452,453,2024-12-31,17:50:15,Designer Jewelry & Fine Jewellery | NET-A-PORTER,https://www.net-a-porter.com/en-us/shop/jewelry,4,0,link
453,454,2024-12-31,17:45:56,How to Style Wide Leg Pants,https://www.google.com/search?q=how+to+style+wide+leg+pants,3,0,typed
454,455,2024-12-31,17:41:03,Designer Jewelry & Fine Jewellery | NET-A-PORTER,https://www.net-a-porter.com/en-us/shop/jewelry,4,0,generated
455,456,2024-12-31,17:48:31,Summer Clothing Haul 2024 - YouTube,https://www.youtube.com/watch?v=summer_haul_video,1,0,reload
456,457,2024-12-31,17:45:39,Wedding Guest Dresses | Lulus,https://www.lulus.com/clothing/wedding-guest-dresses,2,0,link
457,458,2024-12-31,17:38:39,Prada Designer Clothing & Accessories - Farfetch,https://www.farfetch.com/shopping/women/designers/prada,2,0,link
458,459,2024-12-31,17:41:03,X (Twitter): Home,https://twitter.com/home,3,0,link
459,460,2024-12-31,17:37:51,Designer Jewelry & Fine Jewellery | NET-A-PORTER,https://www.net-a-porter.com/en-us/shop/jewelry,4,0,link
460,461,2024-12-31,17:36:11,Amazon.com: Online Shopping,https://www.amazon.com/,2,0,typed
461,462,2024-12-31,17:35:47,Designer Jewelry & Fine Jewellery | NET-A-PORTER,https://www.net-a-porter.com/en-us/shop/jewelry,5,0,generated
462,463,2024-12-31,17:31:52,Wedding Guest Dresses | Lulus,https://www.lulus.com/clothing/wedding-guest-dresses,5,0,link
463,464,2024-12-31,17:31:39,Amazon.com: Online Shopping,https://www.amazon.com/,2,0,generated
464,465,2024-12-31,17:22:42,Designer Jewelry & Fine Jewellery | NET-A-PORTER,https://www.net-a-porter.com/en-us/shop/jewelry,1,0,link
465,466,2024-12-31,17:22:27,Gmail: Inbox,https://mail.google.com/mail/u/0/#inbox,4,0,typed
466,467,2024-12-31,17:23:24,How to Style Wide Leg Pants,https://www.google.com/search?q=how+to+style+wide+leg+pants,1,0,link
467,468,2024-12-31,17:20:38,Gmail: Inbox,https://mail.google.com/mail/u/0/#inbox,5,0,link
468,469,2024-12-31,17:17:44,The Weather Channel - Weather.com,https://www.weather.com/,5,0,reload
469,470,2024-12-31,17:17:49,Women's Sale | ASOS,https://www.asos.com/us/sale/women/cat/?cid=7032,2,0,generated
470,471,2024-12-31,17:18:08,New In | Women's Dresses | ZARA United States,https://www.zara.com/us/en/new-in-dresses,3,0,generated
471,472,2024-12-31,17:10:57,The Best Watches for Men Right Now | GQ,https://www.gq.com/story/best-watches-for-men,5,0,typed
472,473,2024-12-31,17:09:08,X (Twitter): Home,https://twitter.com/home,5,0,typed
473,474,2024-12-31,17:05:32,CNN Breaking News and Video,https://www.cnn.com/,1,0,generated
474,475,2024-12-31,17:01:59,New In | Women's Dresses | ZARA United States,https://www.zara.com/us/en/new-in-dresses,4,0,generated
475,476,2024-12-31,17:00:42,How to Style Wide Leg Pants,https://www.google.com/search?q=how+to+style+wide+leg+pants,4,0,link
476,477,2024-12-31,17:04:57,Minimalist Men's Outfits on Pinterest,https://www.pinterest.com/style/outfits-men/,4,0,typed
477,478,2024-12-31,17:02:10,Gmail: Inbox,https://mail.google.com/mail/u/0/#inbox,3,0,link
478,479,2024-12-31,16:58:55,X (Twitter): Home,https://twitter.com/home,4,0,generated
479,480,2024-12-31,16:57:23,Minimalist Men's Outfits on Pinterest,https://www.pinterest.com/style/outfits-men/,4,0,typed
480,481,2024-12-31,16:50:09,New In | Women's Dresses | ZARA United States,https://www.zara.com/us/en/new-in-dresses,2,0,link
481,482,2024-12-31,16:48:39,Minimalist Men's Outfits on Pinterest,https://www.pinterest.com/style/outfits-men/,2,0,typed
482,483,2024-12-31,16:50:00,How to Style Wide Leg Pants,https://www.google.com/search?q=how+to+style+wide+leg+pants,4,0,link
483,484,2024-12-31,16:45:40,Women's Sale | ASOS,https://www.asos.com/us/sale/women/cat/?cid=7032,5,0,typed
484,485,2024-12-31,16:41:32,Amazon.com: Online Shopping,https://www.amazon.com/,1,0,typed
485,486,2024-12-31,16:48:07,X (Twitter): Home,https://twitter.com/home,2,0,link
486,487,2024-12-31,16:46:25,Minimalist Men's Outfits on Pinterest,https://www.pinterest.com/style/outfits-men/,2,0,form_submit
487,488,2024-12-31,16:41:26,CNN Breaking News and Video,https://www.cnn.com/,2,0,link
488,489,2024-12-31,16:38:14,Summer Clothing Haul 2024 - YouTube,https://www.youtube.com/watch?v=summer_haul_video,4,0,link
489,490,2024-12-31,16:34:27,Summer Clothing Haul 2024 - YouTube,https://www.youtube.com/watch?v=summer_haul_video,1,0,generated
490,491,2024-12-31,16:33:10,Summer Clothing Haul 2024 - YouTube,https://www.youtube.com/watch?v=summer_haul_video,3,0,link
491,492,2024-12-31,16:35:55,Wedding Guest Dresses | Lulus,https://www.lulus.com/clothing/wedding-guest-dresses,1,0,typed
492,493,2024-12-31,16:29:30,Gmail: Inbox,https://mail.google.com/mail/u/0/#inbox,2,0,link
493,494,2024-12-31,16:25:45,Wedding Guest Dresses | Lulus,https://www.lulus.com/clothing/wedding-guest-dresses,5,0,link
494,495,2024-12-31,16:21:19,The Weather Channel - Weather.com,https://www.weather.com/,3,0,link
495,496,2024-12-31,16:19:28,Designer Jewelry & Fine Jewellery | NET-A-PORTER,https://www.net-a-porter.com/en-us/shop/jewelry,3,0,reload
496,497,2024-12-31,16:24:12,Fall 2025 Ready-to-Wear Fashion Week Trends - Vogue,https://www.vogue.com/fashion-shows/fall-2025/trends,4,0,link
497,498,2024-12-31,16:15:33,Fall 2025 Ready-to-Wear Fashion Week Trends - Vogue,https://www.vogue.com/fashion-shows/fall-2025/trends,2,0,link
498,499,2024-12-31,16:17:38,The Best Watches for Men Right Now | GQ,https://www.gq.com/story/best-watches-for-men,3,0,form_submit
499,500,2024-12-31,16:11:34,New In | Women's Dresses | ZARA United States,https://www.zara.com/us/en/new-in-dresses,4,0,link
500,501,2024-12-31,16:11:49,Summer Clothing Haul 2024 - YouTube,https://www.youtube.com/watch?v=summer_haul_video,4,0,generated
501,502,2024-12-31,16:15:32,Minimalist Men's Outfits on Pinterest,https://www.pinterest.com/style/outfits-men/,4,0,typed
502,503,2024-12-31,16:11:32,Wedding Guest Dresses | Lulus,https://www.lulus.com/clothing/wedding-guest-dresses,1,0,link
503,504,2024-12-31,16:05:53,How to Style Wide Leg Pants,https://www.google.com/search?q=how+to+style+wide+leg+pants,4,0,link
504,505,2024-12-31,16:07:59,Prada Designer Clothing & Accessories - Farfetch,https://www.farfetch.com/shopping/women/designers/prada,1,0,link
505,506,2024-12-31,16:03:16,Fall 2025 Ready-to-Wear Fashion Week Trends - Vogue,https://www.vogue.com/fashion-shows/fall-2025/trends,1,0,typed
506,507,2024-12-31,15:59:56,New In | Women's Dresses | ZARA United States,https://www.zara.com/us/en/new-in-dresses,4,0,link
507,508,2024-12-31,16:04:40,The Weather Channel - Weather.com,https://www.weather.com/,2,0,link
508,509,2024-12-31,16:01:06,New In | Women's Dresses | ZARA United States,https://www.zara.com/us/en/new-in-dresses,4,0,link
509,510,2024-12-31,15:56:32,New In | Women's Dresses | ZARA United States,https://www.zara.com/us/en/new-in-dresses,2,0,link
510,511,2024-12-31,15:57:52,CNN Breaking News and Video,https://www.cnn.com/,5,0,link
511,512,2024-12-31,15:56:44,Fall 2025 Ready-to-Wear Fashion Week Trends - Vogue,https://www.vogue.com/fashion-shows/fall-2025/trends,4,0,link
512,513,2024-12-31,15:50:51,Fall 2025 Ready-to-Wear Fashion Week Trends - Vogue,https://www.vogue.com/fashion-shows/fall-2025/trends,4,0,typed
513,514,2024-12-31,15:43:59,How to Style Wide Leg Pants,https://www.google.com/search?q=how+to+style+wide+leg+pants,5,0,typed
514,515,2024-12-31,15:48:01,Minimalist Men's Outfits on Pinterest,https://www.pinterest.com/style/outfits-men/,3,0,link
515,516,2024-12-31,15:48:42,Designer Jewelry & Fine Jewellery | NET-A-PORTER,https://www.net-a-porter.com/en-us/shop/jewelry,3,0,link
516,517,2024-12-31,15:39:37,Prada Designer Clothing & Accessories - Farfetch,https://www.farfetch.com/shopping/women/designers/prada,2,0,link
517,518,2024-12-31,15:40:47,CNN Breaking News and Video,https://www.cnn.com/,2,0,link
518,519,2024-12-31,15:34:33,Amazon.com: Online Shopping,https://www.amazon.com/,2,0,link
519,520,2024-12-31,15:39:32,New In | Women's Dresses | ZARA United States,https://www.zara.com/us/en/new-in-dresses,2,0,link
520,521,2024-12-31,15:37:32,Fall 2025 Ready-to-Wear Fashion Week Trends - Vogue,https://www.vogue.com/fashion-shows/fall-2025/trends,4,0,link
521,522,2024-12-31,15:27:20,How to Style Wide Leg Pants,https://www.google.com/search?q=how+to+style+wide+leg+pants,3,0,link
522,523,2024-12-31,15:25:05,The Best Watches for Men Right Now | GQ,https://www.gq.com/story/best-watches-for-men,4,0,typed
523,524,2024-12-31,15:32:18,X (Twitter): Home,https://twitter.com/home,5,0,link
524,525,2024-12-31,15:22:14,Women's Sale | ASOS,https://www.asos.com/us/sale/women/cat/?cid=7032,2,0,typed
525,526,2024-12-31,15:28:25,Minimalist Men's Outfits on Pinterest,https://www.pinterest.com/style/outfits-men/,4,0,link
526,527,2024-12-31,15:18:55,Prada Designer Clothing & Accessories - Farfetch,https://www.farfetch.com/shopping/women/designers/prada,2,0,link
527,528,2024-12-31,15:18:33,Wedding Guest Dresses | Lulus,https://www.lulus.com/clothing/wedding-guest-dresses,5,0,link
528,529,2024-12-31,15:20:53,Prada Designer Clothing & Accessories - Farfetch,https://www.farfetch.com/shopping/women/designers/prada,2,0,typed
529,530,2024-12-31,15:14:43,Women's Sale | ASOS,https://www.asos.com/us/sale/women/cat/?cid=7032,4,0,link
530,531,2024-12-31,15:15:56,Gmail: Inbox,https://mail.google.com/mail/u/0/#inbox,1,0,link
531,532,2024-12-31,15:12:34,Gmail: Inbox,https://mail.google.com/mail/u/0/#inbox,4,0,link
532,533,2024-12-31,15:14:06,Women's Sale | ASOS,https://www.asos.com/us/sale/women/cat/?cid=7032,5,0,form_submit
533,534,2024-12-31,15:05:34,Gmail: Inbox,https://mail.google.com/mail/u/0/#inbox,5,0,link
534,535,2024-12-31,15:02:32,The Weather Channel - Weather.com,https://www.weather.com/,4,0,generated
535,536,2024-12-31,15:08:31,Summer Clothing Haul 2024 - YouTube,https://www.youtube.com/watch?v=summer_haul_video,3,0,link
536,537,2024-12-31,14:57:53,New In | Women's Dresses | ZARA United States,https://www.zara.com/us/en/new-in-dresses,3,0,typed
537,538,2024-12-31,15:02:47,Amazon.com: Online Shopping,https://www.amazon.com/,5,0,link
538,539,2024-12-31,15:02:59,CNN Breaking News and Video,https://www.cnn.com/,3,0,form_submit
539,540,2024-12-31,14:58:38,The Weather Channel - Weather.com,https://www.weather.com/,3,0,link
540,541,2024-12-31,14:57:43,Summer Clothing Haul 2024 - YouTube,https://www.youtube.com/watch?v=summer_haul_video,4,0,typed
541,542,2024-12-31,14:47:42,Amazon.com: Online Shopping,https://www.amazon.com/,5,0,link
542,543,2024-12-31,14:45:48,Minimalist Men's Outfits on Pinterest,https://www.pinterest.com/style/outfits-men/,3,0,typed
543,544,2024-12-31,14:46:37,Fall 2025 Ready-to-Wear Fashion Week Trends - Vogue,https://www.vogue.com/fashion-shows/fall-2025/trends,5,0,typed
544,545,2024-12-31,14:42:45,Designer Jewelry & Fine Jewellery | NET-A-PORTER,https://www.net-a-porter.com/en-us/shop/jewelry,2,0,generated
545,546,2024-12-31,14:44:46,Women's Sale | ASOS,https://www.asos.com/us/sale/women/cat/?cid=7032,1,0,form_submit
546,547,2024-12-31,14:45:14,Gucci Bags for Women | Designer Crossbody Bags,https://www.gucci.com/us/en/category/bags,3,0,link
547,548,2024-12-31,14:39:35,Prada Designer Clothing & Accessories - Farfetch,https://www.farfetch.com/shopping/women/designers/prada,1,0,link
548,549,2024-12-31,14:38:28,CNN Breaking News and Video,https://www.cnn.com/,5,0,link
549,550,2024-12-31,14:37:50,The Weather Channel - Weather.com,https://www.weather.com/,1,0,link
550,551,2024-12-31,14:29:59,Amazon.com: Online Shopping,https://www.amazon.com/,5,0,typed
551,552,2024-12-31,14:34:46,CNN Breaking News and Video,https://www.cnn.com/,3,0,link
552,553,2024-12-31,14:33:03,CNN Breaking News and Video,https://www.cnn.com/,1,0,link
553,554,2024-12-31,14:27:51,New In | Women's Dresses | ZARA United States,https://www.zara.com/us/en/new-in-dresses,5,0,link
554,555,2024-12-31,14:27:06,Fall 2025 Ready-to-Wear Fashion Week Trends - Vogue,https://www.vogue.com/fashion-shows/fall-2025/trends,2,0,link
555,556,2024-12-31,14:26:36,Summer Clothing Haul 2024 - YouTube,https://www.youtube.com/watch?v=summer_haul_video,1,0,link
556,557,2024-12-31,14:18:29,How to Style Wide Leg Pants,https://www.google.com/search?q=how+to+style+wide+leg+pants,2,0,link
557,558,2024-12-31,14:16:52,CNN Breaking News and Video,https://www.cnn.com/,3,0,typed
558,559,2024-12-31,14:17:09,Designer Jewelry & Fine Jewellery | NET-A-PORTER,https://www.net-a-porter.com/en-us/shop/jewelry,4,0,link
559,560,2024-12-31,14:18:37,Fall 2025 Ready-to-Wear Fashion Week Trends - Vogue,https://www.vogue.com/fashion-shows/fall-2025/trends,5,0,typed
560,561,2024-12-31,14:14:35,Women's Sale | ASOS,https://www.asos.com/us/sale/women/cat/?cid=7032,3,0,link
561,562,2024-12-31,14:10:11,Designer Jewelry & Fine Jewellery | NET-A-PORTER,https://www.net-a-porter.com/en-us/shop/jewelry,1,0,typed
562,563,2024-12-31,14:06:52,The Weather Channel - Weather.com,https://www.weather.com/,3,0,typed
563,564,2024-12-31,14:06:56,Gucci Bags for Women | Designer Crossbody Bags,https://www.gucci.com/us/en/category/bags,5,0,link
564,565,2024-12-31,14:07:51,CNN Breaking News and Video,https://www.cnn.com/,2,0,link
565,566,2024-12-31,14:08:48,Gucci Bags for Women | Designer Crossbody Bags,https://www.gucci.com/us/en/category/bags,2,0,link
566,567,2024-12-31,14:02:46,New In | Women's Dresses | ZARA United States,https://www.zara.com/us/en/new-in-dresses,1,0,link
567,568,2024-12-31,14:00:53,Women's Sale | ASOS,https://www.asos.com/us/sale/women/cat/?cid=7032,3,0,link
568,569,2024-12-31,13:56:05,Women's Sale | ASOS,https://www.asos.com/us/sale/women/cat/?cid=7032,5,0,link
569,570,2024-12-31,13:53:29,How to Style Wide Leg Pants,https://www.google.com/search?q=how+to+style+wide+leg+pants,4,0,typed
570,571,2024-12-31,13:53:34,Prada Designer Clothing & Accessories - Farfetch,https://www.farfetch.com/shopping/women/designers/prada,1,0,typed
571,572,2024-12-31,13:48:05,Women's Sale | ASOS,https://www.asos.com/us/sale/women/cat/?cid=7032,5,0,link
572,573,2024-12-31,13:50:47,The Best Watches for Men Right Now | GQ,https://www.gq.com/story/best-watches-for-men,1,0,link
573,574,2024-12-31,13:51:51,The Best Watches for Men Right Now | GQ,https://www.gq.com/story/best-watches-for-men,2,0,link
574,575,2024-12-31,13:49:34,Fall 2025 Ready-to-Wear Fashion Week Trends - Vogue,https://www.vogue.com/fashion-shows/fall-2025/trends,4,0,link
575,576,2024-12-31,13:43:43,Designer Jewelry & Fine Jewellery | NET-A-PORTER,https://www.net-a-porter.com/en-us/shop/jewelry,2,0,link
576,577,2024-12-31,13:46:07,Fall 2025 Ready-to-Wear Fashion Week Trends - Vogue,https://www.vogue.com/fashion-shows/fall-2025/trends,3,0,generated
577,578,2024-12-31,13:41:13,The Weather Channel - Weather.com,https://www.weather.com/,1,0,link
578,579,2024-12-31,13:41:54,X (Twitter): Home,https://twitter.com/home,1,0,link
579,580,2024-12-31,13:40:10,Gucci Bags for Women | Designer Crossbody Bags,https://www.gucci.com/us/en/category/bags,1,0,link
580,581,2024-12-31,13:38:48,Designer Jewelry & Fine Jewellery | NET-A-PORTER,https://www.net-a-porter.com/en-us/shop/jewelry,5,0,generated
581,582,2024-12-31,13:29:52,Fall 2025 Ready-to-Wear Fashion Week Trends - Vogue,https://www.vogue.com/fashion-shows/fall-2025/trends,4,0,link
582,583,2024-12-31,13:31:15,Designer Jewelry & Fine Jewellery | NET-A-PORTER,https://www.net-a-porter.com/en-us/shop/jewelry,5,0,link
583,584,2024-12-31,13:30:02,Wedding Guest Dresses | Lulus,https://www.lulus.com/clothing/wedding-guest-dresses,2,0,link
584,585,2024-12-31,13:27:29,CNN Breaking News and Video,https://www.cnn.com/,4,0,typed
585,586,2024-12-31,13:24:28,CNN Breaking News and Video,https://www.cnn.com/,1,0,link
586,587,2024-12-31,13:18:07,X (Twitter): Home,https://twitter.com/home,4,0,generated
587,588,2024-12-31,13:22:28,Gucci Bags for Women | Designer Crossbody Bags,https://www.gucci.com/us/en/category/bags,3,0,link
588,589,2024-12-31,13:16:18,Women's Sale | ASOS,https://www.asos.com/us/sale/women/cat/?cid=7032,4,0,link
589,590,2024-12-31,13:16:42,Wedding Guest Dresses | Lulus,https://www.lulus.com/clothing/wedding-guest-dresses,3,0,link
590,591,2024-12-31,13:16:36,Gucci Bags for Women | Designer Crossbody Bags,https://www.gucci.com/us/en/category/bags,4,0,link
591,592,2024-12-31,13:09:46,Designer Jewelry & Fine Jewellery | NET-A-PORTER,https://www.net-a-porter.com/en-us/shop/jewelry,3,0,generated
592,593,2024-12-31,13:10:25,X (Twitter): Home,https://twitter.com/home,4,0,link
593,594,2024-12-31,13:03:55,Wedding Guest Dresses | Lulus,https://www.lulus.com/clothing/wedding-guest-dresses,5,0,link
594,595,2024-12-31,13:04:22,New In | Women's Dresses | ZARA United States,https://www.zara.com/us/en/new-in-dresses,2,0,generated
595,596,2024-12-31,13:02:26,Women's Sale | ASOS,https://www.asos.com/us/sale/women/cat/?cid=7032,2,0,link
596,597,2024-12-31,13:03:11,Gucci Bags for Women | Designer Crossbody Bags,https://www.gucci.com/us/en/category/bags,2,0,reload
597,598,2024-12-31,12:59:39,Summer Clothing Haul 2024 - YouTube,https://www.youtube.com/watch?v=summer_haul_video,4,0,link
598,599,2024-12-31,12:57:41,The Weather Channel - Weather.com,https://www.weather.com/,3,0,link
599,600,2024-12-31,12:56:04,Prada Designer Clothing & Accessories - Farfetch,https://www.farfetch.com/shopping/women/designers/prada,1,0,link
600,601,2024-12-31,12:49:20,X (Twitter): Home,https://twitter.com/home,2,0,link
601,602,2024-12-31,12:48:49,X (Twitter): Home,https://twitter.com/home,4,0,typed
602,603,2024-12-31,12:47:41,Wedding Guest Dresses | Lulus,https://www.lulus.com/clothing/wedding-guest-dresses,3,0,link
603,604,2024-12-31,12:50:48,Minimalist Men's Outfits on Pinterest,https://www.pinterest.com/style/outfits-men/,3,0,link
604,605,2024-12-31,12:41:51,Women's Sale | ASOS,https://www.asos.com/us/sale/women/cat/?cid=7032,2,0,link
605,606,2024-12-31,12:42:29,Amazon.com: Online Shopping,https://www.amazon.com/,5,0,link
606,607,2024-12-31,12:45:18,Summer Clothing Haul 2024 - YouTube,https://www.youtube.com/watch?v=summer_haul_video,4,0,typed
607,608,2024-12-31,12:36:15,Designer Jewelry & Fine Jewellery | NET-A-PORTER,https://www.net-a-porter.com/en-us/shop/jewelry,4,0,link
608,609,2024-12-31,12:39:22,Amazon.com: Online Shopping,https://www.amazon.com/,5,0,typed
609,610,2024-12-31,12:35:33,Wedding Guest Dresses | Lulus,https://www.lulus.com/clothing/wedding-guest-dresses,5,0,link
610,611,2024-12-31,12:38:26,Prada Designer Clothing & Accessories - Farfetch,https://www.farfetch.com/shopping/women/designers/prada,2,0,link
611,612,2024-12-31,12:33:33,Summer Clothing Haul 2024 - YouTube,https://www.youtube.com/watch?v=summer_haul_video,1,0,link
612,613,2024-12-31,12:33:04,Prada Designer Clothing & Accessories - Farfetch,https://www.farfetch.com/shopping/women/designers/prada,5,0,link
613,614,2024-12-31,12:32:10,Minimalist Men's Outfits on Pinterest,https://www.pinterest.com/style/outfits-men/,2,0,link
614,615,2024-12-31,12:24:33,How to Style Wide Leg Pants,https://www.google.com/search?q=how+to+style+wide+leg+pants,4,0,generated
615,616,2024-12-31,12:25:33,Prada Designer Clothing & Accessories - Farfetch,https://www.farfetch.com/shopping/women/designers/prada,1,0,link
616,617,2024-12-31,12:20:32,Designer Jewelry & Fine Jewellery | NET-A-PORTER,https://www.net-a-porter.com/en-us/shop/jewelry,1,0,generated
617,618,2024-12-31,12:24:38,Gmail: Inbox,https://mail.google.com/mail/u/0/#inbox,4,0,form_submit
618,619,2024-12-31,12:21:46,Fall 2025 Ready-to-Wear Fashion Week Trends - Vogue,https://www.vogue.com/fashion-shows/fall-2025/trends,3,0,link
619,620,2024-12-31,12:15:07,Women's Sale | ASOS,https://www.asos.com/us/sale/women/cat/?cid=7032,4,0,link
620,621,2024-12-31,12:17:55,Wedding Guest Dresses | Lulus,https://www.lulus.com/clothing/wedding-guest-dresses,5,0,link
621,622,2024-12-31,12:10:06,Women's Sale | ASOS,https://www.asos.com/us/sale/women/cat/?cid=7032,5,0,link
622,623,2024-12-31,12:11:15,CNN Breaking News and Video,https://www.cnn.com/,2,0,link
623,624,2024-12-31,12:12:17,The Best Watches for Men Right Now | GQ,https://www.gq.com/story/best-watches-for-men,4,0,typed
624,625,2024-12-31,12:06:03,Designer Jewelry & Fine Jewellery | NET-A-PORTER,https://www.net-a-porter.com/en-us/shop/jewelry,2,0,link
625,626,2024-12-31,12:01:30,Minimalist Men's Outfits on Pinterest,https://www.pinterest.com/style/outfits-men/,5,0,link
626,627,2024-12-31,12:05:49,X (Twitter): Home,https://twitter.com/home,5,0,link
627,628,2024-12-31,11:59:28,Summer Clothing Haul 2024 - YouTube,https://www.youtube.com/watch?v=summer_haul_video,2,0,link
628,629,2024-12-31,11:54:02,Fall 2025 Ready-to-Wear Fashion Week Trends - Vogue,https://www.vogue.com/fashion-shows/fall-2025/trends,1,0,form_submit
629,630,2024-12-31,11:52:29,Gmail: Inbox,https://mail.google.com/mail/u/0/#inbox,4,0,generated
630,631,2024-12-31,11:55:19,Summer Clothing Haul 2024 - YouTube,https://www.youtube.com/watch?v=summer_haul_video,4,0,typed
631,632,2024-12-31,11:48:06,Fall 2025 Ready-to-Wear Fashion Week Trends - Vogue,https://www.vogue.com/fashion-shows/fall-2025/trends,2,0,typed
632,633,2024-12-31,11:54:33,Women's Sale | ASOS,https://www.asos.com/us/sale/women/cat/?cid=7032,1,0,generated
633,634,2024-12-31,11:51:12,Women's Sale | ASOS,https://www.asos.com/us/sale/women/cat/?cid=7032,5,0,link
634,635,2024-12-31,11:50:58,Designer Jewelry & Fine Jewellery | NET-A-PORTER,https://www.net-a-porter.com/en-us/shop/jewelry,1,0,typed
635,636,2024-12-31,11:45:31,The Best Watches for Men Right Now | GQ,https://www.gq.com/story/best-watches-for-men,4,0,link
636,637,2024-12-31,11:43:32,CNN Breaking News and Video,https://www.cnn.com/,2,0,link
637,638,2024-12-31,11:43:09,Fall 2025 Ready-to-Wear Fashion Week Trends - Vogue,https://www.vogue.com/fashion-shows/fall-2025/trends,1,0,typed
638,639,2024-12-31,11:36:08,Gmail: Inbox,https://mail.google.com/mail/u/0/#inbox,5,0,link
639,640,2024-12-31,11:35:52,New In | Women's Dresses | ZARA United States,https://www.zara.com/us/en/new-in-dresses,1,0,link
640,641,2024-12-31,11:37:37,Designer Jewelry & Fine Jewellery | NET-A-PORTER,https://www.net-a-porter.com/en-us/shop/jewelry,1,0,link
641,642,2024-12-31,11:36:03,Gmail: Inbox,https://mail.google.com/mail/u/0/#inbox,4,0,link
642,643,2024-12-31,11:33:03,The Weather Channel - Weather.com,https://www.weather.com/,1,0,link
643,644,2024-12-31,11:28:15,Amazon.com: Online Shopping,https://www.amazon.com/,5,0,link
644,645,2024-12-31,11:24:04,Amazon.com: Online Shopping,https://www.amazon.com/,5,0,link
645,646,2024-12-31,11:22:59,How to Style Wide Leg Pants,https://www.google.com/search?q=how+to+style+wide+leg+pants,2,0,link
646,647,2024-12-31,11:17:14,Amazon.com: Online Shopping,https://www.amazon.com/,5,0,link
647,648,2024-12-31,11:22:21,Gmail: Inbox,https://mail.google.com/mail/u/0/#inbox,5,0,link
648,649,2024-12-31,11:14:01,Women's Sale | ASOS,https://www.asos.com/us/sale/women/cat/?cid=7032,4,0,link
649,650,2024-12-31,11:17:34,Designer Jewelry & Fine Jewellery | NET-A-PORTER,https://www.net-a-porter.com/en-us/shop/jewelry,5,0,link
650,651,2024-12-31,11:09:24,Gmail: Inbox,https://mail.google.com/mail/u/0/#inbox,2,0,typed
651,652,2024-12-31,11:10:29,X (Twitter): Home,https://twitter.com/home,3,0,link
652,653,2024-12-31,11:08:47,The Weather Channel - Weather.com,https://www.weather.com/,2,0,link
653,654,2024-12-31,11:12:16,New In | Women's Dresses | ZARA United States,https://www.zara.com/us/en/new-in-dresses,3,0,link
654,655,2024-12-31,11:02:10,Designer Jewelry & Fine Jewellery | NET-A-PORTER,https://www.net-a-porter.com/en-us/shop/jewelry,2,0,typed
655,656,2024-12-31,11:04:22,Designer Jewelry & Fine Jewellery | NET-A-PORTER,https://www.net-a-porter.com/en-us/shop/jewelry,3,0,typed
656,657,2024-12-31,10:58:09,Amazon.com: Online Shopping,https://www.amazon.com/,2,0,link
657,658,2024-12-31,10:56:02,New In | Women's Dresses | ZARA United States,https://www.zara.com/us/en/new-in-dresses,1,0,link
658,659,2024-12-31,11:01:54,How to Style Wide Leg Pants,https://www.google.com/search?q=how+to+style+wide+leg+pants,3,0,link
659,660,2024-12-31,10:57:55,Prada Designer Clothing & Accessories - Farfetch,https://www.farfetch.com/shopping/women/designers/prada,5,0,link
660,661,2024-12-31,10:57:04,How to Style Wide Leg Pants,https://www.google.com/search?q=how+to+style+wide+leg+pants,4,0,typed
661,662,2024-12-31,10:49:01,Prada Designer Clothing & Accessories - Farfetch,https://www.farfetch.com/shopping/women/designers/prada,1,0,link
662,663,2024-12-31,10:48:29,Wedding Guest Dresses | Lulus,https://www.lulus.com/clothing/wedding-guest-dresses,3,0,link
663,664,2024-12-31,10:47:29,Gucci Bags for Women | Designer Crossbody Bags,https://www.gucci.com/us/en/category/bags,1,0,link
664,665,2024-12-31,10:45:18,CNN Breaking News and Video,https://www.cnn.com/,4,0,link
665,666,2024-12-31,10:45:06,CNN Breaking News and Video,https://www.cnn.com/,4,0,link
666,667,2024-12-31,10:44:04,How to Style Wide Leg Pants,https://www.google.com/search?q=how+to+style+wide+leg+pants,4,0,link
667,668,2024-12-31,10:38:51,Summer Clothing Haul 2024 - YouTube,https://www.youtube.com/watch?v=summer_haul_video,1,0,link
668,669,2024-12-31,10:36:50,CNN Breaking News and Video,https://www.cnn.com/,3,0,typed
669,670,2024-12-31,10:39:23,Amazon.com: Online Shopping,https://www.amazon.com/,5,0,typed
670,671,2024-12-31,10:37:53,New In | Women's Dresses | ZARA United States,https://www.zara.com/us/en/new-in-dresses,1,0,generated
671,672,2024-12-31,10:35:31,The Weather Channel - Weather.com,https://www.weather.com/,2,0,typed
672,673,2024-12-31,10:26:37,Amazon.com: Online Shopping,https://www.amazon.com/,1,0,link
673,674,2024-12-31,10:23:27,The Weather Channel - Weather.com,https://www.weather.com/,5,0,link
674,675,2024-12-31,10:22:13,New In | Women's Dresses | ZARA United States,https://www.zara.com/us/en/new-in-dresses,2,0,link
675,676,2024-12-31,10:20:23,Prada Designer Clothing & Accessories - Farfetch,https://www.farfetch.com/shopping/women/designers/prada,2,0,link
676,677,2024-12-31,10:21:13,The Weather Channel - Weather.com,https://www.weather.com/,4,0,link
677,678,2024-12-31,10:20:48,Gmail: Inbox,https://mail.google.com/mail/u/0/#inbox,5,0,typed
678,679,2024-12-31,10:18:07,The Best Watches for Men Right Now | GQ,https://www.gq.com/story/best-watches-for-men,2,0,typed
679,680,2024-12-31,10:14:47,Summer Clothing Haul 2024 - YouTube,https://www.youtube.com/watch?v=summer_haul_video,5,0,link
680,681,2024-12-31,10:11:46,Gucci Bags for Women | Designer Crossbody Bags,https://www.gucci.com/us/en/category/bags,5,0,typed
681,682,2024-12-31,10:10:09,Prada Designer Clothing & Accessories - Farfetch,https://www.farfetch.com/shopping/women/designers/prada,4,0,link
682,683,2024-12-31,10:12:38,Amazon.com: Online Shopping,https://www.amazon.com/,4,0,link
683,684,2024-12-31,10:06:32,New In | Women's Dresses | ZARA United States,https://www.zara.com/us/en/new-in-dresses,1,0,link
684,685,2024-12-31,10:10:24,Summer Clothing Haul 2024 - YouTube,https://www.youtube.com/watch?v=summer_haul_video,5,0,generated
685,686,2024-12-31,10:08:16,Fall 2025 Ready-to-Wear Fashion Week Trends - Vogue,https://www.vogue.com/fashion-shows/fall-2025/trends,4,0,typed
686,687,2024-12-31,09:59:28,Wedding Guest Dresses | Lulus,https://www.lulus.com/clothing/wedding-guest-dresses,2,0,link
687,688,2024-12-31,09:58:20,X (Twitter): Home,https://twitter.com/home,2,0,typed
688,689,2024-12-31,09:54:31,How to Style Wide Leg Pants,https://www.google.com/search?q=how+to+style+wide+leg+pants,2,0,link
689,690,2024-12-31,09:51:15,Amazon.com: Online Shopping,https://www.amazon.com/,4,0,link
690,691,2024-12-31,09:52:19,CNN Breaking News and Video,https://www.cnn.com/,3,0,generated
691,692,2024-12-31,09:51:44,Minimalist Men's Outfits on Pinterest,https://www.pinterest.com/style/outfits-men/,5,0,link
692,693,2024-12-31,09:45:30,Fall 2025 Ready-to-Wear Fashion Week Trends - Vogue,https://www.vogue.com/fashion-shows/fall-2025/trends,1,0,link
693,694,2024-12-31,09:50:09,CNN Breaking News and Video,https://www.cnn.com/,3,0,link
694,695,2024-12-31,09:48:48,Prada Designer Clothing & Accessories - Farfetch,https://www.farfetch.com/shopping/women/designers/prada,4,0,link
695,696,2024-12-31,09:40:17,Fall 2025 Ready-to-Wear Fashion Week Trends - Vogue,https://www.vogue.com/fashion-shows/fall-2025/trends,3,0,link
696,697,2024-12-31,09:38:46,Gmail: Inbox,https://mail.google.com/mail/u/0/#inbox,2,0,link
697,698,2024-12-31,09:38:06,The Best Watches for Men Right Now | GQ,https://www.gq.com/story/best-watches-for-men,1,0,link
698,699,2024-12-31,09:41:15,The Best Watches for Men Right Now | GQ,https://www.gq.com/story/best-watches-for-men,2,0,generated
699,700,2024-12-31,09:39:26,New In | Women's Dresses | ZARA United States,https://www.zara.com/us/en/new-in-dresses,5,0,link
700,701,2024-12-31,09:29:52,Summer Clothing Haul 2024 - YouTube,https://www.youtube.com/watch?v=summer_haul_video,1,0,link
701,702,2024-12-31,09:34:47,Wedding Guest Dresses | Lulus,https://www.lulus.com/clothing/wedding-guest-dresses,2,0,generated
702,703,2024-12-31,09:32:20,Designer Jewelry & Fine Jewellery | NET-A-PORTER,https://www.net-a-porter.com/en-us/shop/jewelry,4,0,typed
703,704,2024-12-31,09:25:50,Prada Designer Clothing & Accessories - Farfetch,https://www.farfetch.com/shopping/women/designers/prada,1,0,generated
704,705,2024-12-31,09:30:11,Summer Clothing Haul 2024 - YouTube,https://www.youtube.com/watch?v=summer_haul_video,2,0,typed
705,706,2024-12-31,09:24:00,Gmail: Inbox,https://mail.google.com/mail/u/0/#inbox,2,0,link
706,707,2024-12-31,09:17:34,Gmail: Inbox,https://mail.google.com/mail/u/0/#inbox,2,0,link
707,708,2024-12-31,09:22:35,The Best Watches for Men Right Now | GQ,https://www.gq.com/story/best-watches-for-men,5,0,link
708,709,2024-12-31,09:21:44,Prada Designer Clothing & Accessories - Farfetch,https://www.farfetch.com/shopping/women/designers/prada,5,0,link
709,710,2024-12-31,09:19:09,Summer Clothing Haul 2024 - YouTube,https://www.youtube.com/watch?v=summer_haul_video,1,0,link
710,711,2024-12-31,09:16:52,Designer Jewelry & Fine Jewellery | NET-A-PORTER,https://www.net-a-porter.com/en-us/shop/jewelry,4,0,link
711,712,2024-12-31,09:08:51,CNN Breaking News and Video,https://www.cnn.com/,1,0,link
712,713,2024-12-31,09:06:36,Summer Clothing Haul 2024 - YouTube,https://www.youtube.com/watch?v=summer_haul_video,2,0,link
713,714,2024-12-31,09:08:51,Amazon.com: Online Shopping,https://www.amazon.com/,4,0,link
714,715,2024-12-31,09:09:46,The Weather Channel - Weather.com,https://www.weather.com/,4,0,form_submit
715,716,2024-12-31,09:01:48,New In | Women's Dresses | ZARA United States,https://www.zara.com/us/en/new-in-dresses,1,0,link
716,717,2024-12-31,09:02:44,Wedding Guest Dresses | Lulus,https://www.lulus.com/clothing/wedding-guest-dresses,1,0,link
717,718,2024-12-31,08:58:03,Minimalist Men's Outfits on Pinterest,https://www.pinterest.com/style/outfits-men/,1,0,link
718,719,2024-12-31,09:00:11,CNN Breaking News and Video,https://www.cnn.com/,3,0,typed
719,720,2024-12-31,08:54:48,Women's Sale | ASOS,https://www.asos.com/us/sale/women/cat/?cid=7032,5,0,link
720,721,2024-12-31,08:54:42,The Best Watches for Men Right Now | GQ,https://www.gq.com/story/best-watches-for-men,1,0,typed
721,722,2024-12-31,08:47:03,New In | Women's Dresses | ZARA United States,https://www.zara.com/us/en/new-in-dresses,2,0,link
722,723,2024-12-31,08:53:05,Prada Designer Clothing & Accessories - Farfetch,https://www.farfetch.com/shopping/women/designers/prada,4,0,link
723,724,2024-12-31,08:52:13,Designer Jewelry & Fine Jewellery | NET-A-PORTER,https://www.net-a-porter.com/en-us/shop/jewelry,3,0,link
724,725,2024-12-31,08:46:14,Prada Designer Clothing & Accessories - Farfetch,https://www.farfetch.com/shopping/women/designers/prada,4,0,link
725,726,2024-12-31,08:48:19,Gmail: Inbox,https://mail.google.com/mail/u/0/#inbox,3,0,link
726,727,2024-12-31,08:45:40,Fall 2025 Ready-to-Wear Fashion Week Trends - Vogue,https://www.vogue.com/fashion-shows/fall-2025/trends,3,0,link
727,728,2024-12-31,08:35:14,The Weather Channel - Weather.com,https://www.weather.com/,4,0,link
728,729,2024-12-31,08:41:17,Prada Designer Clothing & Accessories - Farfetch,https://www.farfetch.com/shopping/women/designers/prada,2,0,link
729,730,2024-12-31,08:35:14,New In | Women's Dresses | ZARA United States,https://www.zara.com/us/en/new-in-dresses,5,0,link
730,731,2024-12-31,08:29:49,Gucci Bags for Women | Designer Crossbody Bags,https://www.gucci.com/us/en/category/bags,3,0,link
731,732,2024-12-31,08:36:34,X (Twitter): Home,https://twitter.com/home,3,0,link
732,733,2024-12-31,08:31:23,Minimalist Men's Outfits on Pinterest,https://www.pinterest.com/style/outfits-men/,2,0,link
733,734,2024-12-31,08:32:22,Designer Jewelry & Fine Jewellery | NET-A-PORTER,https://www.net-a-porter.com/en-us/shop/jewelry,1,0,link
734,735,2024-12-31,08:24:52,Designer Jewelry & Fine Jewellery | NET-A-PORTER,https://www.net-a-porter.com/en-us/shop/jewelry,5,0,link
735,736,2024-12-31,08:19:54,Women's Sale | ASOS,https://www.asos.com/us/sale/women/cat/?cid=7032,1,0,link
736,737,2024-12-31,08:24:27,Gmail: Inbox,https://mail.google.com/mail/u/0/#inbox,5,0,link
737,738,2024-12-31,08:15:42,Summer Clothing Haul 2024 - YouTube,https://www.youtube.com/watch?v=summer_haul_video,2,0,link
738,739,2024-12-31,08:15:06,The Weather Channel - Weather.com,https://www.weather.com/,2,0,link
739,740,2024-12-31,08:18:20,CNN Breaking News and Video,https://www.cnn.com/,3,0,typed
740,741,2024-12-31,08:09:07,Summer Clothing Haul 2024 - YouTube,https://www.youtube.com/watch?v=summer_haul_video,4,0,typed
741,742,2024-12-31,08:16:39,X (Twitter): Home,https://twitter.com/home,5,0,link
742,743,2024-12-31,08:05:46,Fall 2025 Ready-to-Wear Fashion Week Trends - Vogue,https://www.vogue.com/fashion-shows/fall-2025/trends,3,0,link
743,744,2024-12-31,08:03:17,Gmail: Inbox,https://mail.google.com/mail/u/0/#inbox,1,0,link
744,745,2024-12-31,08:03:18,Amazon.com: Online Shopping,https://www.amazon.com/,2,0,typed
745,746,2024-12-31,08:03:55,Amazon.com: Online Shopping,https://www.amazon.com/,3,0,link
746,747,2024-12-31,07:57:17,Summer Clothing Haul 2024 - YouTube,https://www.youtube.com/watch?v=summer_haul_video,4,0,link
747,748,2024-12-31,08:00:33,Amazon.com: Online Shopping,https://www.amazon.com/,3,0,link
748,749,2024-12-31,08:00:51,Wedding Guest Dresses | Lulus,https://www.lulus.com/clothing/wedding-guest-dresses,1,0,link
749,750,2024-12-31,07:51:58,Gucci Bags for Women | Designer Crossbody Bags,https://www.gucci.com/us/en/category/bags,5,0,link
750,751,2024-12-31,07:52:14,X (Twitter): Home,https://twitter.com/home,3,0,link
751,752,2024-12-31,07:50:34,Fall 2025 Ready-to-Wear Fashion Week Trends - Vogue,https://www.vogue.com/fashion-shows/fall-2025/trends,1,0,link
752,753,2024-12-31,07:50:45,The Weather Channel - Weather.com,https://www.weather.com/,4,0,link
753,754,2024-12-31,07:45:10,X (Twitter): Home,https://twitter.com/home,2,0,link
754,755,2024-12-31,07:45:45,Designer Jewelry & Fine Jewellery | NET-A-PORTER,https://www.net-a-porter.com/en-us/shop/jewelry,3,0,link
755,756,2024-12-31,07:44:35,How to Style Wide Leg Pants,https://www.google.com/search?q=how+to+style+wide+leg+pants,2,0,link
756,757,2024-12-31,07:45:19,CNN Breaking News and Video,https://www.cnn.com/,1,0,generated
757,758,2024-12-31,07:37:25,How to Style Wide Leg Pants,https://www.google.com/search?q=how+to+style+wide+leg+pants,1,0,link
758,759,2024-12-31,07:41:56,Wedding Guest Dresses | Lulus,https://www.lulus.com/clothing/wedding-guest-dresses,4,0,generated
759,760,2024-12-31,07:38:49,How to Style Wide Leg Pants,https://www.google.com/search?q=how+to+style+wide+leg+pants,3,0,link
760,761,2024-12-31,07:34:23,Gucci Bags for Women | Designer Crossbody Bags,https://www.gucci.com/us/en/category/bags,1,0,reload
761,762,2024-12-31,07:31:02,Fall 2025 Ready-to-Wear Fashion Week Trends - Vogue,https://www.vogue.com/fashion-shows/fall-2025/trends,3,0,link
762,763,2024-12-31,07:34:43,The Weather Channel - Weather.com,https://www.weather.com/,5,0,link
763,764,2024-12-31,07:31:14,Women's Sale | ASOS,https://www.asos.com/us/sale/women/cat/?cid=7032,4,0,link
764,765,2024-12-31,07:29:44,Fall 2025 Ready-to-Wear Fashion Week Trends - Vogue,https://www.vogue.com/fashion-shows/fall-2025/trends,5,0,link
765,766,2024-12-31,07:21:10,Gmail: Inbox,https://mail.google.com/mail/u/0/#inbox,5,0,generated
766,767,2024-12-31,07:18:56,Fall 2025 Ready-to-Wear Fashion Week Trends - Vogue,https://www.vogue.com/fashion-shows/fall-2025/trends,3,0,link
767,768,2024-12-31,07:18:37,Gmail: Inbox,https://mail.google.com/mail/u/0/#inbox,3,0,link
768,769,2024-12-31,07:22:40,The Best Watches for Men Right Now | GQ,https://www.gq.com/story/best-watches-for-men,2,0,link
769,770,2024-12-31,07:19:19,X (Twitter): Home,https://twitter.com/home,5,0,link
770,771,2024-12-31,07:11:30,How to Style Wide Leg Pants,https://www.google.com/search?q=how+to+style+wide+leg+pants,1,0,generated
771,772,2024-12-31,07:10:32,New In | Women's Dresses | ZARA United States,https://www.zara.com/us/en/new-in-dresses,1,0,link
772,773,2024-12-31,07:12:24,The Best Watches for Men Right Now | GQ,https://www.gq.com/story/best-watches-for-men,5,0,link
773,774,2024-12-31,07:07:15,New In | Women's Dresses | ZARA United States,https://www.zara.com/us/en/new-in-dresses,1,0,link
774,775,2024-12-31,07:09:08,Women's Sale | ASOS,https://www.asos.com/us/sale/women/cat/?cid=7032,1,0,link
775,776,2024-12-31,07:06:55,Minimalist Men's Outfits on Pinterest,https://www.pinterest.com/style/outfits-men/,4,0,typed
776,777,2024-12-31,06:58:53,Amazon.com: Online Shopping,https://www.amazon.com/,3,0,link
777,778,2024-12-31,06:55:06,Prada Designer Clothing & Accessories - Farfetch,https://www.farfetch.com/shopping/women/designers/prada,4,0,typed
778,779,2024-12-31,07:02:24,The Weather Channel - Weather.com,https://www.weather.com/,2,0,link
779,780,2024-12-31,06:55:28,CNN Breaking News and Video,https://www.cnn.com/,4,0,link
780,781,2024-12-31,06:54:20,The Weather Channel - Weather.com,https://www.weather.com/,1,0,link
781,782,2024-12-31,06:55:23,Fall 2025 Ready-to-Wear Fashion Week Trends - Vogue,https://www.vogue.com/fashion-shows/fall-2025/trends,3,0,link
782,783,2024-12-31,06:45:54,Wedding Guest Dresses | Lulus,https://www.lulus.com/clothing/wedding-guest-dresses,3,0,link
783,784,2024-12-31,06:46:58,Prada Designer Clothing & Accessories - Farfetch,https://www.farfetch.com/shopping/women/designers/prada,3,0,generated
784,785,2024-12-31,06:45:19,Amazon.com: Online Shopping,https://www.amazon.com/,5,0,link
785,786,2024-12-31,06:42:26,Women's Sale | ASOS,https://www.asos.com/us/sale/women/cat/?cid=7032,3,0,link
786,787,2024-12-31,06:37:33,New In | Women's Dresses | ZARA United States,https://www.zara.com/us/en/new-in-dresses,2,0,typed
787,788,2024-12-31,06:38:45,CNN Breaking News and Video,https://www.cnn.com/,3,0,link
788,789,2024-12-31,06:41:37,New In | Women's Dresses | ZARA United States,https://www.zara.com/us/en/new-in-dresses,5,0,link
789,790,2024-12-31,06:38:44,The Best Watches for Men Right Now | GQ,https://www.gq.com/story/best-watches-for-men,3,0,link
790,791,2024-12-31,06:33:23,Wedding Guest Dresses | Lulus,https://www.lulus.com/clothing/wedding-guest-dresses,3,0,link
791,792,2024-12-31,06:31:26,New In | Women's Dresses | ZARA United States,https://www.zara.com/us/en/new-in-dresses,3,0,link
792,793,2024-12-31,06:29:51,X (Twitter): Home,https://twitter.com/home,4,0,link
793,794,2024-12-31,06:30:39,Women's Sale | ASOS,https://www.asos.com/us/sale/women/cat/?cid=7032,5,0,link
794,795,2024-12-31,06:23:07,How to Style Wide Leg Pants,https://www.google.com/search?q=how+to+style+wide+leg+pants,1,0,generated
795,796,2024-12-31,06:21:36,The Best Watches for Men Right Now | GQ,https://www.gq.com/story/best-watches-for-men,1,0,form_submit
796,797,2024-12-31,06:17:05,Designer Jewelry & Fine Jewellery | NET-A-PORTER,https://www.net-a-porter.com/en-us/shop/jewelry,5,0,typed
797,798,2024-12-31,06:24:01,Minimalist Men's Outfits on Pinterest,https://www.pinterest.com/style/outfits-men/,5,0,link
798,799,2024-12-31,06:22:31,CNN Breaking News and Video,https://www.cnn.com/,1,0,link
799,800,2024-12-31,06:18:56,Women's Sale | ASOS,https://www.asos.com/us/sale/women/cat/?cid=7032,4,0,link
800,801,2024-12-31,06:17:14,Gmail: Inbox,https://mail.google.com/mail/u/0/#inbox,1,0,link
801,802,2024-12-31,06:07:53,The Weather Channel - Weather.com,https://www.weather.com/,4,0,link
802,803,2024-12-31,06:09:01,Women's Sale | ASOS,https://www.asos.com/us/sale/women/cat/?cid=7032,1,0,link
803,804,2024-12-31,06:04:51,Gucci Bags for Women | Designer Crossbody Bags,https://www.gucci.com/us/en/category/bags,2,0,typed
804,805,2024-12-31,06:07:17,Designer Jewelry & Fine Jewellery | NET-A-PORTER,https://www.net-a-porter.com/en-us/shop/jewelry,5,0,link
805,806,2024-12-31,06:05:41,Summer Clothing Haul 2024 - YouTube,https://www.youtube.com/watch?v=summer_haul_video,2,0,link
806,807,2024-12-31,06:01:13,CNN Breaking News and Video,https://www.cnn.com/,3,0,link
807,808,2024-12-31,05:55:15,Minimalist Men's Outfits on Pinterest,https://www.pinterest.com/style/outfits-men/,5,0,generated
808,809,2024-12-31,05:53:38,Women's Sale | ASOS,https://www.asos.com/us/sale/women/cat/?cid=7032,2,0,typed
809,810,2024-12-31,05:51:40,X (Twitter): Home,https://twitter.com/home,1,0,typed
810,811,2024-12-31,05:55:44,Summer Clothing Haul 2024 - YouTube,https://www.youtube.com/watch?v=summer_haul_video,5,0,link
811,812,2024-12-31,05:47:36,Amazon.com: Online Shopping,https://www.amazon.com/,2,0,generated
812,813,2024-12-31,05:48:36,X (Twitter): Home,https://twitter.com/home,3,0,link
813,814,2024-12-31,05:43:52,The Best Watches for Men Right Now | GQ,https://www.gq.com/story/best-watches-for-men,3,0,typed
814,815,2024-12-31,05:45:29,Prada Designer Clothing & Accessories - Farfetch,https://www.farfetch.com/shopping/women/designers/prada,1,0,typed
815,816,2024-12-31,05:43:48,CNN Breaking News and Video,https://www.cnn.com/,5,0,link
816,817,2024-12-31,05:41:20,How to Style Wide Leg Pants,https://www.google.com/search?q=how+to+style+wide+leg+pants,1,0,link
817,818,2024-12-31,05:38:19,Designer Jewelry & Fine Jewellery | NET-A-PORTER,https://www.net-a-porter.com/en-us/shop/jewelry,4,0,link
818,819,2024-12-31,05:39:00,New In | Women's Dresses | ZARA United States,https://www.zara.com/us/en/new-in-dresses,2,0,link
819,820,2024-12-31,05:34:42,New In | Women's Dresses | ZARA United States,https://www.zara.com/us/en/new-in-dresses,1,0,typed
820,821,2024-12-31,05:33:39,How to Style Wide Leg Pants,https://www.google.com/search?q=how+to+style+wide+leg+pants,4,0,typed
821,822,2024-12-31,05:27:01,Fall 2025 Ready-to-Wear Fashion Week Trends - Vogue,https://www.vogue.com/fashion-shows/fall-2025/trends,1,0,link
822,823,2024-12-31,05:29:06,The Weather Channel - Weather.com,https://www.weather.com/,2,0,link
823,824,2024-12-31,05:32:06,Minimalist Men's Outfits on Pinterest,https://www.pinterest.com/style/outfits-men/,4,0,link
824,825,2024-12-31,05:24:26,Gmail: Inbox,https://mail.google.com/mail/u/0/#inbox,5,0,link
825,826,2024-12-31,05:28:20,CNN Breaking News and Video,https://www.cnn.com/,4,0,link
826,827,2024-12-31,05:25:59,New In | Women's Dresses | ZARA United States,https://www.zara.com/us/en/new-in-dresses,1,0,link
827,828,2024-12-31,05:22:19,Amazon.com: Online Shopping,https://www.amazon.com/,5,0,link
828,829,2024-12-31,05:13:05,The Best Watches for Men Right Now | GQ,https://www.gq.com/story/best-watches-for-men,5,0,form_submit
829,830,2024-12-31,05:12:48,Designer Jewelry & Fine Jewellery | NET-A-PORTER,https://www.net-a-porter.com/en-us/shop/jewelry,1,0,link
830,831,2024-12-31,05:15:54,Minimalist Men's Outfits on Pinterest,https://www.pinterest.com/style/outfits-men/,4,0,link
831,832,2024-12-31,05:09:37,Gucci Bags for Women | Designer Crossbody Bags,https://www.gucci.com/us/en/category/bags,4,0,generated
832,833,2024-12-31,05:12:30,Prada Designer Clothing & Accessories - Farfetch,https://www.farfetch.com/shopping/women/designers/prada,1,0,link
833,834,2024-12-31,05:04:02,New In | Women's Dresses | ZARA United States,https://www.zara.com/us/en/new-in-dresses,5,0,link
834,835,2024-12-31,05:10:41,Fall 2025 Ready-to-Wear Fashion Week Trends - Vogue,https://www.vogue.com/fashion-shows/fall-2025/trends,2,0,typed
835,836,2024-12-31,05:06:22,CNN Breaking News and Video,https://www.cnn.com/,2,0,form_submit
836,837,2024-12-31,04:59:40,Amazon.com: Online Shopping,https://www.amazon.com/,3,0,reload
837,838,2024-12-31,04:55:34,Wedding Guest Dresses | Lulus,https://www.lulus.com/clothing/wedding-guest-dresses,2,0,typed
838,839,2024-12-31,05:00:31,New In | Women's Dresses | ZARA United States,https://www.zara.com/us/en/new-in-dresses,5,0,link
839,840,2024-12-31,04:58:52,Summer Clothing Haul 2024 - YouTube,https://www.youtube.com/watch?v=summer_haul_video,1,0,link
840,841,2024-12-31,04:50:33,Women's Sale | ASOS,https://www.asos.com/us/sale/women/cat/?cid=7032,4,0,generated
841,842,2024-12-31,04:53:55,New In | Women's Dresses | ZARA United States,https://www.zara.com/us/en/new-in-dresses,4,0,typed
842,843,2024-12-31,04:46:50,Minimalist Men's Outfits on Pinterest,https://www.pinterest.com/style/outfits-men/,2,0,form_submit
843,844,2024-12-31,04:44:31,New In | Women's Dresses | ZARA United States,https://www.zara.com/us/en/new-in-dresses,2,0,typed
844,845,2024-12-31,04:48:23,New In | Women's Dresses | ZARA United States,https://www.zara.com/us/en/new-in-dresses,5,0,link
845,846,2024-12-31,04:48:41,Designer Jewelry & Fine Jewellery | NET-A-PORTER,https://www.net-a-porter.com/en-us/shop/jewelry,1,0,link
846,847,2024-12-31,04:37:01,Gmail: Inbox,https://mail.google.com/mail/u/0/#inbox,3,0,typed
847,848,2024-12-31,04:42:26,How to Style Wide Leg Pants,https://www.google.com/search?q=how+to+style+wide+leg+pants,3,0,link
848,849,2024-12-31,04:34:09,X (Twitter): Home,https://twitter.com/home,4,0,typed
849,850,2024-12-31,04:31:07,X (Twitter): Home,https://twitter.com/home,2,0,link
850,851,2024-12-31,04:29:53,X (Twitter): Home,https://twitter.com/home,1,0,typed
851,852,2024-12-31,04:36:24,How to Style Wide Leg Pants,https://www.google.com/search?q=how+to+style+wide+leg+pants,1,0,generated
852,853,2024-12-31,04:27:34,The Weather Channel - Weather.com,https://www.weather.com/,5,0,link
853,854,2024-12-31,04:29:35,Minimalist Men's Outfits on Pinterest,https://www.pinterest.com/style/outfits-men/,2,0,link
854,855,2024-12-31,04:22:50,Women's Sale | ASOS,https://www.asos.com/us/sale/women/cat/?cid=7032,5,0,typed
855,856,2024-12-31,04:19:53,Prada Designer Clothing & Accessories - Farfetch,https://www.farfetch.com/shopping/women/designers/prada,4,0,link
856,857,2024-12-31,04:20:51,Amazon.com: Online Shopping,https://www.amazon.com/,5,0,link
857,858,2024-12-31,04:22:28,Amazon.com: Online Shopping,https://www.amazon.com/,2,0,link
858,859,2024-12-31,04:22:48,Women's Sale | ASOS,https://www.asos.com/us/sale/women/cat/?cid=7032,3,0,link
859,860,2024-12-31,04:12:51,X (Twitter): Home,https://twitter.com/home,4,0,typed
860,861,2024-12-31,04:15:54,Designer Jewelry & Fine Jewellery | NET-A-PORTER,https://www.net-a-porter.com/en-us/shop/jewelry,1,0,link
861,862,2024-12-31,04:09:58,The Best Watches for Men Right Now | GQ,https://www.gq.com/story/best-watches-for-men,4,0,link
862,863,2024-12-31,04:13:01,Wedding Guest Dresses | Lulus,https://www.lulus.com/clothing/wedding-guest-dresses,4,0,link
863,864,2024-12-31,04:05:13,Women's Sale | ASOS,https://www.asos.com/us/sale/women/cat/?cid=7032,2,0,typed
864,865,2024-12-31,04:10:21,Amazon.com: Online Shopping,https://www.amazon.com/,2,0,link
865,866,2024-12-31,04:04:28,How to Style Wide Leg Pants,https://www.google.com/search?q=how+to+style+wide+leg+pants,4,0,link
866,867,2024-12-31,04:05:25,Designer Jewelry & Fine Jewellery | NET-A-PORTER,https://www.net-a-porter.com/en-us/shop/jewelry,5,0,link
867,868,2024-12-31,03:55:23,Fall 2025 Ready-to-Wear Fashion Week Trends - Vogue,https://www.vogue.com/fashion-shows/fall-2025/trends,5,0,typed
868,869,2024-12-31,04:00:57,Gucci Bags for Women | Designer Crossbody Bags,https://www.gucci.com/us/en/category/bags,5,0,link
869,870,2024-12-31,03:52:36,Gmail: Inbox,https://mail.google.com/mail/u/0/#inbox,5,0,link
870,871,2024-12-31,03:50:27,Women's Sale | ASOS,https://www.asos.com/us/sale/women/cat/?cid=7032,4,0,typed
871,872,2024-12-31,03:54:09,Summer Clothing Haul 2024 - YouTube,https://www.youtube.com/watch?v=summer_haul_video,2,0,link
872,873,2024-12-31,03:54:51,Gmail: Inbox,https://mail.google.com/mail/u/0/#inbox,4,0,link
873,874,2024-12-31,03:46:15,New In | Women's Dresses | ZARA United States,https://www.zara.com/us/en/new-in-dresses,4,0,link
874,875,2024-12-31,03:42:21,New In | Women's Dresses | ZARA United States,https://www.zara.com/us/en/new-in-dresses,2,0,link
875,876,2024-12-31,03:45:43,The Best Watches for Men Right Now | GQ,https://www.gq.com/story/best-watches-for-men,2,0,form_submit
876,877,2024-12-31,03:39:07,The Weather Channel - Weather.com,https://www.weather.com/,4,0,link
877,878,2024-12-31,03:37:55,Gucci Bags for Women | Designer Crossbody Bags,https://www.gucci.com/us/en/category/bags,2,0,typed
878,879,2024-12-31,03:42:05,X (Twitter): Home,https://twitter.com/home,5,0,generated
879,880,2024-12-31,03:39:42,Wedding Guest Dresses | Lulus,https://www.lulus.com/clothing/wedding-guest-dresses,2,0,generated
880,881,2024-12-31,03:32:34,Fall 2025 Ready-to-Wear Fashion Week Trends - Vogue,https://www.vogue.com/fashion-shows/fall-2025/trends,4,0,generated
881,882,2024-12-31,03:30:37,Amazon.com: Online Shopping,https://www.amazon.com/,5,0,link
882,883,2024-12-31,03:34:13,Amazon.com: Online Shopping,https://www.amazon.com/,2,0,form_submit
883,884,2024-12-31,03:32:09,Summer Clothing Haul 2024 - YouTube,https://www.youtube.com/watch?v=summer_haul_video,3,0,link
884,885,2024-12-31,03:23:38,How to Style Wide Leg Pants,https://www.google.com/search?q=how+to+style+wide+leg+pants,1,0,generated
885,886,2024-12-31,03:24:41,Summer Clothing Haul 2024 - YouTube,https://www.youtube.com/watch?v=summer_haul_video,5,0,link
886,887,2024-12-31,03:22:48,The Best Watches for Men Right Now | GQ,https://www.gq.com/story/best-watches-for-men,1,0,link
887,888,2024-12-31,03:22:18,Minimalist Men's Outfits on Pinterest,https://www.pinterest.com/style/outfits-men/,2,0,link
888,889,2024-12-31,03:15:51,Summer Clothing Haul 2024 - YouTube,https://www.youtube.com/watch?v=summer_haul_video,5,0,link
889,890,2024-12-31,03:20:38,Gmail: Inbox,https://mail.google.com/mail/u/0/#inbox,1,0,link
890,891,2024-12-31,03:10:53,The Weather Channel - Weather.com,https://www.weather.com/,2,0,link
891,892,2024-12-31,03:11:40,Minimalist Men's Outfits on Pinterest,https://www.pinterest.com/style/outfits-men/,3,0,link
892,893,2024-12-31,03:07:52,Amazon.com: Online Shopping,https://www.amazon.com/,5,0,link
893,894,2024-12-31,03:10:59,Gucci Bags for Women | Designer Crossbody Bags,https://www.gucci.com/us/en/category/bags,4,0,link
894,895,2024-12-31,03:08:35,CNN Breaking News and Video,https://www.cnn.com/,1,0,link
895,896,2024-12-31,03:07:11,Wedding Guest Dresses | Lulus,https://www.lulus.com/clothing/wedding-guest-dresses,2,0,link
896,897,2024-12-31,02:57:42,Fall 2025 Ready-to-Wear Fashion Week Trends - Vogue,https://www.vogue.com/fashion-shows/fall-2025/trends,5,0,link
897,898,2024-12-31,03:04:03,Gmail: Inbox,https://mail.google.com/mail/u/0/#inbox,1,0,link
898,899,2024-12-31,02:54:10,Gucci Bags for Women | Designer Crossbody Bags,https://www.gucci.com/us/en/category/bags,5,0,typed
899,900,2024-12-31,02:55:07,Prada Designer Clothing & Accessories - Farfetch,https://www.farfetch.com/shopping/women/designers/prada,3,0,link
900,901,2024-12-31,02:52:44,Minimalist Men's Outfits on Pinterest,https://www.pinterest.com/style/outfits-men/,2,0,typed
901,902,2024-12-31,02:51:23,How to Style Wide Leg Pants,https://www.google.com/search?q=how+to+style+wide+leg+pants,4,0,link
902,903,2024-12-31,02:50:57,How to Style Wide Leg Pants,https://www.google.com/search?q=how+to+style+wide+leg+pants,2,0,typed
903,904,2024-12-31,02:51:34,Summer Clothing Haul 2024 - YouTube,https://www.youtube.com/watch?v=summer_haul_video,1,0,link
904,905,2024-12-31,02:45:31,New In | Women's Dresses | ZARA United States,https://www.zara.com/us/en/new-in-dresses,1,0,link
905,906,2024-12-31,02:42:51,Gmail: Inbox,https://mail.google.com/mail/u/0/#inbox,2,0,generated
906,907,2024-12-31,02:44:51,Amazon.com: Online Shopping,https://www.amazon.com/,1,0,generated
907,908,2024-12-31,02:42:03,Prada Designer Clothing & Accessories - Farfetch,https://www.farfetch.com/shopping/women/designers/prada,1,0,link
908,909,2024-12-31,02:36:00,Minimalist Men's Outfits on Pinterest,https://www.pinterest.com/style/outfits-men/,1,0,link
909,910,2024-12-31,02:34:10,Designer Jewelry & Fine Jewellery | NET-A-PORTER,https://www.net-a-porter.com/en-us/shop/jewelry,1,0,link
910,911,2024-12-31,02:32:52,Designer Jewelry & Fine Jewellery | NET-A-PORTER,https://www.net-a-porter.com/en-us/shop/jewelry,2,0,link
911,912,2024-12-31,02:28:10,Minimalist Men's Outfits on Pinterest,https://www.pinterest.com/style/outfits-men/,2,0,link
912,913,2024-12-31,02:27:39,Women's Sale | ASOS,https://www.asos.com/us/sale/women/cat/?cid=7032,4,0,typed
913,914,2024-12-31,02:24:13,Gmail: Inbox,https://mail.google.com/mail/u/0/#inbox,3,0,link
914,915,2024-12-31,02:25:35,Prada Designer Clothing & Accessories - Farfetch,https://www.farfetch.com/shopping/women/designers/prada,1,0,link
915,916,2024-12-31,02:24:52,Fall 2025 Ready-to-Wear Fashion Week Trends - Vogue,https://www.vogue.com/fashion-shows/fall-2025/trends,4,0,link
916,917,2024-12-31,02:22:20,X (Twitter): Home,https://twitter.com/home,3,0,link
917,918,2024-12-31,02:24:36,Gmail: Inbox,https://mail.google.com/mail/u/0/#inbox,3,0,link
918,919,2024-12-31,02:22:55,Summer Clothing Haul 2024 - YouTube,https://www.youtube.com/watch?v=summer_haul_video,4,0,link
919,920,2024-12-31,02:15:03,Summer Clothing Haul 2024 - YouTube,https://www.youtube.com/watch?v=summer_haul_video,4,0,link
920,921,2024-12-31,02:14:55,Fall 2025 Ready-to-Wear Fashion Week Trends - Vogue,https://www.vogue.com/fashion-shows/fall-2025/trends,1,0,generated
921,922,2024-12-31,02:08:29,The Best Watches for Men Right Now | GQ,https://www.gq.com/story/best-watches-for-men,3,0,link
922,923,2024-12-31,02:11:57,Wedding Guest Dresses | Lulus,https://www.lulus.com/clothing/wedding-guest-dresses,1,0,link
923,924,2024-12-31,02:05:11,Summer Clothing Haul 2024 - YouTube,https://www.youtube.com/watch?v=summer_haul_video,4,0,link
924,925,2024-12-31,02:02:37,Designer Jewelry & Fine Jewellery | NET-A-PORTER,https://www.net-a-porter.com/en-us/shop/jewelry,5,0,link
925,926,2024-12-31,02:05:44,Wedding Guest Dresses | Lulus,https://www.lulus.com/clothing/wedding-guest-dresses,5,0,link
926,927,2024-12-31,02:01:26,X (Twitter): Home,https://twitter.com/home,5,0,typed
927,928,2024-12-31,02:00:01,The Weather Channel - Weather.com,https://www.weather.com/,1,0,link
928,929,2024-12-31,02:00:06,Fall 2025 Ready-to-Wear Fashion Week Trends - Vogue,https://www.vogue.com/fashion-shows/fall-2025/trends,3,0,generated
929,930,2024-12-31,01:56:08,The Weather Channel - Weather.com,https://www.weather.com/,4,0,link
930,931,2024-12-31,01:51:03,New In | Women's Dresses | ZARA United States,https://www.zara.com/us/en/new-in-dresses,2,0,link
931,932,2024-12-31,01:53:37,The Best Watches for Men Right Now | GQ,https://www.gq.com/story/best-watches-for-men,5,0,link
932,933,2024-12-31,01:53:45,Prada Designer Clothing & Accessories - Farfetch,https://www.farfetch.com/shopping/women/designers/prada,4,0,typed
933,934,2024-12-31,01:46:56,Amazon.com: Online Shopping,https://www.amazon.com/,1,0,typed
934,935,2024-12-31,01:43:35,Designer Jewelry & Fine Jewellery | NET-A-PORTER,https://www.net-a-porter.com/en-us/shop/jewelry,1,0,link
935,936,2024-12-31,01:39:21,Gmail: Inbox,https://mail.google.com/mail/u/0/#inbox,2,0,link
936,937,2024-12-31,01:38:36,Fall 2025 Ready-to-Wear Fashion Week Trends - Vogue,https://www.vogue.com/fashion-shows/fall-2025/trends,1,0,link
937,938,2024-12-31,01:36:11,Summer Clothing Haul 2024 - YouTube,https://www.youtube.com/watch?v=summer_haul_video,2,0,generated
938,939,2024-12-31,01:35:23,Gucci Bags for Women | Designer Crossbody Bags,https://www.gucci.com/us/en/category/bags,5,0,link
939,940,2024-12-31,01:33:00,Designer Jewelry & Fine Jewellery | NET-A-PORTER,https://www.net-a-porter.com/en-us/shop/jewelry,3,0,link
940,941,2024-12-31,01:36:01,CNN Breaking News and Video,https://www.cnn.com/,2,0,form_submit
941,942,2024-12-31,01:33:07,Gmail: Inbox,https://mail.google.com/mail/u/0/#inbox,2,0,link
942,943,2024-12-31,01:25:02,Gucci Bags for Women | Designer Crossbody Bags,https://www.gucci.com/us/en/category/bags,1,0,link
943,944,2024-12-31,01:32:51,New In | Women's Dresses | ZARA United States,https://www.zara.com/us/en/new-in-dresses,3,0,link
944,945,2024-12-31,01:25:46,Minimalist Men's Outfits on Pinterest,https://www.pinterest.com/style/outfits-men/,1,0,link
945,946,2024-12-31,01:22:16,Fall 2025 Ready-to-Wear Fashion Week Trends - Vogue,https://www.vogue.com/fashion-shows/fall-2025/trends,1,0,link
946,947,2024-12-31,01:20:46,How to Style Wide Leg Pants,https://www.google.com/search?q=how+to+style+wide+leg+pants,1,0,typed
947,948,2024-12-31,01:15:40,X (Twitter): Home,https://twitter.com/home,2,0,link
948,949,2024-12-31,01:18:03,Wedding Guest Dresses | Lulus,https://www.lulus.com/clothing/wedding-guest-dresses,1,0,link
949,950,2024-12-31,01:12:06,Designer Jewelry & Fine Jewellery | NET-A-PORTER,https://www.net-a-porter.com/en-us/shop/jewelry,5,0,link
950,951,2024-12-31,01:11:24,The Best Watches for Men Right Now | GQ,https://www.gq.com/story/best-watches-for-men,5,0,link
951,952,2024-12-31,01:13:02,The Weather Channel - Weather.com,https://www.weather.com/,5,0,generated
952,953,2024-12-31,01:14:26,New In | Women's Dresses | ZARA United States,https://www.zara.com/us/en/new-in-dresses,3,0,link
953,954,2024-12-31,01:06:05,X (Twitter): Home,https://twitter.com/home,3,0,link
954,955,2024-12-31,01:02:44,Wedding Guest Dresses | Lulus,https://www.lulus.com/clothing/wedding-guest-dresses,3,0,link
955,956,2024-12-31,01:00:32,Minimalist Men's Outfits on Pinterest,https://www.pinterest.com/style/outfits-men/,3,0,generated
956,957,2024-12-31,01:04:17,Wedding Guest Dresses | Lulus,https://www.lulus.com/clothing/wedding-guest-dresses,3,0,form_submit
957,958,2024-12-31,00:56:51,Fall 2025 Ready-to-Wear Fashion Week Trends - Vogue,https://www.vogue.com/fashion-shows/fall-2025/trends,4,0,link
958,959,2024-12-31,00:53:48,Gmail: Inbox,https://mail.google.com/mail/u/0/#inbox,4,0,link
959,960,2024-12-31,00:58:24,The Weather Channel - Weather.com,https://www.weather.com/,5,0,generated
960,961,2024-12-31,00:52:25,How to Style Wide Leg Pants,https://www.google.com/search?q=how+to+style+wide+leg+pants,3,0,typed
961,962,2024-12-31,00:55:23,Prada Designer Clothing & Accessories - Farfetch,https://www.farfetch.com/shopping/women/designers/prada,2,0,typed
962,963,2024-12-31,00:49:24,New In | Women's Dresses | ZARA United States,https://www.zara.com/us/en/new-in-dresses,5,0,link
963,964,2024-12-31,00:43:13,The Weather Channel - Weather.com,https://www.weather.com/,2,0,link
964,965,2024-12-31,00:46:10,New In | Women's Dresses | ZARA United States,https://www.zara.com/us/en/new-in-dresses,2,0,link
965,966,2024-12-31,00:44:11,Designer Jewelry & Fine Jewellery | NET-A-PORTER,https://www.net-a-porter.com/en-us/shop/jewelry,1,0,link
966,967,2024-12-31,00:38:54,X (Twitter): Home,https://twitter.com/home,5,0,link
967,968,2024-12-31,00:35:19,Summer Clothing Haul 2024 - YouTube,https://www.youtube.com/watch?v=summer_haul_video,5,0,link
968,969,2024-12-31,00:39:21,Designer Jewelry & Fine Jewellery | NET-A-PORTER,https://www.net-a-porter.com/en-us/shop/jewelry,1,0,link
969,970,2024-12-31,00:37:03,The Best Watches for Men Right Now | GQ,https://www.gq.com/story/best-watches-for-men,5,0,link
970,971,2024-12-31,00:29:22,Designer Jewelry & Fine Jewellery | NET-A-PORTER,https://www.net-a-porter.com/en-us/shop/jewelry,3,0,reload
971,972,2024-12-31,00:31:52,Fall 2025 Ready-to-Wear Fashion Week Trends - Vogue,https://www.vogue.com/fashion-shows/fall-2025/trends,3,0,link
972,973,2024-12-31,00:28:44,CNN Breaking News and Video,https://www.cnn.com/,3,0,link
973,974,2024-12-31,00:30:07,New In | Women's Dresses | ZARA United States,https://www.zara.com/us/en/new-in-dresses,5,0,link
974,975,2024-12-31,00:24:01,CNN Breaking News and Video,https://www.cnn.com/,2,0,link
975,976,2024-12-31,00:25:45,Prada Designer Clothing & Accessories - Farfetch,https://www.farfetch.com/shopping/women/designers/prada,2,0,form_submit
976,977,2024-12-31,00:22:13,Wedding Guest Dresses | Lulus,https://www.lulus.com/clothing/wedding-guest-dresses,1,0,link
977,978,2024-12-31,00:18:28,Wedding Guest Dresses | Lulus,https://www.lulus.com/clothing/wedding-guest-dresses,4,0,link
978,979,2024-12-31,00:16:34,Summer Clothing Haul 2024 - YouTube,https://www.youtube.com/watch?v=summer_haul_video,1,0,link
979,980,2024-12-31,00:15:08,Amazon.com: Online Shopping,https://www.amazon.com/,2,0,link
980,981,2024-12-31,00:17:04,Prada Designer Clothing & Accessories - Farfetch,https://www.farfetch.com/shopping/women/designers/prada,3,0,link
981,982,2024-12-31,00:12:14,Minimalist Men's Outfits on Pinterest,https://www.pinterest.com/style/outfits-men/,5,0,link
982,983,2024-12-31,00:10:03,Gucci Bags for Women | Designer Crossbody Bags,https://www.gucci.com/us/en/category/bags,2,0,link
983,984,2024-12-31,00:05:46,Wedding Guest Dresses | Lulus,https://www.lulus.com/clothing/wedding-guest-dresses,3,0,link
984,985,2024-12-31,00:05:31,The Best Watches for Men Right Now | GQ,https://www.gq.com/story/best-watches-for-men,4,0,link
985,986,2024-12-31,00:04:42,CNN Breaking News and Video,https://www.cnn.com/,2,0,link
986,987,2024-12-31,00:00:49,Minimalist Men's Outfits on Pinterest,https://www.pinterest.com/style/outfits-men/,1,0,form_submit
987,988,2024-12-31,00:04:07,X (Twitter): Home,https://twitter.com/home,1,0,link
988,989,2024-12-31,00:01:16,X (Twitter): Home,https://twitter.com/home,4,0,link
989,990,2024-12-30,23:52:20,Women's Sale | ASOS,https://www.asos.com/us/sale/women/cat/?cid=7032,4,0,link
990,991,2024-12-30,23:53:57,Women's Sale | ASOS,https://www.asos.com/us/sale/women/cat/?cid=7032,1,0,generated
991,992,2024-12-30,23:54:46,New In | Women's Dresses | ZARA United States,https://www.zara.com/us/en/new-in-dresses,3,0,link
992,993,2024-12-30,23:50:06,Wedding Guest Dresses | Lulus,https://www.lulus.com/clothing/wedding-guest-dresses,2,0,link
993,994,2024-12-30,23:49:59,Women's Sale | ASOS,https://www.asos.com/us/sale/women/cat/?cid=7032,5,0,link
994,995,2024-12-30,23:44:39,The Best Watches for Men Right Now | GQ,https://www.gq.com/story/best-watches-for-men,5,0,link
995,996,2024-12-30,23:47:47,Gmail: Inbox,https://mail.google.com/mail/u/0/#inbox,1,0,link
996,997,2024-12-30,23:42:51,Prada Designer Clothing & Accessories - Farfetch,https://www.farfetch.com/shopping/women/designers/prada,3,0,link
997,998,2024-12-30,23:42:17,The Best Watches for Men Right Now | GQ,https://www.gq.com/story/best-watches-for-men,5,0,generated
998,999,2024-12-30,23:42:20,CNN Breaking News and Video,https://www.cnn.com/,4,0,link
999,1000,2024-12-30,23:34:13,How to Style Wide Leg Pants,https://www.google.com/search?q=how+to+style+wide+leg+pants,2,0,link
1000,1001,2024-12-30,23:32:45,Designer Jewelry & Fine Jewellery | NET-A-PORTER,https://www.net-a-porter.com/en-us/shop/jewelry,4,0,link
1001,1002,2024-12-30,23:28:59,How to Style Wide Leg Pants,https://www.google.com/search?q=how+to+style+wide+leg+pants,2,0,link
1002,1003,2024-12-30,23:27:41,CNN Breaking News and Video,https://www.cnn.com/,1,0,link
1003,1004,2024-12-30,23:25:52,Minimalist Men's Outfits on Pinterest,https://www.pinterest.com/style/outfits-men/,2,0,link
1004,1005,2024-12-30,23:27:03,CNN Breaking News and Video,https://www.cnn.com/,5,0,link
1005,1006,2024-12-30,23:28:49,The Weather Channel - Weather.com,https://www.weather.com/,2,0,link
1006,1007,2024-12-30,23:24:35,The Best Watches for Men Right Now | GQ,https://www.gq.com/story/best-watches-for-men,1,0,link
1007,1008,2024-12-30,23:20:25,Wedding Guest Dresses | Lulus,https://www.lulus.com/clothing/wedding-guest-dresses,2,0,link
1008,1009,2024-12-30,23:14:42,Minimalist Men's Outfits on Pinterest,https://www.pinterest.com/style/outfits-men/,4,0,link
1009,1010,2024-12-30,23:17:02,Amazon.com: Online Shopping,https://www.amazon.com/,4,0,link
1010,1011,2024-12-30,23:18:02,Minimalist Men's Outfits on Pinterest,https://www.pinterest.com/style/outfits-men/,3,0,link
1011,1012,2024-12-30,23:11:59,Wedding Guest Dresses | Lulus,https://www.lulus.com/clothing/wedding-guest-dresses,1,0,typed
1012,1013,2024-12-30,23:13:47,CNN Breaking News and Video,https://www.cnn.com/,1,0,link
1013,1014,2024-12-30,23:07:39,The Best Watches for Men Right Now | GQ,https://www.gq.com/story/best-watches-for-men,2,0,link
1014,1015,2024-12-30,23:04:50,Gucci Bags for Women | Designer Crossbody Bags,https://www.gucci.com/us/en/category/bags,1,0,link
1015,1016,2024-12-30,23:04:33,Women's Sale | ASOS,https://www.asos.com/us/sale/women/cat/?cid=7032,2,0,link
1016,1017,2024-12-30,22:59:19,Gmail: Inbox,https://mail.google.com/mail/u/0/#inbox,4,0,typed
1017,1018,2024-12-30,23:04:40,The Weather Channel - Weather.com,https://www.weather.com/,1,0,generated
1018,1019,2024-12-30,22:54:29,How to Style Wide Leg Pants,https://www.google.com/search?q=how+to+style+wide+leg+pants,5,0,link
1019,1020,2024-12-30,22:57:39,The Weather Channel - Weather.com,https://www.weather.com/,3,0,typed
1020,1021,2024-12-30,22:55:08,Summer Clothing Haul 2024 - YouTube,https://www.youtube.com/watch?v=summer_haul_video,4,0,link
1021,1022,2024-12-30,22:47:12,Wedding Guest Dresses | Lulus,https://www.lulus.com/clothing/wedding-guest-dresses,5,0,reload
1022,1023,2024-12-30,22:49:50,CNN Breaking News and Video,https://www.cnn.com/,3,0,link
1023,1024,2024-12-30,22:48:03,New In | Women's Dresses | ZARA United States,https://www.zara.com/us/en/new-in-dresses,2,0,link
1024,1025,2024-12-30,22:49:11,Amazon.com: Online Shopping,https://www.amazon.com/,4,0,link
1025,1026,2024-12-30,22:48:19,Minimalist Men's Outfits on Pinterest,https://www.pinterest.com/style/outfits-men/,5,0,link
1026,1027,2024-12-30,22:38:28,Prada Designer Clothing & Accessories - Farfetch,https://www.farfetch.com/shopping/women/designers/prada,4,0,link
1027,1028,2024-12-30,22:42:48,Designer Jewelry & Fine Jewellery | NET-A-PORTER,https://www.net-a-porter.com/en-us/shop/jewelry,4,0,link
1028,1029,2024-12-30,22:35:57,Designer Jewelry & Fine Jewellery | NET-A-PORTER,https://www.net-a-porter.com/en-us/shop/jewelry,5,0,link
1029,1030,2024-12-30,22:37:31,The Best Watches for Men Right Now | GQ,https://www.gq.com/story/best-watches-for-men,3,0,link
1030,1031,2024-12-30,22:31:31,Designer Jewelry & Fine Jewellery | NET-A-PORTER,https://www.net-a-porter.com/en-us/shop/jewelry,3,0,link
1031,1032,2024-12-30,22:33:19,Women's Sale | ASOS,https://www.asos.com/us/sale/women/cat/?cid=7032,1,0,typed
1032,1033,2024-12-30,22:29:15,Gucci Bags for Women | Designer Crossbody Bags,https://www.gucci.com/us/en/category/bags,5,0,generated
1033,1034,2024-12-30,22:27:16,The Weather Channel - Weather.com,https://www.weather.com/,4,0,link
1034,1035,2024-12-30,22:27:51,Amazon.com: Online Shopping,https://www.amazon.com/,3,0,reload
1035,1036,2024-12-30,22:21:32,Wedding Guest Dresses | Lulus,https://www.lulus.com/clothing/wedding-guest-dresses,3,0,link
1036,1037,2024-12-30,22:17:18,Fall 2025 Ready-to-Wear Fashion Week Trends - Vogue,https://www.vogue.com/fashion-shows/fall-2025/trends,2,0,link
1037,1038,2024-12-30,22:15:39,Women's Sale | ASOS,https://www.asos.com/us/sale/women/cat/?cid=7032,5,0,generated
1038,1039,2024-12-30,22:21:50,Minimalist Men's Outfits on Pinterest,https://www.pinterest.com/style/outfits-men/,1,0,typed
1039,1040,2024-12-30,22:13:35,Prada Designer Clothing & Accessories - Farfetch,https://www.farfetch.com/shopping/women/designers/prada,1,0,link
1040,1041,2024-12-30,22:09:24,Prada Designer Clothing & Accessories - Farfetch,https://www.farfetch.com/shopping/women/designers/prada,1,0,link
1041,1042,2024-12-30,22:16:13,The Best Watches for Men Right Now | GQ,https://www.gq.com/story/best-watches-for-men,5,0,link
1042,1043,2024-12-30,22:05:09,Gmail: Inbox,https://mail.google.com/mail/u/0/#inbox,5,0,link
1043,1044,2024-12-30,22:06:48,Gucci Bags for Women | Designer Crossbody Bags,https://www.gucci.com/us/en/category/bags,2,0,link
1044,1045,2024-12-30,22:10:57,CNN Breaking News and Video,https://www.cnn.com/,5,0,link
1045,1046,2024-12-30,22:01:58,Prada Designer Clothing & Accessories - Farfetch,https://www.farfetch.com/shopping/women/designers/prada,5,0,generated
1046,1047,2024-12-30,22:02:01,Prada Designer Clothing & Accessories - Farfetch,https://www.farfetch.com/shopping/women/designers/prada,1,0,link
1047,1048,2024-12-30,22:04:32,X (Twitter): Home,https://twitter.com/home,1,0,link
1048,1049,2024-12-30,22:00:08,Gmail: Inbox,https://mail.google.com/mail/u/0/#inbox,3,0,link
1049,1050,2024-12-30,21:51:05,Amazon.com: Online Shopping,https://www.amazon.com/,1,0,link
1050,1051,2024-12-30,21:55:46,X (Twitter): Home,https://twitter.com/home,2,0,link
1051,1052,2024-12-30,21:51:03,New In | Women's Dresses | ZARA United States,https://www.zara.com/us/en/new-in-dresses,2,0,link
1052,1053,2024-12-30,21:51:25,Gucci Bags for Women | Designer Crossbody Bags,https://www.gucci.com/us/en/category/bags,3,0,link
1053,1054,2024-12-30,21:44:31,CNN Breaking News and Video,https://www.cnn.com/,5,0,link
1054,1055,2024-12-30,21:47:19,Wedding Guest Dresses | Lulus,https://www.lulus.com/clothing/wedding-guest-dresses,1,0,link
1055,1056,2024-12-30,21:45:00,Fall 2025 Ready-to-Wear Fashion Week Trends - Vogue,https://www.vogue.com/fashion-shows/fall-2025/trends,3,0,generated
1056,1057,2024-12-30,21:46:39,Fall 2025 Ready-to-Wear Fashion Week Trends - Vogue,https://www.vogue.com/fashion-shows/fall-2025/trends,4,0,generated
1057,1058,2024-12-30,21:36:35,Summer Clothing Haul 2024 - YouTube,https://www.youtube.com/watch?v=summer_haul_video,3,0,link
1058,1059,2024-12-30,21:35:01,Women's Sale | ASOS,https://www.asos.com/us/sale/women/cat/?cid=7032,1,0,link
1059,1060,2024-12-30,21:35:21,Amazon.com: Online Shopping,https://www.amazon.com/,4,0,form_submit
1060,1061,2024-12-30,21:30:45,How to Style Wide Leg Pants,https://www.google.com/search?q=how+to+style+wide+leg+pants,3,0,link
1061,1062,2024-12-30,21:35:56,The Best Watches for Men Right Now | GQ,https://www.gq.com/story/best-watches-for-men,1,0,link
1062,1063,2024-12-30,21:30:40,X (Twitter): Home,https://twitter.com/home,5,0,generated
1063,1064,2024-12-30,21:30:46,Gmail: Inbox,https://mail.google.com/mail/u/0/#inbox,3,0,reload
1064,1065,2024-12-30,21:28:21,Gmail: Inbox,https://mail.google.com/mail/u/0/#inbox,3,0,link
1065,1066,2024-12-30,21:21:00,Prada Designer Clothing & Accessories - Farfetch,https://www.farfetch.com/shopping/women/designers/prada,4,0,link
1066,1067,2024-12-30,21:26:02,The Weather Channel - Weather.com,https://www.weather.com/,5,0,link
1067,1068,2024-12-30,21:15:30,Women's Sale | ASOS,https://www.asos.com/us/sale/women/cat/?cid=7032,4,0,link
1068,1069,2024-12-30,21:20:04,Summer Clothing Haul 2024 - YouTube,https://www.youtube.com/watch?v=summer_haul_video,3,0,link
1069,1070,2024-12-30,21:17:42,The Best Watches for Men Right Now | GQ,https://www.gq.com/story/best-watches-for-men,5,0,link
1070,1071,2024-12-30,21:14:03,Wedding Guest Dresses | Lulus,https://www.lulus.com/clothing/wedding-guest-dresses,4,0,generated
1071,1072,2024-12-30,21:15:41,Designer Jewelry & Fine Jewellery | NET-A-PORTER,https://www.net-a-porter.com/en-us/shop/jewelry,4,0,generated
1072,1073,2024-12-30,21:08:00,Amazon.com: Online Shopping,https://www.amazon.com/,5,0,link
1073,1074,2024-12-30,21:09:19,Fall 2025 Ready-to-Wear Fashion Week Trends - Vogue,https://www.vogue.com/fashion-shows/fall-2025/trends,1,0,generated
1074,1075,2024-12-30,21:03:08,Wedding Guest Dresses | Lulus,https://www.lulus.com/clothing/wedding-guest-dresses,2,0,link
1075,1076,2024-12-30,21:06:12,Women's Sale | ASOS,https://www.asos.com/us/sale/women/cat/?cid=7032,2,0,link
1076,1077,2024-12-30,21:00:59,CNN Breaking News and Video,https://www.cnn.com/,1,0,link
1077,1078,2024-12-30,21:03:18,CNN Breaking News and Video,https://www.cnn.com/,5,0,link
1078,1079,2024-12-30,20:58:07,Fall 2025 Ready-to-Wear Fashion Week Trends - Vogue,https://www.vogue.com/fashion-shows/fall-2025/trends,4,0,link
1079,1080,2024-12-30,20:58:31,The Best Watches for Men Right Now | GQ,https://www.gq.com/story/best-watches-for-men,3,0,link
1080,1081,2024-12-30,20:58:30,Women's Sale | ASOS,https://www.asos.com/us/sale/women/cat/?cid=7032,1,0,generated
1081,1082,2024-12-30,20:54:10,X (Twitter): Home,https://twitter.com/home,4,0,generated
1082,1083,2024-12-30,20:54:20,Women's Sale | ASOS,https://www.asos.com/us/sale/women/cat/?cid=7032,5,0,link
1083,1084,2024-12-30,20:49:39,Minimalist Men's Outfits on Pinterest,https://www.pinterest.com/style/outfits-men/,4,0,form_submit
1084,1085,2024-12-30,20:49:23,New In | Women's Dresses | ZARA United States,https://www.zara.com/us/en/new-in-dresses,5,0,link
1085,1086,2024-12-30,20:39:37,Wedding Guest Dresses | Lulus,https://www.lulus.com/clothing/wedding-guest-dresses,3,0,generated
1086,1087,2024-12-30,20:38:01,Minimalist Men's Outfits on Pinterest,https://www.pinterest.com/style/outfits-men/,4,0,generated
1087,1088,2024-12-30,20:39:59,Summer Clothing Haul 2024 - YouTube,https://www.youtube.com/watch?v=summer_haul_video,4,0,link
1088,1089,2024-12-30,20:37:08,Minimalist Men's Outfits on Pinterest,https://www.pinterest.com/style/outfits-men/,1,0,link
1089,1090,2024-12-30,20:34:36,Gucci Bags for Women | Designer Crossbody Bags,https://www.gucci.com/us/en/category/bags,4,0,link
1090,1091,2024-12-30,20:32:02,The Weather Channel - Weather.com,https://www.weather.com/,1,0,link
1091,1092,2024-12-30,20:30:13,CNN Breaking News and Video,https://www.cnn.com/,5,0,link
1092,1093,2024-12-30,20:25:27,Designer Jewelry & Fine Jewellery | NET-A-PORTER,https://www.net-a-porter.com/en-us/shop/jewelry,5,0,generated
1093,1094,2024-12-30,20:23:51,Women's Sale | ASOS,https://www.asos.com/us/sale/women/cat/?cid=7032,5,0,link
1094,1095,2024-12-30,20:29:03,New In | Women's Dresses | ZARA United States,https://www.zara.com/us/en/new-in-dresses,1,0,link
1095,1096,2024-12-30,20:24:35,Women's Sale | ASOS,https://www.asos.com/us/sale/women/cat/?cid=7032,5,0,typed
1096,1097,2024-12-30,20:17:05,Amazon.com: Online Shopping,https://www.amazon.com/,1,0,link
1097,1098,2024-12-30,20:23:20,Prada Designer Clothing & Accessories - Farfetch,https://www.farfetch.com/shopping/women/designers/prada,4,0,typed
1098,1099,2024-12-30,20:21:43,Designer Jewelry & Fine Jewellery | NET-A-PORTER,https://www.net-a-porter.com/en-us/shop/jewelry,5,0,typed
1099,1100,2024-12-30,20:18:44,New In | Women's Dresses | ZARA United States,https://www.zara.com/us/en/new-in-dresses,3,0,link
1100,1101,2024-12-30,20:16:03,Gucci Bags for Women | Designer Crossbody Bags,https://www.gucci.com/us/en/category/bags,4,0,link
1101,1102,2024-12-30,20:14:07,X (Twitter): Home,https://twitter.com/home,5,0,typed
1102,1103,2024-12-30,20:06:25,Fall 2025 Ready-to-Wear Fashion Week Trends - Vogue,https://www.vogue.com/fashion-shows/fall-2025/trends,4,0,link
1103,1104,2024-12-30,20:11:21,Gmail: Inbox,https://mail.google.com/mail/u/0/#inbox,5,0,link
1104,1105,2024-12-30,20:03:57,Wedding Guest Dresses | Lulus,https://www.lulus.com/clothing/wedding-guest-dresses,5,0,link
1105,1106,2024-12-30,20:08:22,Women's Sale | ASOS,https://www.asos.com/us/sale/women/cat/?cid=7032,5,0,link
1106,1107,2024-12-30,20:00:40,Women's Sale | ASOS,https://www.asos.com/us/sale/women/cat/?cid=7032,4,0,generated
1107,1108,2024-12-30,20:00:17,How to Style Wide Leg Pants,https://www.google.com/search?q=how+to+style+wide+leg+pants,5,0,form_submit
1108,1109,2024-12-30,20:02:26,Women's Sale | ASOS,https://www.asos.com/us/sale/women/cat/?cid=7032,2,0,link
1109,1110,2024-12-30,19:58:19,Gmail: Inbox,https://mail.google.com/mail/u/0/#inbox,4,0,link
1110,1111,2024-12-30,19:50:26,Minimalist Men's Outfits on Pinterest,https://www.pinterest.com/style/outfits-men/,1,0,link
1111,1112,2024-12-30,19:47:15,Women's Sale | ASOS,https://www.asos.com/us/sale/women/cat/?cid=7032,5,0,form_submit
1112,1113,2024-12-30,19:51:47,Gucci Bags for Women | Designer Crossbody Bags,https://www.gucci.com/us/en/category/bags,2,0,link
1113,1114,2024-12-30,19:52:17,Fall 2025 Ready-to-Wear Fashion Week Trends - Vogue,https://www.vogue.com/fashion-shows/fall-2025/trends,2,0,link
1114,1115,2024-12-30,19:46:02,Gmail: Inbox,https://mail.google.com/mail/u/0/#inbox,2,0,link
1115,1116,2024-12-30,19:48:50,How to Style Wide Leg Pants,https://www.google.com/search?q=how+to+style+wide+leg+pants,5,0,link
1116,1117,2024-12-30,19:43:28,How to Style Wide Leg Pants,https://www.google.com/search?q=how+to+style+wide+leg+pants,5,0,link
1117,1118,2024-12-30,19:37:29,New In | Women's Dresses | ZARA United States,https://www.zara.com/us/en/new-in-dresses,5,0,generated
1118,1119,2024-12-30,19:38:13,Women's Sale | ASOS,https://www.asos.com/us/sale/women/cat/?cid=7032,1,0,link
1119,1120,2024-12-30,19:31:08,Designer Jewelry & Fine Jewellery | NET-A-PORTER,https://www.net-a-porter.com/en-us/shop/jewelry,5,0,link
1120,1121,2024-12-30,19:32:15,Prada Designer Clothing & Accessories - Farfetch,https://www.farfetch.com/shopping/women/designers/prada,1,0,typed
1121,1122,2024-12-30,19:34:13,CNN Breaking News and Video,https://www.cnn.com/,4,0,typed
1122,1123,2024-12-30,19:30:25,Women's Sale | ASOS,https://www.asos.com/us/sale/women/cat/?cid=7032,5,0,link
1123,1124,2024-12-30,19:25:40,Women's Sale | ASOS,https://www.asos.com/us/sale/women/cat/?cid=7032,4,0,link
1124,1125,2024-12-30,19:29:44,New In | Women's Dresses | ZARA United States,https://www.zara.com/us/en/new-in-dresses,3,0,typed
1125,1126,2024-12-30,19:20:01,Women's Sale | ASOS,https://www.asos.com/us/sale/women/cat/?cid=7032,1,0,link
1126,1127,2024-12-30,19:18:55,Gmail: Inbox,https://mail.google.com/mail/u/0/#inbox,2,0,link
1127,1128,2024-12-30,19:16:26,X (Twitter): Home,https://twitter.com/home,2,0,link
1128,1129,2024-12-30,19:15:09,Minimalist Men's Outfits on Pinterest,https://www.pinterest.com/style/outfits-men/,2,0,link
1129,1130,2024-12-30,19:19:18,The Weather Channel - Weather.com,https://www.weather.com/,4,0,link
1130,1131,2024-12-30,19:16:08,Gucci Bags for Women | Designer Crossbody Bags,https://www.gucci.com/us/en/category/bags,5,0,link
1131,1132,2024-12-30,19:16:44,Designer Jewelry & Fine Jewellery | NET-A-PORTER,https://www.net-a-porter.com/en-us/shop/jewelry,4,0,typed
1132,1133,2024-12-30,19:13:22,Minimalist Men's Outfits on Pinterest,https://www.pinterest.com/style/outfits-men/,5,0,link
1133,1134,2024-12-30,19:08:52,Prada Designer Clothing & Accessories - Farfetch,https://www.farfetch.com/shopping/women/designers/prada,2,0,link
1134,1135,2024-12-30,19:03:20,Amazon.com: Online Shopping,https://www.amazon.com/,1,0,link
1135,1136,2024-12-30,19:03:57,Women's Sale | ASOS,https://www.asos.com/us/sale/women/cat/?cid=7032,5,0,link
1136,1137,2024-12-30,19:00:57,Prada Designer Clothing & Accessories - Farfetch,https://www.farfetch.com/shopping/women/designers/prada,2,0,link
1137,1138,2024-12-30,18:57:25,The Weather Channel - Weather.com,https://www.weather.com/,4,0,link
1138,1139,2024-12-30,19:02:52,Summer Clothing Haul 2024 - YouTube,https://www.youtube.com/watch?v=summer_haul_video,5,0,link
1139,1140,2024-12-30,18:54:09,Minimalist Men's Outfits on Pinterest,https://www.pinterest.com/style/outfits-men/,4,0,link
1140,1141,2024-12-30,18:54:13,The Best Watches for Men Right Now | GQ,https://www.gq.com/story/best-watches-for-men,4,0,link
1141,1142,2024-12-30,18:53:32,The Best Watches for Men Right Now | GQ,https://www.gq.com/story/best-watches-for-men,1,0,link
1142,1143,2024-12-30,18:51:23,Gucci Bags for Women | Designer Crossbody Bags,https://www.gucci.com/us/en/category/bags,5,0,link
1143,1144,2024-12-30,18:51:48,Designer Jewelry & Fine Jewellery | NET-A-PORTER,https://www.net-a-porter.com/en-us/shop/jewelry,4,0,link
1144,1145,2024-12-30,18:49:06,Wedding Guest Dresses | Lulus,https://www.lulus.com/clothing/wedding-guest-dresses,3,0,link
1145,1146,2024-12-30,18:45:25,Summer Clothing Haul 2024 - YouTube,https://www.youtube.com/watch?v=summer_haul_video,1,0,link
1146,1147,2024-12-30,18:44:34,Summer Clothing Haul 2024 - YouTube,https://www.youtube.com/watch?v=summer_haul_video,1,0,link
1147,1148,2024-12-30,18:41:28,Designer Jewelry & Fine Jewellery | NET-A-PORTER,https://www.net-a-porter.com/en-us/shop/jewelry,4,0,link
1148,1149,2024-12-30,18:33:27,Gmail: Inbox,https://mail.google.com/mail/u/0/#inbox,5,0,link
1149,1150,2024-12-30,18:32:09,Prada Designer Clothing & Accessories - Farfetch,https://www.farfetch.com/shopping/women/designers/prada,2,0,link
1150,1151,2024-12-30,18:31:23,The Weather Channel - Weather.com,https://www.weather.com/,1,0,link
1151,1152,2024-12-30,18:31:10,Gmail: Inbox,https://mail.google.com/mail/u/0/#inbox,4,0,link
1152,1153,2024-12-30,18:34:02,How to Style Wide Leg Pants,https://www.google.com/search?q=how+to+style+wide+leg+pants,1,0,link
1153,1154,2024-12-30,18:31:05,Women's Sale | ASOS,https://www.asos.com/us/sale/women/cat/?cid=7032,5,0,link
1154,1155,2024-12-30,18:21:14,Gucci Bags for Women | Designer Crossbody Bags,https://www.gucci.com/us/en/category/bags,1,0,link
1155,1156,2024-12-30,18:25:25,Minimalist Men's Outfits on Pinterest,https://www.pinterest.com/style/outfits-men/,2,0,link
1156,1157,2024-12-30,18:26:55,Prada Designer Clothing & Accessories - Farfetch,https://www.farfetch.com/shopping/women/designers/prada,5,0,link
1157,1158,2024-12-30,18:23:08,The Best Watches for Men Right Now | GQ,https://www.gq.com/story/best-watches-for-men,4,0,link
1158,1159,2024-12-30,18:18:03,Prada Designer Clothing & Accessories - Farfetch,https://www.farfetch.com/shopping/women/designers/prada,5,0,link
1159,1160,2024-12-30,18:20:06,Designer Jewelry & Fine Jewellery | NET-A-PORTER,https://www.net-a-porter.com/en-us/shop/jewelry,1,0,typed
1160,1161,2024-12-30,18:12:47,Women's Sale | ASOS,https://www.asos.com/us/sale/women/cat/?cid=7032,2,0,link
1161,1162,2024-12-30,18:08:21,X (Twitter): Home,https://twitter.com/home,5,0,link
1162,1163,2024-12-30,18:09:31,The Best Watches for Men Right Now | GQ,https://www.gq.com/story/best-watches-for-men,5,0,generated
1163,1164,2024-12-30,18:05:24,Designer Jewelry & Fine Jewellery | NET-A-PORTER,https://www.net-a-porter.com/en-us/shop/jewelry,5,0,link
1164,1165,2024-12-30,18:04:31,Minimalist Men's Outfits on Pinterest,https://www.pinterest.com/style/outfits-men/,5,0,link
1165,1166,2024-12-30,18:00:53,Prada Designer Clothing & Accessories - Farfetch,https://www.farfetch.com/shopping/women/designers/prada,4,0,link
1166,1167,2024-12-30,18:00:05,Summer Clothing Haul 2024 - YouTube,https://www.youtube.com/watch?v=summer_haul_video,2,0,link
1167,1168,2024-12-30,18:02:49,Women's Sale | ASOS,https://www.asos.com/us/sale/women/cat/?cid=7032,2,0,link
1168,1169,2024-12-30,17:59:17,CNN Breaking News and Video,https://www.cnn.com/,5,0,link
1169,1170,2024-12-30,17:56:28,Minimalist Men's Outfits on Pinterest,https://www.pinterest.com/style/outfits-men/,2,0,link
1170,1171,2024-12-30,17:53:09,Gucci Bags for Women | Designer Crossbody Bags,https://www.gucci.com/us/en/category/bags,2,0,typed
1171,1172,2024-12-30,17:50:00,Minimalist Men's Outfits on Pinterest,https://www.pinterest.com/style/outfits-men/,4,0,generated
1172,1173,2024-12-30,17:50:42,Gmail: Inbox,https://mail.google.com/mail/u/0/#inbox,1,0,link
1173,1174,2024-12-30,17:49:50,CNN Breaking News and Video,https://www.cnn.com/,2,0,link
1174,1175,2024-12-30,17:50:30,The Weather Channel - Weather.com,https://www.weather.com/,4,0,link
1175,1176,2024-12-30,17:44:00,Gmail: Inbox,https://mail.google.com/mail/u/0/#inbox,3,0,link
1176,1177,2024-12-30,17:40:48,The Weather Channel - Weather.com,https://www.weather.com/,5,0,link
1177,1178,2024-12-30,17:38:15,Summer Clothing Haul 2024 - YouTube,https://www.youtube.com/watch?v=summer_haul_video,4,0,link
1178,1179,2024-12-30,17:40:57,Summer Clothing Haul 2024 - YouTube,https://www.youtube.com/watch?v=summer_haul_video,1,0,link
1179,1180,2024-12-30,17:33:34,How to Style Wide Leg Pants,https://www.google.com/search?q=how+to+style+wide+leg+pants,4,0,link
1180,1181,2024-12-30,17:30:58,New In | Women's Dresses | ZARA United States,https://www.zara.com/us/en/new-in-dresses,5,0,generated
1181,1182,2024-12-30,17:35:57,X (Twitter): Home,https://twitter.com/home,5,0,generated
1182,1183,2024-12-30,17:26:19,Summer Clothing Haul 2024 - YouTube,https://www.youtube.com/watch?v=summer_haul_video,1,0,link
1183,1184,2024-12-30,17:24:53,The Weather Channel - Weather.com,https://www.weather.com/,3,0,link
1184,1185,2024-12-30,17:27:14,Women's Sale | ASOS,https://www.asos.com/us/sale/women/cat/?cid=7032,3,0,form_submit
1185,1186,2024-12-30,17:28:07,New In | Women's Dresses | ZARA United States,https://www.zara.com/us/en/new-in-dresses,4,0,link
1186,1187,2024-12-30,17:25:26,The Best Watches for Men Right Now | GQ,https://www.gq.com/story/best-watches-for-men,4,0,link
1187,1188,2024-12-30,17:23:28,Fall 2025 Ready-to-Wear Fashion Week Trends - Vogue,https://www.vogue.com/fashion-shows/fall-2025/trends,4,0,typed
1188,1189,2024-12-30,17:17:44,The Best Watches for Men Right Now | GQ,https://www.gq.com/story/best-watches-for-men,5,0,link
1189,1190,2024-12-30,17:20:52,CNN Breaking News and Video,https://www.cnn.com/,2,0,link
1190,1191,2024-12-30,17:17:48,Gucci Bags for Women | Designer Crossbody Bags,https://www.gucci.com/us/en/category/bags,4,0,typed
1191,1192,2024-12-30,17:15:34,The Weather Channel - Weather.com,https://www.weather.com/,5,0,link
1192,1193,2024-12-30,17:13:41,How to Style Wide Leg Pants,https://www.google.com/search?q=how+to+style+wide+leg+pants,3,0,link
1193,1194,2024-12-30,17:05:31,X (Twitter): Home,https://twitter.com/home,5,0,generated
1194,1195,2024-12-30,17:09:21,Amazon.com: Online Shopping,https://www.amazon.com/,1,0,link
1195,1196,2024-12-30,17:01:39,Gucci Bags for Women | Designer Crossbody Bags,https://www.gucci.com/us/en/category/bags,2,0,link
1196,1197,2024-12-30,16:58:12,Wedding Guest Dresses | Lulus,https://www.lulus.com/clothing/wedding-guest-dresses,1,0,link
1197,1198,2024-12-30,17:04:21,The Weather Channel - Weather.com,https://www.weather.com/,1,0,link
1198,1199,2024-12-30,17:01:53,Gucci Bags for Women | Designer Crossbody Bags,https://www.gucci.com/us/en/category/bags,5,0,link
1199,1200,2024-12-30,16:51:23,New In | Women's Dresses | ZARA United States,https://www.zara.com/us/en/new-in-dresses,4,0,typed
1200,1201,2024-12-30,16:54:05,Minimalist Men's Outfits on Pinterest,https://www.pinterest.com/style/outfits-men/,4,0,typed
1201,1202,2024-12-30,16:56:10,Gmail: Inbox,https://mail.google.com/mail/u/0/#inbox,2,0,link
1202,1203,2024-12-30,16:50:01,Prada Designer Clothing & Accessories - Farfetch,https://www.farfetch.com/shopping/women/designers/prada,3,0,typed
1203,1204,2024-12-30,16:52:54,How to Style Wide Leg Pants,https://www.google.com/search?q=how+to+style+wide+leg+pants,5,0,link
1204,1205,2024-12-30,16:45:19,New In | Women's Dresses | ZARA United States,https://www.zara.com/us/en/new-in-dresses,5,0,link
1205,1206,2024-12-30,16:44:44,Prada Designer Clothing & Accessories - Farfetch,https://www.farfetch.com/shopping/women/designers/prada,3,0,link
1206,1207,2024-12-30,16:38:35,The Weather Channel - Weather.com,https://www.weather.com/,1,0,link
1207,1208,2024-12-30,16:41:11,Minimalist Men's Outfits on Pinterest,https://www.pinterest.com/style/outfits-men/,2,0,link
1208,1209,2024-12-30,16:42:18,The Weather Channel - Weather.com,https://www.weather.com/,3,0,typed
1209,1210,2024-12-30,16:38:36,Fall 2025 Ready-to-Wear Fashion Week Trends - Vogue,https://www.vogue.com/fashion-shows/fall-2025/trends,2,0,link
1210,1211,2024-12-30,16:33:48,X (Twitter): Home,https://twitter.com/home,5,0,typed
1211,1212,2024-12-30,16:36:33,Gucci Bags for Women | Designer Crossbody Bags,https://www.gucci.com/us/en/category/bags,5,0,link
1212,1213,2024-12-30,16:32:23,Fall 2025 Ready-to-Wear Fashion Week Trends - Vogue,https://www.vogue.com/fashion-shows/fall-2025/trends,3,0,typed
1213,1214,2024-12-30,16:29:54,The Best Watches for Men Right Now | GQ,https://www.gq.com/story/best-watches-for-men,4,0,link
1214,1215,2024-12-30,16:21:41,Prada Designer Clothing & Accessories - Farfetch,https://www.farfetch.com/shopping/women/designers/prada,2,0,link
1215,1216,2024-12-30,16:22:49,X (Twitter): Home,https://twitter.com/home,5,0,link
1216,1217,2024-12-30,16:23:50,Gucci Bags for Women | Designer Crossbody Bags,https://www.gucci.com/us/en/category/bags,1,0,link
1217,1218,2024-12-30,16:24:06,How to Style Wide Leg Pants,https://www.google.com/search?q=how+to+style+wide+leg+pants,3,0,link
1218,1219,2024-12-30,16:20:25,How to Style Wide Leg Pants,https://www.google.com/search?q=how+to+style+wide+leg+pants,5,0,link
1219,1220,2024-12-30,16:12:31,The Best Watches for Men Right Now | GQ,https://www.gq.com/story/best-watches-for-men,1,0,link
1220,1221,2024-12-30,16:11:34,New In | Women's Dresses | ZARA United States,https://www.zara.com/us/en/new-in-dresses,3,0,generated
1221,1222,2024-12-30,16:12:31,Fall 2025 Ready-to-Wear Fashion Week Trends - Vogue,https://www.vogue.com/fashion-shows/fall-2025/trends,5,0,link
1222,1223,2024-12-30,16:12:31,Women's Sale | ASOS,https://www.asos.com/us/sale/women/cat/?cid=7032,3,0,link
1223,1224,2024-12-30,16:08:27,Gmail: Inbox,https://mail.google.com/mail/u/0/#inbox,4,0,link
1224,1225,2024-12-30,16:02:23,Gmail: Inbox,https://mail.google.com/mail/u/0/#inbox,4,0,link
1225,1226,2024-12-30,16:03:52,The Weather Channel - Weather.com,https://www.weather.com/,2,0,link
1226,1227,2024-12-30,16:00:13,Prada Designer Clothing & Accessories - Farfetch,https://www.farfetch.com/shopping/women/designers/prada,4,0,typed
1227,1228,2024-12-30,15:59:27,Fall 2025 Ready-to-Wear Fashion Week Trends - Vogue,https://www.vogue.com/fashion-shows/fall-2025/trends,1,0,link
1228,1229,2024-12-30,15:55:33,Amazon.com: Online Shopping,https://www.amazon.com/,4,0,link
1229,1230,2024-12-30,15:54:00,Gucci Bags for Women | Designer Crossbody Bags,https://www.gucci.com/us/en/category/bags,3,0,link
1230,1231,2024-12-30,15:55:54,Wedding Guest Dresses | Lulus,https://www.lulus.com/clothing/wedding-guest-dresses,4,0,generated
1231,1232,2024-12-30,15:47:19,X (Twitter): Home,https://twitter.com/home,5,0,link
1232,1233,2024-12-30,15:50:19,X (Twitter): Home,https://twitter.com/home,5,0,typed
1233,1234,2024-12-30,15:44:55,The Best Watches for Men Right Now | GQ,https://www.gq.com/story/best-watches-for-men,5,0,link
1234,1235,2024-12-30,15:48:01,Wedding Guest Dresses | Lulus,https://www.lulus.com/clothing/wedding-guest-dresses,2,0,link
1235,1236,2024-12-30,15:48:35,The Weather Channel - Weather.com,https://www.weather.com/,4,0,link
1236,1237,2024-12-30,15:44:09,Summer Clothing Haul 2024 - YouTube,https://www.youtube.com/watch?v=summer_haul_video,2,0,link
1237,1238,2024-12-30,15:37:50,X (Twitter): Home,https://twitter.com/home,2,0,link
1238,1239,2024-12-30,15:34:29,The Weather Channel - Weather.com,https://www.weather.com/,3,0,typed
1239,1240,2024-12-30,15:37:24,X (Twitter): Home,https://twitter.com/home,2,0,generated
1240,1241,2024-12-30,15:31:55,X (Twitter): Home,https://twitter.com/home,2,0,link
1241,1242,2024-12-30,15:28:25,Wedding Guest Dresses | Lulus,https://www.lulus.com/clothing/wedding-guest-dresses,4,0,link
1242,1243,2024-12-30,15:26:48,X (Twitter): Home,https://twitter.com/home,2,0,link
1243,1244,2024-12-30,15:32:14,Amazon.com: Online Shopping,https://www.amazon.com/,4,0,link
1244,1245,2024-12-30,15:26:38,Wedding Guest Dresses | Lulus,https://www.lulus.com/clothing/wedding-guest-dresses,1,0,typed
1245,1246,2024-12-30,15:21:50,How to Style Wide Leg Pants,https://www.google.com/search?q=how+to+style+wide+leg+pants,3,0,link
1246,1247,2024-12-30,15:21:57,Gucci Bags for Women | Designer Crossbody Bags,https://www.gucci.com/us/en/category/bags,2,0,typed
1247,1248,2024-12-30,15:19:51,Wedding Guest Dresses | Lulus,https://www.lulus.com/clothing/wedding-guest-dresses,2,0,link
1248,1249,2024-12-30,15:14:48,X (Twitter): Home,https://twitter.com/home,1,0,link
1249,1250,2024-12-30,15:20:39,Wedding Guest Dresses | Lulus,https://www.lulus.com/clothing/wedding-guest-dresses,4,0,typed
1250,1251,2024-12-30,15:13:32,Prada Designer Clothing & Accessories - Farfetch,https://www.farfetch.com/shopping/women/designers/prada,1,0,link
1251,1252,2024-12-30,15:14:36,Wedding Guest Dresses | Lulus,https://www.lulus.com/clothing/wedding-guest-dresses,1,0,link
1252,1253,2024-12-30,15:09:34,Amazon.com: Online Shopping,https://www.amazon.com/,1,0,link
1253,1254,2024-12-30,15:04:49,Gmail: Inbox,https://mail.google.com/mail/u/0/#inbox,5,0,link
1254,1255,2024-12-30,15:01:06,Summer Clothing Haul 2024 - YouTube,https://www.youtube.com/watch?v=summer_haul_video,2,0,link
1255,1256,2024-12-30,15:08:51,Designer Jewelry & Fine Jewellery | NET-A-PORTER,https://www.net-a-porter.com/en-us/shop/jewelry,3,0,link
1256,1257,2024-12-30,15:03:22,The Best Watches for Men Right Now | GQ,https://www.gq.com/story/best-watches-for-men,3,0,link
1257,1258,2024-12-30,15:04:37,Fall 2025 Ready-to-Wear Fashion Week Trends - Vogue,https://www.vogue.com/fashion-shows/fall-2025/trends,3,0,generated
1258,1259,2024-12-30,14:59:03,Gmail: Inbox,https://mail.google.com/mail/u/0/#inbox,3,0,link
1259,1260,2024-12-30,14:52:53,Gmail: Inbox,https://mail.google.com/mail/u/0/#inbox,1,0,link
1260,1261,2024-12-30,14:57:40,Wedding Guest Dresses | Lulus,https://www.lulus.com/clothing/wedding-guest-dresses,3,0,typed
1261,1262,2024-12-30,14:50:37,The Best Watches for Men Right Now | GQ,https://www.gq.com/story/best-watches-for-men,1,0,link
1262,1263,2024-12-30,14:53:56,Gucci Bags for Women | Designer Crossbody Bags,https://www.gucci.com/us/en/category/bags,2,0,link
1263,1264,2024-12-30,14:47:40,Amazon.com: Online Shopping,https://www.amazon.com/,4,0,link
1264,1265,2024-12-30,14:50:06,Summer Clothing Haul 2024 - YouTube,https://www.youtube.com/watch?v=summer_haul_video,1,0,link
1265,1266,2024-12-30,14:42:45,Gucci Bags for Women | Designer Crossbody Bags,https://www.gucci.com/us/en/category/bags,2,0,link
1266,1267,2024-12-30,14:38:10,Prada Designer Clothing & Accessories - Farfetch,https://www.farfetch.com/shopping/women/designers/prada,4,0,link
1267,1268,2024-12-30,14:40:38,Women's Sale | ASOS,https://www.asos.com/us/sale/women/cat/?cid=7032,1,0,link
1268,1269,2024-12-30,14:39:10,The Weather Channel - Weather.com,https://www.weather.com/,2,0,generated
1269,1270,2024-12-30,14:32:07,Gucci Bags for Women | Designer Crossbody Bags,https://www.gucci.com/us/en/category/bags,1,0,link
1270,1271,2024-12-30,14:35:19,CNN Breaking News and Video,https://www.cnn.com/,1,0,link
1271,1272,2024-12-30,14:33:20,How to Style Wide Leg Pants,https://www.google.com/search?q=how+to+style+wide+leg+pants,3,0,link
1272,1273,2024-12-30,14:33:47,Gmail: Inbox,https://mail.google.com/mail/u/0/#inbox,5,0,link
1273,1274,2024-12-30,14:28:05,Wedding Guest Dresses | Lulus,https://www.lulus.com/clothing/wedding-guest-dresses,5,0,typed
1274,1275,2024-12-30,14:26:39,Fall 2025 Ready-to-Wear Fashion Week Trends - Vogue,https://www.vogue.com/fashion-shows/fall-2025/trends,1,0,link
1275,1276,2024-12-30,14:21:42,CNN Breaking News and Video,https://www.cnn.com/,2,0,link
1276,1277,2024-12-30,14:26:56,Gmail: Inbox,https://mail.google.com/mail/u/0/#inbox,4,0,link
1277,1278,2024-12-30,14:16:28,Gmail: Inbox,https://mail.google.com/mail/u/0/#inbox,4,0,typed
1278,1279,2024-12-30,14:15:05,Women's Sale | ASOS,https://www.asos.com/us/sale/women/cat/?cid=7032,3,0,link
1279,1280,2024-12-30,14:17:35,The Best Watches for Men Right Now | GQ,https://www.gq.com/story/best-watches-for-men,4,0,link
1280,1281,2024-12-30,14:11:38,The Best Watches for Men Right Now | GQ,https://www.gq.com/story/best-watches-for-men,1,0,generated
1281,1282,2024-12-30,14:13:53,X (Twitter): Home,https://twitter.com/home,3,0,link
1282,1283,2024-12-30,14:13:43,Summer Clothing Haul 2024 - YouTube,https://www.youtube.com/watch?v=summer_haul_video,3,0,link
1283,1284,2024-12-30,14:05:02,Gucci Bags for Women | Designer Crossbody Bags,https://www.gucci.com/us/en/category/bags,3,0,typed
1284,1285,2024-12-30,14:02:23,How to Style Wide Leg Pants,https://www.google.com/search?q=how+to+style+wide+leg+pants,5,0,generated
1285,1286,2024-12-30,14:07:31,Summer Clothing Haul 2024 - YouTube,https://www.youtube.com/watch?v=summer_haul_video,4,0,link
1286,1287,2024-12-30,13:58:35,Women's Sale | ASOS,https://www.asos.com/us/sale/women/cat/?cid=7032,1,0,link
1287,1288,2024-12-30,14:02:38,Gmail: Inbox,https://mail.google.com/mail/u/0/#inbox,5,0,generated
1288,1289,2024-12-30,13:53:08,Gmail: Inbox,https://mail.google.com/mail/u/0/#inbox,1,0,link
1289,1290,2024-12-30,13:55:42,Summer Clothing Haul 2024 - YouTube,https://www.youtube.com/watch?v=summer_haul_video,3,0,link
1290,1291,2024-12-30,13:58:14,Minimalist Men's Outfits on Pinterest,https://www.pinterest.com/style/outfits-men/,2,0,link
1291,1292,2024-12-30,13:52:02,New In | Women's Dresses | ZARA United States,https://www.zara.com/us/en/new-in-dresses,3,0,typed
1292,1293,2024-12-30,13:53:26,Fall 2025 Ready-to-Wear Fashion Week Trends - Vogue,https://www.vogue.com/fashion-shows/fall-2025/trends,3,0,link
1293,1294,2024-12-30,13:50:30,Women's Sale | ASOS,https://www.asos.com/us/sale/women/cat/?cid=7032,4,0,generated
1294,1295,2024-12-30,13:47:51,Fall 2025 Ready-to-Wear Fashion Week Trends - Vogue,https://www.vogue.com/fashion-shows/fall-2025/trends,4,0,link
1295,1296,2024-12-30,13:39:02,Prada Designer Clothing & Accessories - Farfetch,https://www.farfetch.com/shopping/women/designers/prada,1,0,link
1296,1297,2024-12-30,13:46:22,Gucci Bags for Women | Designer Crossbody Bags,https://www.gucci.com/us/en/category/bags,4,0,link
1297,1298,2024-12-30,13:37:20,How to Style Wide Leg Pants,https://www.google.com/search?q=how+to+style+wide+leg+pants,2,0,typed
1298,1299,2024-12-30,13:35:01,Amazon.com: Online Shopping,https://www.amazon.com/,5,0,reload
1299,1300,2024-12-30,13:32:00,CNN Breaking News and Video,https://www.cnn.com/,2,0,link
1300,1301,2024-12-30,13:30:36,Minimalist Men's Outfits on Pinterest,https://www.pinterest.com/style/outfits-men/,5,0,link
1301,1302,2024-12-30,13:30:18,Summer Clothing Haul 2024 - YouTube,https://www.youtube.com/watch?v=summer_haul_video,2,0,link
1302,1303,2024-12-30,13:31:50,Minimalist Men's Outfits on Pinterest,https://www.pinterest.com/style/outfits-men/,3,0,link
1303,1304,2024-12-30,13:25:03,Minimalist Men's Outfits on Pinterest,https://www.pinterest.com/style/outfits-men/,5,0,link
1304,1305,2024-12-30,13:21:57,Gucci Bags for Women | Designer Crossbody Bags,https://www.gucci.com/us/en/category/bags,5,0,link
1305,1306,2024-12-30,13:27:01,Designer Jewelry & Fine Jewellery | NET-A-PORTER,https://www.net-a-porter.com/en-us/shop/jewelry,2,0,generated
1306,1307,2024-12-30,13:19:24,Fall 2025 Ready-to-Wear Fashion Week Trends - Vogue,https://www.vogue.com/fashion-shows/fall-2025/trends,5,0,link
1307,1308,2024-12-30,13:18:35,New In | Women's Dresses | ZARA United States,https://www.zara.com/us/en/new-in-dresses,2,0,link
1308,1309,2024-12-30,13:19:14,Amazon.com: Online Shopping,https://www.amazon.com/,1,0,link
1309,1310,2024-12-30,13:18:08,New In | Women's Dresses | ZARA United States,https://www.zara.com/us/en/new-in-dresses,3,0,typed
1310,1311,2024-12-30,13:14:12,Minimalist Men's Outfits on Pinterest,https://www.pinterest.com/style/outfits-men/,1,0,typed
1311,1312,2024-12-30,13:13:39,Gmail: Inbox,https://mail.google.com/mail/u/0/#inbox,1,0,link
1312,1313,2024-12-30,13:13:48,How to Style Wide Leg Pants,https://www.google.com/search?q=how+to+style+wide+leg+pants,4,0,link
1313,1314,2024-12-30,13:05:26,Wedding Guest Dresses | Lulus,https://www.lulus.com/clothing/wedding-guest-dresses,5,0,link
1314,1315,2024-12-30,13:04:49,CNN Breaking News and Video,https://www.cnn.com/,1,0,link
1315,1316,2024-12-30,13:07:44,Designer Jewelry & Fine Jewellery | NET-A-PORTER,https://www.net-a-porter.com/en-us/shop/jewelry,2,0,link
1316,1317,2024-12-30,13:04:35,Gucci Bags for Women | Designer Crossbody Bags,https://www.gucci.com/us/en/category/bags,2,0,link
1317,1318,2024-12-30,12:57:53,Wedding Guest Dresses | Lulus,https://www.lulus.com/clothing/wedding-guest-dresses,3,0,link
1318,1319,2024-12-30,13:02:09,Gucci Bags for Women | Designer Crossbody Bags,https://www.gucci.com/us/en/category/bags,4,0,typed
1319,1320,2024-12-30,12:54:55,How to Style Wide Leg Pants,https://www.google.com/search?q=how+to+style+wide+leg+pants,2,0,link
1320,1321,2024-12-30,12:52:51,How to Style Wide Leg Pants,https://www.google.com/search?q=how+to+style+wide+leg+pants,5,0,link
1321,1322,2024-12-30,12:49:28,Gucci Bags for Women | Designer Crossbody Bags,https://www.gucci.com/us/en/category/bags,4,0,reload
1322,1323,2024-12-30,12:52:47,The Weather Channel - Weather.com,https://www.weather.com/,2,0,typed
1323,1324,2024-12-30,12:47:43,X (Twitter): Home,https://twitter.com/home,2,0,link
1324,1325,2024-12-30,12:42:43,New In | Women's Dresses | ZARA United States,https://www.zara.com/us/en/new-in-dresses,3,0,link
1325,1326,2024-12-30,12:48:44,Designer Jewelry & Fine Jewellery | NET-A-PORTER,https://www.net-a-porter.com/en-us/shop/jewelry,1,0,link
1326,1327,2024-12-30,12:40:41,The Weather Channel - Weather.com,https://www.weather.com/,2,0,link
1327,1328,2024-12-30,12:43:06,Designer Jewelry & Fine Jewellery | NET-A-PORTER,https://www.net-a-porter.com/en-us/shop/jewelry,4,0,link
1328,1329,2024-12-30,12:33:48,Prada Designer Clothing & Accessories - Farfetch,https://www.farfetch.com/shopping/women/designers/prada,3,0,typed
1329,1330,2024-12-30,12:39:26,CNN Breaking News and Video,https://www.cnn.com/,1,0,typed
1330,1331,2024-12-30,12:34:23,New In | Women's Dresses | ZARA United States,https://www.zara.com/us/en/new-in-dresses,3,0,link
1331,1332,2024-12-30,12:27:07,The Weather Channel - Weather.com,https://www.weather.com/,2,0,link
1332,1333,2024-12-30,12:32:35,Gucci Bags for Women | Designer Crossbody Bags,https://www.gucci.com/us/en/category/bags,4,0,link
1333,1334,2024-12-30,12:32:37,X (Twitter): Home,https://twitter.com/home,4,0,link
1334,1335,2024-12-30,12:25:10,Fall 2025 Ready-to-Wear Fashion Week Trends - Vogue,https://www.vogue.com/fashion-shows/fall-2025/trends,5,0,link
1335,1336,2024-12-30,12:26:37,Wedding Guest Dresses | Lulus,https://www.lulus.com/clothing/wedding-guest-dresses,3,0,link
1336,1337,2024-12-30,12:17:36,Prada Designer Clothing & Accessories - Farfetch,https://www.farfetch.com/shopping/women/designers/prada,2,0,generated
1337,1338,2024-12-30,12:19:08,Minimalist Men's Outfits on Pinterest,https://www.pinterest.com/style/outfits-men/,2,0,link
1338,1339,2024-12-30,12:22:45,Designer Jewelry & Fine Jewellery | NET-A-PORTER,https://www.net-a-porter.com/en-us/shop/jewelry,2,0,link
1339,1340,2024-12-30,12:15:11,The Weather Channel - Weather.com,https://www.weather.com/,4,0,typed
1340,1341,2024-12-30,12:16:26,Amazon.com: Online Shopping,https://www.amazon.com/,1,0,link
1341,1342,2024-12-30,12:13:49,Gucci Bags for Women | Designer Crossbody Bags,https://www.gucci.com/us/en/category/bags,1,0,link
1342,1343,2024-12-30,12:07:02,Women's Sale | ASOS,https://www.asos.com/us/sale/women/cat/?cid=7032,1,0,generated
1343,1344,2024-12-30,12:07:48,Wedding Guest Dresses | Lulus,https://www.lulus.com/clothing/wedding-guest-dresses,2,0,link
1344,1345,2024-12-30,12:08:04,The Best Watches for Men Right Now | GQ,https://www.gq.com/story/best-watches-for-men,1,0,generated
1345,1346,2024-12-30,12:05:23,New In | Women's Dresses | ZARA United States,https://www.zara.com/us/en/new-in-dresses,5,0,link
1346,1347,2024-12-30,12:00:58,Amazon.com: Online Shopping,https://www.amazon.com/,3,0,link
1347,1348,2024-12-30,12:02:20,Gucci Bags for Women | Designer Crossbody Bags,https://www.gucci.com/us/en/category/bags,5,0,typed
1348,1349,2024-12-30,11:58:58,Women's Sale | ASOS,https://www.asos.com/us/sale/women/cat/?cid=7032,4,0,link
1349,1350,2024-12-30,11:58:52,New In | Women's Dresses | ZARA United States,https://www.zara.com/us/en/new-in-dresses,1,0,link
1350,1351,2024-12-30,11:58:10,Summer Clothing Haul 2024 - YouTube,https://www.youtube.com/watch?v=summer_haul_video,2,0,generated
1351,1352,2024-12-30,11:47:44,Summer Clothing Haul 2024 - YouTube,https://www.youtube.com/watch?v=summer_haul_video,4,0,typed
1352,1353,2024-12-30,11:52:53,Fall 2025 Ready-to-Wear Fashion Week Trends - Vogue,https://www.vogue.com/fashion-shows/fall-2025/trends,2,0,link
1353,1354,2024-12-30,11:50:46,Designer Jewelry & Fine Jewellery | NET-A-PORTER,https://www.net-a-porter.com/en-us/shop/jewelry,2,0,link
1354,1355,2024-12-30,11:48:46,Gucci Bags for Women | Designer Crossbody Bags,https://www.gucci.com/us/en/category/bags,3,0,link
1355,1356,2024-12-30,11:47:59,New In | Women's Dresses | ZARA United States,https://www.zara.com/us/en/new-in-dresses,1,0,generated
1356,1357,2024-12-30,11:41:31,Gucci Bags for Women | Designer Crossbody Bags,https://www.gucci.com/us/en/category/bags,2,0,generated
1357,1358,2024-12-30,11:44:04,Summer Clothing Haul 2024 - YouTube,https://www.youtube.com/watch?v=summer_haul_video,5,0,typed
1358,1359,2024-12-30,11:34:24,How to Style Wide Leg Pants,https://www.google.com/search?q=how+to+style+wide+leg+pants,5,0,link
1359,1360,2024-12-30,11:34:46,Gmail: Inbox,https://mail.google.com/mail/u/0/#inbox,1,0,link
1360,1361,2024-12-30,11:38:19,Designer Jewelry & Fine Jewellery | NET-A-PORTER,https://www.net-a-porter.com/en-us/shop/jewelry,4,0,link
1361,1362,2024-12-30,11:33:40,CNN Breaking News and Video,https://www.cnn.com/,4,0,link
1362,1363,2024-12-30,11:33:00,Summer Clothing Haul 2024 - YouTube,https://www.youtube.com/watch?v=summer_haul_video,2,0,link
1363,1364,2024-12-30,11:28:52,Designer Jewelry & Fine Jewellery | NET-A-PORTER,https://www.net-a-porter.com/en-us/shop/jewelry,3,0,link
1364,1365,2024-12-30,11:21:36,The Weather Channel - Weather.com,https://www.weather.com/,4,0,link
1365,1366,2024-12-30,11:25:41,Designer Jewelry & Fine Jewellery | NET-A-PORTER,https://www.net-a-porter.com/en-us/shop/jewelry,1,0,link
1366,1367,2024-12-30,11:21:46,Women's Sale | ASOS,https://www.asos.com/us/sale/women/cat/?cid=7032,3,0,link
1367,1368,2024-12-30,11:22:32,New In | Women's Dresses | ZARA United States,https://www.zara.com/us/en/new-in-dresses,3,0,typed
1368,1369,2024-12-30,11:22:55,The Best Watches for Men Right Now | GQ,https://www.gq.com/story/best-watches-for-men,3,0,generated
1369,1370,2024-12-30,11:20:24,Minimalist Men's Outfits on Pinterest,https://www.pinterest.com/style/outfits-men/,5,0,link
1370,1371,2024-12-30,11:12:57,Gmail: Inbox,https://mail.google.com/mail/u/0/#inbox,2,0,link
1371,1372,2024-12-30,11:13:34,Gucci Bags for Women | Designer Crossbody Bags,https://www.gucci.com/us/en/category/bags,5,0,typed
1372,1373,2024-12-30,11:06:20,Gmail: Inbox,https://mail.google.com/mail/u/0/#inbox,1,0,typed
1373,1374,2024-12-30,11:07:06,Gmail: Inbox,https://mail.google.com/mail/u/0/#inbox,4,0,form_submit
1374,1375,2024-12-30,11:07:20,Prada Designer Clothing & Accessories - Farfetch,https://www.farfetch.com/shopping/women/designers/prada,4,0,link
1375,1376,2024-12-30,11:08:49,Wedding Guest Dresses | Lulus,https://www.lulus.com/clothing/wedding-guest-dresses,2,0,typed
1376,1377,2024-12-30,11:04:18,Amazon.com: Online Shopping,https://www.amazon.com/,1,0,link
1377,1378,2024-12-30,10:58:38,Gmail: Inbox,https://mail.google.com/mail/u/0/#inbox,4,0,link
1378,1379,2024-12-30,10:59:04,New In | Women's Dresses | ZARA United States,https://www.zara.com/us/en/new-in-dresses,5,0,generated
1379,1380,2024-12-30,10:52:32,Minimalist Men's Outfits on Pinterest,https://www.pinterest.com/style/outfits-men/,5,0,link
1380,1381,2024-12-30,10:57:32,How to Style Wide Leg Pants,https://www.google.com/search?q=how+to+style+wide+leg+pants,5,0,link
1381,1382,2024-12-30,10:52:02,CNN Breaking News and Video,https://www.cnn.com/,3,0,link
1382,1383,2024-12-30,10:50:50,New In | Women's Dresses | ZARA United States,https://www.zara.com/us/en/new-in-dresses,1,0,typed
1383,1384,2024-12-30,10:50:50,Gucci Bags for Women | Designer Crossbody Bags,https://www.gucci.com/us/en/category/bags,1,0,link
1384,1385,2024-12-30,10:43:30,CNN Breaking News and Video,https://www.cnn.com/,5,0,typed
1385,1386,2024-12-30,10:47:44,The Best Watches for Men Right Now | GQ,https://www.gq.com/story/best-watches-for-men,5,0,link
1386,1387,2024-12-30,10:39:26,Wedding Guest Dresses | Lulus,https://www.lulus.com/clothing/wedding-guest-dresses,3,0,link
1387,1388,2024-12-30,10:39:48,Gmail: Inbox,https://mail.google.com/mail/u/0/#inbox,3,0,link
1388,1389,2024-12-30,10:35:39,Gucci Bags for Women | Designer Crossbody Bags,https://www.gucci.com/us/en/category/bags,5,0,generated
1389,1390,2024-12-30,10:37:40,Fall 2025 Ready-to-Wear Fashion Week Trends - Vogue,https://www.vogue.com/fashion-shows/fall-2025/trends,1,0,typed
1390,1391,2024-12-30,10:31:13,Summer Clothing Haul 2024 - YouTube,https://www.youtube.com/watch?v=summer_haul_video,1,0,link
1391,1392,2024-12-30,10:35:40,Women's Sale | ASOS,https://www.asos.com/us/sale/women/cat/?cid=7032,3,0,link
1392,1393,2024-12-30,10:26:27,The Best Watches for Men Right Now | GQ,https://www.gq.com/story/best-watches-for-men,1,0,reload
1393,1394,2024-12-30,10:26:54,The Best Watches for Men Right Now | GQ,https://www.gq.com/story/best-watches-for-men,1,0,link
1394,1395,2024-12-30,10:23:09,Women's Sale | ASOS,https://www.asos.com/us/sale/women/cat/?cid=7032,4,0,link
1395,1396,2024-12-30,10:23:50,Designer Jewelry & Fine Jewellery | NET-A-PORTER,https://www.net-a-porter.com/en-us/shop/jewelry,3,0,generated
1396,1397,2024-12-30,10:24:28,Designer Jewelry & Fine Jewellery | NET-A-PORTER,https://www.net-a-porter.com/en-us/shop/jewelry,1,0,link
1397,1398,2024-12-30,10:22:42,Gmail: Inbox,https://mail.google.com/mail/u/0/#inbox,5,0,link
1398,1399,2024-12-30,10:16:17,Prada Designer Clothing & Accessories - Farfetch,https://www.farfetch.com/shopping/women/designers/prada,1,0,link
1399,1400,2024-12-30,10:18:57,Wedding Guest Dresses | Lulus,https://www.lulus.com/clothing/wedding-guest-dresses,1,0,generated
1400,1401,2024-12-30,10:14:57,Gmail: Inbox,https://mail.google.com/mail/u/0/#inbox,5,0,generated
1401,1402,2024-12-30,10:10:35,X (Twitter): Home,https://twitter.com/home,3,0,generated
1402,1403,2024-12-30,10:07:03,Prada Designer Clothing & Accessories - Farfetch,https://www.farfetch.com/shopping/women/designers/prada,4,0,link
1403,1404,2024-12-30,10:08:26,The Best Watches for Men Right Now | GQ,https://www.gq.com/story/best-watches-for-men,1,0,link
1404,1405,2024-12-30,10:09:11,New In | Women's Dresses | ZARA United States,https://www.zara.com/us/en/new-in-dresses,4,0,link
1405,1406,2024-12-30,10:08:47,Summer Clothing Haul 2024 - YouTube,https://www.youtube.com/watch?v=summer_haul_video,2,0,link
1406,1407,2024-12-30,09:58:05,Designer Jewelry & Fine Jewellery | NET-A-PORTER,https://www.net-a-porter.com/en-us/shop/jewelry,2,0,link
1407,1408,2024-12-30,10:00:20,X (Twitter): Home,https://twitter.com/home,5,0,link
1408,1409,2024-12-30,10:00:29,Minimalist Men's Outfits on Pinterest,https://www.pinterest.com/style/outfits-men/,3,0,link
1409,1410,2024-12-30,09:52:59,Amazon.com: Online Shopping,https://www.amazon.com/,4,0,link
1410,1411,2024-12-30,09:56:03,Fall 2025 Ready-to-Wear Fashion Week Trends - Vogue,https://www.vogue.com/fashion-shows/fall-2025/trends,4,0,link
1411,1412,2024-12-30,09:52:36,Gucci Bags for Women | Designer Crossbody Bags,https://www.gucci.com/us/en/category/bags,5,0,link
1412,1413,2024-12-30,09:52:33,How to Style Wide Leg Pants,https://www.google.com/search?q=how+to+style+wide+leg+pants,3,0,link
1413,1414,2024-12-30,09:45:40,How to Style Wide Leg Pants,https://www.google.com/search?q=how+to+style+wide+leg+pants,5,0,link
1414,1415,2024-12-30,09:45:57,How to Style Wide Leg Pants,https://www.google.com/search?q=how+to+style+wide+leg+pants,4,0,generated
1415,1416,2024-12-30,09:48:12,Designer Jewelry & Fine Jewellery | NET-A-PORTER,https://www.net-a-porter.com/en-us/shop/jewelry,1,0,link
1416,1417,2024-12-30,09:45:40,Women's Sale | ASOS,https://www.asos.com/us/sale/women/cat/?cid=7032,4,0,link
1417,1418,2024-12-30,09:44:10,Fall 2025 Ready-to-Wear Fashion Week Trends - Vogue,https://www.vogue.com/fashion-shows/fall-2025/trends,3,0,link
1418,1419,2024-12-30,09:35:23,Designer Jewelry & Fine Jewellery | NET-A-PORTER,https://www.net-a-porter.com/en-us/shop/jewelry,3,0,link
1419,1420,2024-12-30,09:39:46,X (Twitter): Home,https://twitter.com/home,2,0,link
1420,1421,2024-12-30,09:35:21,Summer Clothing Haul 2024 - YouTube,https://www.youtube.com/watch?v=summer_haul_video,5,0,link
1421,1422,2024-12-30,09:33:52,Gmail: Inbox,https://mail.google.com/mail/u/0/#inbox,4,0,link
1422,1423,2024-12-30,09:33:40,Women's Sale | ASOS,https://www.asos.com/us/sale/women/cat/?cid=7032,5,0,link
1423,1424,2024-12-30,09:25:44,Gmail: Inbox,https://mail.google.com/mail/u/0/#inbox,5,0,link
1424,1425,2024-12-30,09:29:10,Summer Clothing Haul 2024 - YouTube,https://www.youtube.com/watch?v=summer_haul_video,5,0,typed
1425,1426,2024-12-30,09:24:23,Prada Designer Clothing & Accessories - Farfetch,https://www.farfetch.com/shopping/women/designers/prada,3,0,link
1426,1427,2024-12-30,09:21:59,The Weather Channel - Weather.com,https://www.weather.com/,1,0,link
1427,1428,2024-12-30,09:17:05,Gucci Bags for Women | Designer Crossbody Bags,https://www.gucci.com/us/en/category/bags,5,0,link
1428,1429,2024-12-30,09:13:28,How to Style Wide Leg Pants,https://www.google.com/search?q=how+to+style+wide+leg+pants,3,0,form_submit
1429,1430,2024-12-30,09:18:42,The Weather Channel - Weather.com,https://www.weather.com/,4,0,typed
1430,1431,2024-12-30,09:12:32,Wedding Guest Dresses | Lulus,https://www.lulus.com/clothing/wedding-guest-dresses,5,0,link
1431,1432,2024-12-30,09:07:09,How to Style Wide Leg Pants,https://www.google.com/search?q=how+to+style+wide+leg+pants,2,0,link
1432,1433,2024-12-30,09:11:15,New In | Women's Dresses | ZARA United States,https://www.zara.com/us/en/new-in-dresses,5,0,reload
1433,1434,2024-12-30,09:11:08,Fall 2025 Ready-to-Wear Fashion Week Trends - Vogue,https://www.vogue.com/fashion-shows/fall-2025/trends,4,0,typed
1434,1435,2024-12-30,09:08:44,Amazon.com: Online Shopping,https://www.amazon.com/,2,0,link
1435,1436,2024-12-30,09:00:09,Designer Jewelry & Fine Jewellery | NET-A-PORTER,https://www.net-a-porter.com/en-us/shop/jewelry,1,0,generated
1436,1437,2024-12-30,08:58:09,CNN Breaking News and Video,https://www.cnn.com/,3,0,link
1437,1438,2024-12-30,08:55:02,X (Twitter): Home,https://twitter.com/home,1,0,link
1438,1439,2024-12-30,08:56:35,CNN Breaking News and Video,https://www.cnn.com/,2,0,link
1439,1440,2024-12-30,08:55:49,Gucci Bags for Women | Designer Crossbody Bags,https://www.gucci.com/us/en/category/bags,2,0,link
1440,1441,2024-12-30,08:49:01,Wedding Guest Dresses | Lulus,https://www.lulus.com/clothing/wedding-guest-dresses,3,0,link
1441,1442,2024-12-30,08:55:25,How to Style Wide Leg Pants,https://www.google.com/search?q=how+to+style+wide+leg+pants,3,0,generated
1442,1443,2024-12-30,08:46:11,Gmail: Inbox,https://mail.google.com/mail/u/0/#inbox,4,0,link
1443,1444,2024-12-30,08:50:58,The Best Watches for Men Right Now | GQ,https://www.gq.com/story/best-watches-for-men,2,0,link
1444,1445,2024-12-30,08:45:29,Gmail: Inbox,https://mail.google.com/mail/u/0/#inbox,4,0,typed
1445,1446,2024-12-30,08:44:59,Wedding Guest Dresses | Lulus,https://www.lulus.com/clothing/wedding-guest-dresses,2,0,link
1446,1447,2024-12-30,08:41:21,Prada Designer Clothing & Accessories - Farfetch,https://www.farfetch.com/shopping/women/designers/prada,2,0,link
1447,1448,2024-12-30,08:36:17,The Best Watches for Men Right Now | GQ,https://www.gq.com/story/best-watches-for-men,5,0,generated
1448,1449,2024-12-30,08:34:53,The Weather Channel - Weather.com,https://www.weather.com/,2,0,typed
1449,1450,2024-12-30,08:31:52,X (Twitter): Home,https://twitter.com/home,4,0,link
1450,1451,2024-12-30,08:30:30,Women's Sale | ASOS,https://www.asos.com/us/sale/women/cat/?cid=7032,1,0,link
1451,1452,2024-12-30,08:34:40,New In | Women's Dresses | ZARA United States,https://www.zara.com/us/en/new-in-dresses,2,0,link
1452,1453,2024-12-30,08:26:05,Prada Designer Clothing & Accessories - Farfetch,https://www.farfetch.com/shopping/women/designers/prada,2,0,generated
1453,1454,2024-12-30,08:23:31,Women's Sale | ASOS,https://www.asos.com/us/sale/women/cat/?cid=7032,5,0,generated
1454,1455,2024-12-30,08:22:46,Prada Designer Clothing & Accessories - Farfetch,https://www.farfetch.com/shopping/women/designers/prada,5,0,link
1455,1456,2024-12-30,08:24:04,CNN Breaking News and Video,https://www.cnn.com/,4,0,link
1456,1457,2024-12-30,08:17:02,Gmail: Inbox,https://mail.google.com/mail/u/0/#inbox,3,0,link
1457,1458,2024-12-30,08:17:34,New In | Women's Dresses | ZARA United States,https://www.zara.com/us/en/new-in-dresses,4,0,reload
1458,1459,2024-12-30,08:16:22,Fall 2025 Ready-to-Wear Fashion Week Trends - Vogue,https://www.vogue.com/fashion-shows/fall-2025/trends,3,0,link
1459,1460,2024-12-30,08:19:23,The Weather Channel - Weather.com,https://www.weather.com/,4,0,link
1460,1461,2024-12-30,08:18:17,Women's Sale | ASOS,https://www.asos.com/us/sale/women/cat/?cid=7032,2,0,link
1461,1462,2024-12-30,08:10:05,How to Style Wide Leg Pants,https://www.google.com/search?q=how+to+style+wide+leg+pants,1,0,link
1462,1463,2024-12-30,08:13:24,Summer Clothing Haul 2024 - YouTube,https://www.youtube.com/watch?v=summer_haul_video,4,0,generated
1463,1464,2024-12-30,08:05:17,Fall 2025 Ready-to-Wear Fashion Week Trends - Vogue,https://www.vogue.com/fashion-shows/fall-2025/trends,1,0,link
1464,1465,2024-12-30,08:08:52,The Weather Channel - Weather.com,https://www.weather.com/,4,0,link
1465,1466,2024-12-30,07:59:02,Fall 2025 Ready-to-Wear Fashion Week Trends - Vogue,https://www.vogue.com/fashion-shows/fall-2025/trends,5,0,link
1466,1467,2024-12-30,08:04:52,Prada Designer Clothing & Accessories - Farfetch,https://www.farfetch.com/shopping/women/designers/prada,5,0,link
1467,1468,2024-12-30,08:03:36,The Best Watches for Men Right Now | GQ,https://www.gq.com/story/best-watches-for-men,4,0,generated
1468,1469,2024-12-30,07:57:56,Amazon.com: Online Shopping,https://www.amazon.com/,5,0,link
1469,1470,2024-12-30,07:55:23,Women's Sale | ASOS,https://www.asos.com/us/sale/women/cat/?cid=7032,1,0,link
1470,1471,2024-12-30,07:52:56,Women's Sale | ASOS,https://www.asos.com/us/sale/women/cat/?cid=7032,1,0,link
1471,1472,2024-12-30,07:56:43,Gucci Bags for Women | Designer Crossbody Bags,https://www.gucci.com/us/en/category/bags,2,0,generated
1472,1473,2024-12-30,07:52:24,The Best Watches for Men Right Now | GQ,https://www.gq.com/story/best-watches-for-men,2,0,link
1473,1474,2024-12-30,07:48:46,X (Twitter): Home,https://twitter.com/home,1,0,form_submit
1474,1475,2024-12-30,07:44:46,Amazon.com: Online Shopping,https://www.amazon.com/,1,0,link
1475,1476,2024-12-30,07:42:05,The Weather Channel - Weather.com,https://www.weather.com/,1,0,link
1476,1477,2024-12-30,07:37:20,Summer Clothing Haul 2024 - YouTube,https://www.youtube.com/watch?v=summer_haul_video,5,0,typed
1477,1478,2024-12-30,07:37:12,Fall 2025 Ready-to-Wear Fashion Week Trends - Vogue,https://www.vogue.com/fashion-shows/fall-2025/trends,1,0,link
1478,1479,2024-12-30,07:41:48,The Best Watches for Men Right Now | GQ,https://www.gq.com/story/best-watches-for-men,3,0,generated
1479,1480,2024-12-30,07:32:34,Gucci Bags for Women | Designer Crossbody Bags,https://www.gucci.com/us/en/category/bags,4,0,link
1480,1481,2024-12-30,07:34:17,The Best Watches for Men Right Now | GQ,https://www.gq.com/story/best-watches-for-men,5,0,typed
1481,1482,2024-12-30,07:28:54,Wedding Guest Dresses | Lulus,https://www.lulus.com/clothing/wedding-guest-dresses,3,0,link
1482,1483,2024-12-30,07:31:19,The Weather Channel - Weather.com,https://www.weather.com/,3,0,generated
1483,1484,2024-12-30,07:23:34,How to Style Wide Leg Pants,https://www.google.com/search?q=how+to+style+wide+leg+pants,5,0,generated
1484,1485,2024-12-30,07:21:31,Wedding Guest Dresses | Lulus,https://www.lulus.com/clothing/wedding-guest-dresses,4,0,typed
1485,1486,2024-12-30,07:28:48,Women's Sale | ASOS,https://www.asos.com/us/sale/women/cat/?cid=7032,4,0,link
1486,1487,2024-12-30,07:20:52,Women's Sale | ASOS,https://www.asos.com/us/sale/women/cat/?cid=7032,4,0,link
1487,1488,2024-12-30,07:18:08,Minimalist Men's Outfits on Pinterest,https://www.pinterest.com/style/outfits-men/,3,0,typed
1488,1489,2024-12-30,07:19:18,Amazon.com: Online Shopping,https://www.amazon.com/,2,0,link
1489,1490,2024-12-30,07:20:50,Women's Sale | ASOS,https://www.asos.com/us/sale/women/cat/?cid=7032,5,0,link
1490,1491,2024-12-30,07:15:03,Designer Jewelry & Fine Jewellery | NET-A-PORTER,https://www.net-a-porter.com/en-us/shop/jewelry,1,0,typed
1491,1492,2024-12-30,07:09:04,Gucci Bags for Women | Designer Crossbody Bags,https://www.gucci.com/us/en/category/bags,2,0,typed
1492,1493,2024-12-30,07:13:43,The Weather Channel - Weather.com,https://www.weather.com/,3,0,link
1493,1494,2024-12-30,07:05:53,The Best Watches for Men Right Now | GQ,https://www.gq.com/story/best-watches-for-men,1,0,generated
1494,1495,2024-12-30,07:06:33,New In | Women's Dresses | ZARA United States,https://www.zara.com/us/en/new-in-dresses,5,0,link
1495,1496,2024-12-30,07:03:57,Minimalist Men's Outfits on Pinterest,https://www.pinterest.com/style/outfits-men/,2,0,link
1496,1497,2024-12-30,07:04:12,Minimalist Men's Outfits on Pinterest,https://www.pinterest.com/style/outfits-men/,4,0,typed
1497,1498,2024-12-30,06:57:12,Amazon.com: Online Shopping,https://www.amazon.com/,2,0,link
1498,1499,2024-12-30,07:01:19,New In | Women's Dresses | ZARA United States,https://www.zara.com/us/en/new-in-dresses,5,0,link
1499,1500,2024-12-30,06:57:55,Minimalist Men's Outfits on Pinterest,https://www.pinterest.com/style/outfits-men/,3,0,link
